text,label
you're a big girl now.,0
"when he spoke to them in the city, did they hear?",0
"all the gold and silver being stolen away,",0
"i want you,",0
take the rag away from your face! now ain't the time for your tears.,0
"but there's violence in the eyes, girl, so let us not be enticed",0
"and the ancient, empty street's too dead for dreaming.",0
"the day would surely have to break,",0
"i woke up on the roadside daydreaming 'bout the way things sometimes are,",0
i'm younger than that now.,0
"six months on the chain gang,",0
"mama's in a factory, she ain't got no shoes,",0
"then he destroyed a bomb factory, he--nobody was glad.",0
"is, baby, be friends with you.",0
"everybody moving - if they ain't already there,",0
"is there any truth in that, senor?",0
"exchanging all precious gifts,",0
"knock--knock--knocking on heaven's door,",0
"it's too bad for his wife and kids he's dead,",0
"someone had to reach for the rising star, i guess it was up to me.",0
i can still hear the sounds of those methodist bells -,0
i decided to have him arrested and i went looking for a cop.,0
and i'll be with you when the deal goes down.,0
is brought down from the castles by insurance men who go,0
'steada turning her back to my face?,0
"he's dressed up like a squire, bootlegged whiskey in his hand,",0
even the pawn must hold a grudge.,0
"well, she pulled off them high-heeled shoes made of spanish leather,",0
at napoleon in rags and the language that he used.,0
"so, when frankie lee needed money one day, judas quickly pulled out a roll of tens",0
"well, first he's in the background and then he's in the front,",0
"you been two-faced, you been double-dealing.",0
"blowing through the curtains in your room,",0
"for, if you insult me with one other word, i'll cut off your heads in the morning.""",0
"yes, my guard stood hard when abstract threats,",0
"may be living in another country under another name,",0
"so, if you're traveling in the north country fair,",0
"you must know about my debutante.""",0
"all clean-shaven, all coming in from the cold.",0
"mama come in and picked up a book and papa asked her what it was,",0
"the only thing i knew how to do was to keep on keeping on like a bird that flew,",0
"jesus said, ""be ready for you know not the hour which i come"",",0
tomorrow night will it be just another memory,0
"oh, oh, oh, jokerman.",0
what can i say about claudette? ain't seen her since january.,0
"feel like i'm knocking on heaven's door,",0
you don't have to be afraid.,0
up into some paradise,1
"babe, i'd lay awake all night,",0
why and what's the reason for?,0
"one more cup of coffee for the road,",0
"you say you're assuming that you're kind of a-hurting, but you know sometimes you lie.",0
"alberta, what's on your mind?",0
so i remember every face,0
"she passed the door where the greek had locked where a handwritten sign read a-""do not disturb"".",0
"just remember that death is not the end,",-1
"they'll stone you and then they'll say, ""good luck.""",0
"well, they'll stone you when you're walking on the street,",0
the man the authorities came to blame,0
"the endless road and the wailing of chimes,",0
"but then they took him to the jailhouse, where they try to turn a man into a mouse.",0
"oh, fare thee well, my own true love,",1
cannot hold you to its heat.,0
let us hope they've found mercy in their bone-filled graves.,-1
"he was her man, but he done her wrong.",-1
"oh, her darling love she found.",1
will soon shake your windows and rattle your walls,0
"the cops said, ""a poor boy like you could use a break -",0
"well, i wake up in the morning, fold my hands and pray for rain,",0
"well, she's got jet-pilot eyes from her hips on down,",0
and i never saved a dollar in the pay of diamond joe.,0
but you're never sure why you're here.,0
"listen to that duquesne whistle blowing,",0
"don't let me drift too far,",0
with the one who tries to hide what he don't know to begin with?,0
expecting all the gifts that wise men bring.,0
for playing the electric violin on desolation row.,0
puts his both hands in the pockets of chance,0
"""they've all moved a way,"" said the voice of a stranger,",0
"hanging 'round the theaters,",0
"and it's a hard, it's a hard, it's a hard, and it's a hard,",0
"oh, where are you tonight?",0
"might like to drink whiskey, might like to drink milk,",0
"all of rubin's cards were marked in advance,",0
"gal, you're on my mind.",0
"has kindly assisted me home.""",0
you got a heart of stone.,0
"it's just a ragged clown behind,",0
"one by one they followed the sun,",0
"if you go down in the flood, it's gonna be your fault.",0
"but it grieves my heart, love, to see you trying to be a part of a world that just don't exist.",1
you don't have to worry any more.,0
in the jingle-jangle morning i'll come following you.,0
"into my own parade,",0
you'll know everything i know down below and up above,0
"you follow, find yourself at war,",0
"the conductor, he's still stuck on the line.",0
they all fall there so perfectly - it all seems so well-timed.,0
"your days are numbered, so are mine.",0
"sometimes the silence can be like thunder,",0
"i'm getting weary looking in my baby's eyes,",0
orders from the d.a.,0
"now, the rain-man gave me two cures, then he said, ""jump right in.""",0
if you'll only let your hair hang low.,0
"i bargained for salvation, they gave me a lethal dose,",0
"ring them bells, st. peter, where the four winds blow,",0
and pretend that he just doesn't see?,0
"from the fool's gold mouthpiece, the hollow horn",0
and the mailbox is locked.,0
"you got something better,",0
"well, i told my baby, i said, ""baby, i know where you been,",0
"you know, it's funny how things never turn out the way you had 'em planned.",0
"but, if you gotta go, go now or else you got to stay all night.",0
at napoleon in rags and the language that he used.,0
"never did feel this way before,",0
"sugar baby, get on down the line, you ain't got no sense no how,",0
"chilly wind sharp as a razor blade,",0
and every window made of glass.,0
"well, i'll sell it to you at a reduced price.",0
"and the cops are putting the screws to him, looking for somebody to blame.",0
"don't have the inclination to look back on any mistake,",0
"well, my sense of humanity has gone down the drain,",0
they took him to the hospital and they brought him upstairs.,0
peggy day stole my poor heart away.,0
"come running down your stairs, pretty peggy-o!",0
"the holy one called jesus christ,",0
the same as my father before him.,0
"if this is love, then give me more and more and more and more.",1
"yes, and i'll go last,",0
"oh, the time will come up when the winds will stop",0
and never sat once at the head of the table,0
"is, baby, be friends with you.",0
"you say, ""what's mine?"" someone else says, ""where what is?""",0
"take a message to mary, but don't tell her what i've done,",0
"she promised this a-lad she'd stay,",0
"ah, you fake just like a woman - yes, you do!",0
"i know you haven't made your mind up yet,",0
and he just walked along alone with his guilt so well-concealed,0
"turn, turn to the rain and the wind.",0
"it's alright,",0
"snap out of it, baby. people are jealous of you.",0
"and when it all came crashing down, i became withdrawn,",0
"way down in some tularosa alley,",0
"i'm gonna spare the defeated, boys, i'm going to speak to the crowd,",0
"he stood so straight and tall in his uniform and all,",0
"thirty pieces of silver, no money down.",0
your flaming feet are burning up the street.,0
after he took from you everything he could steal?,0
"all the people we used to know, they're an illusion to me now.",0
"may you build a ladder to the stars and climb on every rung,",0
"when a war broke out at the break of dawn, it emptied out the streets,",0
"nobody can get any sleep, there's someone on everybody's toes,",0
i'm calling you to-i'm calling you to please come home.,0
"your mama, she's hiding inside the icebox,",0
in the jingle-jangle morning i'll come following you.,0
"maybe he had some problems, maybe some things that he couldn't work out,",0
"i want you,",0
"don't walk on your tip-toes,",0
"scratch your dad, do that bird,",0
"she'll say, ""you got all the time in the world, honey.""",0
"idiot wind blowing every time you move your teeth,",0
"yes, and i'll go last,",0
the national guard stands around his door.,0
"two riders were approaching, the wind began to howl.",0
yippee!,0
"you've got to serve somebody,",0
with twenty pounds of headlines stapled to his chest.,0
"where charity is supposed to cover up a multitude of sins,",0
alright!,0
"it was destiny, it was god's will.""",0
"he sits in your room, his tomb, with a fist full of tacks,",0
"she might think that i've forgotten her - don't tell her, it isn't so.",0
a man who swears he's not to blame.,0
sometimes it gets so hard to see.,0
"while all the women came and went, barefoot servants too.",0
nobody's ever taught you how to live out on the street,0
"all i remember was a moaning sound,",0
late last night you come rolling across my mind.,0
"our conversation was short and sweet,",0
"and you jump from your bed from the last chapter of dreaming,",0
"temptation's page a-flies out the door,",0
"it's just a ragged clown behind,",0
i used to be among the crowd you're in with.,0
what look good in the day at night is another thing.,0
and the poor white remains,0
"you just kinda wasted my precious time,",0
most of the time i can't even be sure,0
"house on fire, debts unpaid,",0
"she was standing there in back of my chair, said to me, ""don't i know your name?""",0
"i ain't gonna work for maggie's pa no more,",0
"ooh-ee, ride me high, tomorrow's the day that my bride's a-gonna come!",0
"well, i might look like robert ford, but i feel just like jesse james.",0
"he got an all-girl orchestra and, when he says",0
"she said, ""would you like to take a shower? i'll show you up to the door.""",0
everybody telling me she's gone to my head.,0
like a rolling stone?,0
"come all without, come all within,",0
"and the ladies treat me kindly and they furnish me with tape,",0
"in one the surface was frozen,",0
"one hand is tied to the tight-rope walker, the other is in his pants.",0
"yes, and how many times must the cannon balls fly",0
to be stuck inside of mobile with the memphis blues again?,0
when something he doesn't know about suddenly appears.,0
"well, that mockingbird's gonna sail away - we're gonna forget it.",0
"where people carried signs around saying ""ban the bums"".",0
"does it take much of a man to see his whole life go down,",0
by this time i'd'a thought that i would be sleeping,0
"shine your light, shine your light on me,",1
just thinking of a series of dreams.,0
"in a young summer's youth, i stole her away",0
"wants eleven dollar bills,",0
"""i'm sorry, sir,"" he said to me. ""i'm sorry for what she's done.""",0
you cast your spell and i went under.,0
it's a hard rain's gonna fall.,0
"i've walked two hundred miles, now look me over,",0
"'tis the song, the sigh of the weary,",0
"she sees a bartender in a pool of blood,",-1
"by the way, what happened to that poison wine?""",0
but the town has no need to be nervous.,0
and watch the parking meters.,0
"all i know is that i'm thrilled by your kiss,",0
"for the days of old when we dug up the gold, in the days of '49.",0
but you know you only used to get juiced in it.,0
"from the fireplace where now my letters to you are burning,",0
who killed davey moore?,-1
"the cabaret was empty now, a sign said ""closed for repair"",",0
"he said, ""that's alright, babe, i love you too,",1
"go melt back in the night,",0
with his serpent eyes of obsidian.,0
"left me blindly here to stand but still not sleeping,",0
now you don't seem so proud,0
maybe she'll pick him out again - how long must he wait,0
from the golden gate bridge,0
"deny, defy, or crucify you.",0
"it ain't no use in turning on your light, babe,",1
"you're a bad man, bad man, stack-a-lee.""",0
"'steada stopping when we could, we went right on",0
"she turned around to look at him as he was a-walking away,",0
"oh, the streets of rome are filled with rubble,",0
"west of the jordan, east of the rock of gibraltar,",0
"yes, you are, you're gonna have to serve somebody:",0
blinded by sleep and in need of a bed.,0
"""not me,"" says the gambling man",0
"they may call you ""doctor"" or they may call you ""chief"",",0
why'd you have to treat me so bad? did it have to be that way?,0
"by and by i'm breathing a lover's sigh,",1
"papa's in the big house, his working days are through,",0
"oh, don't you see that crow fly high?",0
god knows there's gonna be no more water but fire next time.,0
seven days,0
you shouldn't let other people get your kicks for you.,0
"now everything's a little upside down - as a matter of fact, the wheels've stopped,",0
"and when it all came crashing down, i was already south,",0
he immediately looked at me and stuck a gun into my guts.,0
"in order to deal in this game, got to make the queen disappear.",0
"is your main friend someone who's an old, known acquaintance of ours?",0
"look around you, it's just bound to make you embarrassed!",0
before he can hear people cry?,-1
"the next day was hanging day, the sky was overcast and black,",0
has anybody seen my love?,1
you say you're looking for someone,0
friends with you.,0
she showed 'em to the people from next door.,0
"oh, the rag-man draws circles up and down the block.",0
"god said, ""out on highway 61.""",0
"so, i'm walking down your highway",0
"saying, ""the sun's not yellow, it's chicken!""",0
"don't stand in the doorway, don't block up the hall",0
got to have done some evil deed.,0
"poor boy 'neath the stars that shine,",0
"and i'm just like that bird,",0
"look out, kid,",0
our father would not like the way that you act,0
"he won't do nothing to you,",0
"if i pass this way again, you can rest assured,",0
"you might say that i'm young, you might say i'm unlearned.",0
"i wish she'd tell me what it is, i'll run and hide.",0
twenty years of schooling and they put you on the day shift.,0
"there's more frost on the window glass with each new, tender kiss,",0
how many seas must a white dove sail,0
"""i'm gonna start my picking right now. just tell me where you'll be.""",0
"but you're gonna have to serve somebody,",0
"i said, 'howdy, friend, i guess it's just us two.'",0
"they are spoon-feeding casanova to get him to feel more assured,",0
six-time losers,0
"and you know that it's something special you're needing,",0
"yes, and how many times must the cannon balls fly",0
for she once was a true love of mine.,1
"like a complete unknown,",0
"i broke into the tomb, but the casket was empty,",0
"but i did it because he lied, because he took you for a ride,",0
"i got my mind made up,",0
"but, baby, please stop crying 'cause it's tearing up my mind.",-1
behind every beautiful thing there's been some kinda pain.,1
on the jugglers and the clowns when they all did tricks for you.,0
"you know there's no drug that'll do for the healing,",0
"i can feel it in the light, in the light, in the light and it's got to be true.",1
"flung down by corpse evangelists,",1
"coming down the road for a country mile or two,",0
"and admit that the waters around you have grown,",0
"honey, just allow me one more chance to ride your passenger train.",0
"if fire them we're forced to, then fire them we must,",0
"threw the bums a dime in your prime, didn't you?",0
"say hello to valerie, say hello to vivian,",0
join the army if you fail.,0
to flesh-colored christs that glow in the dark.,-1
where the trout streams flow and the air is nice,0
then the shaft was soon shut and more work was cut,0
she lit a burner on the stove and offered me a pipe.,0
"father who taketh the darkness away,",-1
and these visions of johanna that conquer my mind.,0
"""there's too much confusion, i can't get no release.",0
try imagining a place where it's always safe and warm:,0
"sara, oh, sara, wherever we travel we're never apart,",0
"i done pawned my pistol, baby, my best clothes been stoled.",0
i threw it all away.,0
when the night comes falling from the sky.,0
knock--knock--knocking on heaven's door.,0
"they knew not my name and i knew not their faces,",0
leave at your own chosen speed.,0
"i paid one thousand two hundred twenty-seven dollars and fifty-five cents,",0
"and the ancient, empty street's too dead for dreaming.",0
and the ship's wise men will remind you once again,0
"hey, mr. tambourine man, play a song for me,",0
"and may you stay forever young,",1
"i'm ready to go anywhere,",0
paths of victory we shall walk.,0
when the night comes falling from the sky.,0
"well, we crossed the panhandle and then we headed towards amarillo.",0
"he knew the deal was a-down and dirty,",0
"you say you're sorry for telling me stories you know i believe are true,",0
that johanna's not here.,0
did you ever hear that coffin sound?,0
i would wave a wand and tie back the bond that we've both gone beyond.,0
"mama, take this badge off of me.",0
"well, my nerves are exploding and my body's tense,",0
twenty years of schooling and they put you on the day shift.,0
"she was fifty-one years old and gave birth to ten children,",0
"who is he, baby, and what's he to you?",0
"she makes love like a woman - yes, she does!",1
too many people have died?,0
and be buried on the bottom of the ocean.,0
find out something only dead men know.,0
"yes, i've been up all night, baby, leaning on the windowsill.",0
"how my lone guitar played sweet for you that old-time melody,",0
we see this empty cage now corrode,0
"or have done something wrong,",-1
wherever you're a-gambling now nobody knows.,0
"silvio, silver and gold",0
"if he needs a third eye, he just grows it,",0
nobody's ever taught you how to live out on the street,0
but she'd never met anyone quite like the jack of hearts.,0
"come, you masters of war, you that build the big guns,",0
don't be angry--don't be angry with me should i cry.,-1
"'cause i'm leaving in the morning if i have to ride the blinds,",0
"""come in,"" she said, ""i'll give you shelter from the storm.""",0
"""lie there, lie there, love henry,"" she cried,",1
"the crime was murder one, guess who testified?",0
"whether he lost or whether he won, to him it was always the same,",0
and they made a killer outta him is what they did.,-1
"lay, lady, lay, lay across my big brass bed.",0
"captain arab, he started writing up some deeds.",0
and we met sergeant napper and corporal vamp,0
"ashes in the furnace, dust on the rise,",0
to love and follow his direction?,1
"the cold-blooded moon, the captain waits above the celebration,",-1
"under that apple suckling tree, oh, yeah!",0
"you may call me r.j., you may call me ray,",0
"he wanted money up front, said he was abused by dignity.",0
"you can touch and twist and turn two kinds of doorknobs,",0
"next to come in was a broken, black flea,",0
"but, when there's too much of nothing, it just makes a fellow mean.",0
"starting look on the sidewalk,",0
"things are breaking up out there, high water everywhere.",0
"although she swore my life away, deprived me of my rest,",0
"and it ain't made in no hollywood wheat germ,",0
now you don't seem so proud,0
"i'm not the one you want, babe,",0
and now you'd throw us all aside and put us on our way.,0
"go melt back into the night, babe,",0
am i ready to lay down my life for the brethren and to take up my cross?,0
"but people don't live or die, people just float,",0
but she changed the subject every time money came up.,0
"lay, lady, lay, lay across my big brass bed.",0
in the jingle-jangle morning i'll come following you.,0
one day you'll open up your eyes and you'll see where we are.,0
"sister jacqueline and carmela and mother mary all did weep,",0
i did not do it knowingly.,0
"i'm going off into the woods, i'm hunting bare.",0
"brownsville girl with your brownsville curls,",0
all along the watchtower princes kept the view,0
just remind me to show you the scars.,0
went into the laundry to wash my clothes down.,0
"hey, mr. tambourine man, play a song for me,",0
"get me outta here, my dear man!",0
in the border-towns of despair.,0
"you may be a socialite with a long string of pearls,",0
"looking into the lost, forgotten years for dignity.",0
"west of the jordan, east of the rock of gibraltar,",0
"i heard the song of a poet who died in the gutter,",0
"some pretty, little girl in cornersville",0
"you look into the fiery furnace, see the rich man without any name.",0
"for something that he never done,",0
please quit your low-down ways.,0
the bottom of the barrel is too.,0
"watch out, lester, take it, blue,",0
"mixing up the medicine,",0
"slap that drummer with a pie that smells,",0
"yesterday's just a memory,",0
"i see the turning of the page, curtain rising on a new age,",0
"and it ain't no use in turning on your light, babe,",1
did you ever hear that coffin sound?,0
"oh, i got a letter on a lonesome day,",0
"go all the way to the other side of the world, you'll find trouble there,",0
there was a little boy and there was a little girl,0
"veronica's not here, mavis just ain't right.",0
"got no place to fade, got no coat,",0
"""my complexion,"" she says, ""is much too white.""",0
"they're all drinking, thinking that they got it made,",0
"and to the black folks he was just a crazy nigger,",0
"it was all very, very painless when you ran out to receive",-1
"it rots in a cell misguided as hell,",0
"i'm a-walking through the summer nights, the jukebox playing low,",0
i ain't gonna work for maggie's brother no more.,0
"""come in,"" she said, ""i'll give you shelter from the storm.""",0
"the birdies were flying from tree to tree,",0
"the best is always yet to come - that's what they explain to me,",0
"and where have you been, my darling young one?",0
before she sleeps in the sand?,0
"when a trembling, distant voice, unclear,",0
"fortune calls, i step forth from the shadows",0
for me to return to or chase.,0
"you want watered-down love,",1
"and, if you don't like me, you can leave me alone.",0
because he can't be bribed or bought by the things that you adore.,0
"stay, lady, stay, stay with your man awhile.",0
"she had done a lot of bad things, even once tried suicide,",-1
"farewell, angelina, the sky's flooding over and i must be gone.",1
i haven't known about peace and quiet now for so long i don't even remember what it's like.,0
"yes, i'm walking down the highway",0
"it's bad out there, high water everywhere.",0
up over my head nothing but clouds of blood.,-1
"you're bound to fall."" you thought they were all kidding you.",0
"she's looking into my eyes, she's a-holding my hand,",0
"and what did you hear, my darling young one?",0
i seen a shooting star tonight and i thought of me.,0
"race or chase you, track or trace you,",0
"and it's all over now, baby blue.",0
in your busted down ford and your platform heels.,0
they tell me revenge is sweet,0
"can't find what i need,",0
"he said, ""tell me about it.""",0
i'll be your baby tonight.,0
please get out of the new one if you can't lend your hand,0
"their minds are filled with big ideas, images, and distorted facts.",0
"i see people who're supposed to know better standing around like furniture,",0
"i had a job in the great north woods working as a cook for a spell,",0
"""nothing,"" they say, ""he just like to cause war.""",0
"oh, you been with the professors, they've all liked your looks,",0
"setting my dial on the radio, i wish my mother was still alive.",0
but who did i see but the one i love?,1
before they're forever banned?,0
"well, if you don't want to see me,",0
someone i really could care for.,0
"but me, i'm still on the road, a-heading for another joint,",0
for halloween buy her a trumpet and for christmas give her a drum.,0
"you see me on the street, you always act surprised,",0
"seeing the metal brace that helped him stand,",0
"""remember that murder that you--happened in a bar?",0
reacted to his deed with a shrug of his shoulders,0
"i never could learn to hold you, love, and call you mine.",1
"she was married when we first met, soon to be divorced,",0
"poisoned in the bushes, blown out on the trail,",0
"now, the senator came down here showing everyone his gun,",0
"is used, it is plain,",0
"""there's many here among us who feel that life is but a joke.",0
"i've known it from the moment that we met,",0
"and, if my thought-dreams could be seen,",0
the empty-handed painter from your streets,-1
i just make it down to rose marie's,0
magic in a magical land.,0
jesus gonna make up-jesus gonna make up-,0
"but i musta been mad, never knew what i had,",0
"now, there's a woman on my block, she just sit there as the night grows still,",0
"she's away and westward-bound, far above the clouds she'll fly,",0
"i see the screws break loose, see the devil pounding on tin,",0
there's a marching band still playing in that vacant lot,0
tangled up in blue.,0
"but i'll know my song well before i start singing,",0
are you willing to risk it all or is your love in vain?,1
don't you understand it's not my problem?,0
even the bloodhounds of london couldn't find you today.,-1
where i can watch her waltz for free 'neath her panamanian moon.,0
you'll not see nothing like the mighty quinn!,0
"she heard the melody rise and fade, the sun was coming up,",0
"the phone's tapped anyway,",0
"once i was wading in fortune and fame,",0
"and no liquor in the land to stop your brain from bleeding,",0
"they'll stone you when you try to be so brave,",0
"but joey stepped up and he raised his hands, said, ""we're not those kind of men,",0
the empty-handed painter from your streets,-1
"well, i ride on a mail-train, baby, can't buy a thrill,",0
"to jezebel, the nun, she violently knits",0
but lately i see her ribbons and her bows have fallen from her curls.,0
"she say, ""you must be joking."" i said, ""i wish i was.""",0
"quite clear. no doubt, somehow.",0
"he must be running for office, got no time to lose.",0
"step it up and go, yeah, man!",0
but i know god is my shield and he won't lead me astray.,0
"you angel, you, you're as fine as anything's fine,",1
"he bought the american dream, but it put him in debt,",0
some beautiful day i'll meet 'em in heaven,1
"well, it may be the devil or it may be the lord,",0
they'll stone you when you're walking to the door.,0
"if you go when the snowflakes storm,",0
leave all the children home -,0
"summer's almost gone, winter's coming on,",0
"and i hope that you die and your death will come soon,",-1
to those condemned to act accordingly,0
"the answer, my friend, is blowing in the wind,",0
"well, the unions are big business, friend,",0
she's insane!,0
i peeked behind the picture frame,0
"resent him to the bone,",0
"take a message to mary, but don't tell her where i am,",0
what's happening in there? what's going on in your show?,0
who killed davey moore?,-1
what made them want to come and blow you away?,0
"hey, mr. tambourine man, play a song for me,",0
"stay, lady, stay, stay with your man awhile.",0
"this wheel's on fire, it's rolling down the road,",0
"where boxing ain't allowed no more,",0
it's a shame the way she makes me scrub the floor.,0
"turn your back, wash your hands,",0
"you're an idiot, babe, it's a wonder that you still know how to breathe.",0
"the ringleaders from the county seat say you don't have all that much time,",0
and many a road taken by many a first friend -,0
"and played the fife lowly,",0
that which is not permanent don't last.,0
"me and magdalena on the run,",0
i was alright till i fell in love with you.,1
"short pants, romance, learn to dance,",0
"there's beauty in that silver, singing river,",0
how does it feel?,0
"he's a bad man, gonna land him right back in jail.",0
"and i know that you're gon' be mine one of these days,",0
"and it's a hard, it's a hard, it's a hard, it's a hard,",0
"i saw a room full of men with their hammers bleeding,",0
tangled up in blue.,0
and they made a killer outta him is what they did.,-1
"and miss patty valentine just nodded her head,",0
"unlike most of the songs nowadays are being written uptown in tin pan alley - that's where most of the folk songs come from nowadays, this-this is a song-this wasn't written up there, this was written somewhere down in the united states.",0
"you say you love me and you're thinking of me, but you know you could be wrong.",1
"street band playing ""nearer my god to thee"".",0
"holding his club like he was a king,",0
i sat down and wrote the best words i could write -,0
"got nothing for you, i had nothing before,",0
yonder down here in this lonely crowd,0
then they'll stone you and then they'll come back again.,0
"and i'll never know the same about you, your holiness, or your kind of love",1
you'll not see nothing like the mighty quinn!,0
"the way, it is long, but the end is near,",0
"you may be a businessman or some high-degree thief,",0
"saying, ""the sun's not yellow, it's chicken!""",0
"i and i, one said to the other, ""no man see my face and live.""",0
wants eleven dollar bills,0
"he died on the road, he died on the road.",0
"your mind is your temple, keep it beautiful and free,",1
i can snap my fingers and require the rain,0
and don't speak too soon for the wheel's still in spin,0
"her window's wide open, african trees",0
"and she turned around to look at him as he was a-walking away,",0
"and your good gal leaves and she's long gone a-flying,",0
"""there must be some way outta here,"" said the joker to the thief,",0
has anybody seen my love?,1
he fills his glasses up to the brim and he'll pass the cards around,0
"there's a lion in the road, there's a demon escaped,",0
"yea heavy, and a bottle of bread!",0
"well, i may just swear,",0
is the saving grace that's over me.,0
they whisper in the wings,0
"and all of your children start to resent you,",0
"handy-dandy, he got a stick in his hand and a pocket full of money,",0
"therefore, i remain at my service and go through all my hardship and toil",0
you ain't worth the blood that runs in your veins.,-1
"love you more than madness, more than dreams upon the sea,",1
"give me the wings and i could fly,",0
"i march in the parade of liberty,",0
six-time users,0
"and the ancient, empty street's too dead for dreaming.",0
"heard the last moan of a boxer, seen the massacre of the innocent,",0
"the answer, my friend, is blowing in the wind,",0
you had no faith to lose and you know it.,0
"egypt and rome, even the great babylon.",0
"go to him now, he calls you, you can't refuse:",0
"heading out for the east coast - lord knows, i've paid some dues getting through,",0
the air is thick and heavy all along the levee,0
if you were just here by my side to show me how.,0
now you don't talk so loud.,0
so they took him to the infirmary,0
"now, i'm waist deep, waist deep in the mist,",0
"don't try no doz,",0
"she wakes him up forty-eight hours later, the sun is breaking",0
"we came to the pyramids all embedded in ice,",0
"we wanna pin this triple murder on him - he ain't no 'gentleman jim'.""",0
"i long to see you in the morning light,",1
play that guitar now!,0
'cause i got my little lady right by my side.,0
with the drumsticks in his pants?,0
"the wind, it was howling and the snow was outrageous,",0
"freedom, just around the corner for you,",0
you have no idea what you do to me.,0
"everybody, get ready, lift up your glasses and sing,",0
"and furnish me with tape,",0
"heard your songs of freedom and man, forever stripped,",0
"nothing a-really matters much, doom alone that counts,",0
"""oh, yes, sir, my name is lee,",0
so they took him to the infirmary,0
"blueberry, apple, cherry, pumpkin, and plum - call me for dinner, honey, i'll be there.",0
"if you don't wanna be a bum,",0
"she's looking into my eyes, she's a-holding my hand,",0
"so much oppression, can't keep track of it no more,",0
"well, the doctor interrupted me just about then,",0
"i've waited years sometimes for what i've wanted,",0
and like a fool i mixed 'em and it strangled up my mind,0
who think they've got the line up for me on love.,1
nobody can throw the ball like catfish can.,0
when you go your way and i go mine.,0
may you always know the truth and see the light surrounding you.,1
"when he died, i was hoping that it wasn't contagious,",0
"here comes the story of the ""hurricane"",",0
and one deserving of affection?,0
or stay all night with thee.,0
"my soul flew to mansions on high.""",0
"i want you,",0
"oh, hard times, come again no more.",0
"when you ain't got nothing, you got nothing to lose.",0
"in a pine box for all eternity,",0
"well, i just been to the baggage car where the engineer's been tossed,",0
"i'm twenty miles outta town, cold irons bound.",0
"how he died nobody could say,",0
"that every other day buy a new pair of sunglasses,",0
how long can i listen to the lies of prejudice?,0
who are you that i should have to lie?,0
where the angels' voices whisper to the souls of previous times.,1
"none of them along the line know what any of it is worth.""",0
"well, there's too much of nothing--can cause a man to weep,",0
"you told yourself a lie, that's alright, mama, i told myself one too.",0
he just had the insight to rip off the lid before its time.,0
"my limbs are shaking,",0
"i'm watching the roads, i'm studying the dust,",0
"whose heaven is like ironside's, whose tears are like rain,",0
"oh, when all of your advisers heave their plastic",0
"he jabbed him once with his bully club,",0
"you know i want your loving. honey, why are you so hard?",0
you'll not see nothing like the mighty quinn!,0
"seems like a long time ago, long before the stars were torn down.",0
there is a place you go,0
"going home to stay, going home to stay,",0
"knock--knock--knocking on heaven's door,",0
"outside of two men on the train tracks, there nobody in sight,",0
he wants it all and he wants it his way.,0
"well, i'd sure like to know",0
"you just kinda wasted my precious time,",0
"four in the morning and they haul rubin in,",0
"and, though i don't ask for much, no material things to touch,",0
ever since we've been apart.,0
all that foreign oil controlling american soil -,0
right up until the break of day let me see you make him smile.,1
"you're bound to fall"" - you thought they were all kidding you.",0
soon the horse will take us to durango.,0
before he can hear people cry?,-1
"you never understood that it ain't no good,",0
"how does it feel,",0
"and who did you meet, my darling young one?",0
"oh, tell my baby sister not to do what i have done,",0
"lord, she took it away to italy, italy.",0
and there's no telling who that it's naming,0
should i put them by your gate,0
"""how far are you all going?"" ruby asked us with a sigh.",0
"i need a shot of love,",1
"and i'm gonna ride into omaha on a horse,",0
you say you're looking for someone,0
"hey, mr. tambourine man, play a song for me,",0
i've heard you say many times that you're better than no one and no one is better than you.,0
"they're spoon-feeding casanova, get him to feel more assured,",0
"all i really wanna do,",0
to find that the judge had never spoken.,0
she acts like we never met.,0
wrapped up with blackjack davey.,0
i've escaped death so many times i know i'm only living,-1
"was there somebody looking when you give me that kiss,",0
and your sun-decked desert and evergreen valleys,0
"and, now, i know you're dissatisfied with your position and your place.",0
"you have slayed me, you have made me.",0
up to boot hill they'd like to send you -,0
"oh, singing just for you,",0
"so i'm going, i'm just going, i'm gone.",0
touched the back of her head and he died. oh!,0
may you stay forever young.,1
"well, i wish that i could write you a melody so plain",0
"you may be a socialite with a long string of pearls,",0
"open the door, richard, i've heard it said before,",0
"your partners in crime hit me up for nickels and dimes,",0
"where nothing comes up to the top,",0
"and your magazine-husband, who one day just had to go,",0
walking to and fro beneath the moon out to where the trucks are rolling slow,0
"i step outside back to the busy street, but nobody's going anywhere.",0
"they don't believe in mercy,",0
"when the storm clouds gather 'round you and heavy rains descend,",0
"i need a shot of love,",1
"all i want for you to do is take my body home,",0
"your sons and your daughters are beyond your command,",0
"they'll stone you when you're trying to keep your seat,",0
"she said, ""even the swap meets around here are getting pretty corrupt.""",0
soon the horse will take us to durango.,0
poor man looking through painted glass for dignity.,-1
"couldn't imagine nothing else,",0
"but the bottles are done,",0
"trouble, trouble, trouble, nothing but trouble.",0
"don't wanna betray nobody, don't wanna be betrayed,",0
"""stop all this weeping, swallow your pride,",0
"and you make love just like a woman,",1
"one more weekend, one more weekend'll do.",0
tomorrow night will you be with me when the moon is bright?,0
join the army if you fail.,0
"then, onward in my journey, i come to understand",0
wherever you're a-gambling now nobody knows.,0
"a lover for your life, but nothing more,",1
"not the end, not the end,",0
"or are you weeping for your babe?""",0
"the newspapers, they all went along for the ride.",0
"and you ask why i don't live here! honey, do you have to ask?",0
you either got faith or you got unbelief and there ain't no neutral ground.,0
"she broke her leg and needed shooting,",0
"i'd be sad and blue,",0
"the newspapers, they all went along for the ride.",0
won't you meet me out in the moonlight alone?,1
how she told me that one day we would meet up again,0
the next sixty seconds could be like an eternity.,0
"into my own parade,",0
but no one sends flesh and blood to fight by his side.,-1
see the groom still waiting at the altar.,0
you'll know the love that i had for you was never my own.,1
"but i could not hold on to her very long,",0
"she said, ""you been gone."" i said, ""that's only natural.""",0
"like some mystery,",0
"well, they ventured out behind the line and took five prisoners,",0
"past the aztec ruins and the ghosts of our people,",0
finalize you or advertise you.,0
"west of the jordan, east of the rock of gibraltar,",0
"well, the death of life, then come the resurrection -",-1
the harmonicas play the skeleton keys in the rain,0
"and pretend that we never have touched,",0
"please see if her hair hangs long,",0
like criminals they have choked the breath of conscience and good cheer,0
as i waited for the sun to go sinking.,0
"when i get low, she sets me on my feet,",0
"if anything is gonna sell,",0
"ooh-ee, are we gonna fly down into the easy chair!",0
"don't tie no bows,",0
"honey, just for you to climb,",0
"yes, and how many deaths will it take till he knows",-1
"where in youth's early dawn i was happy and free,",1
"beyond here lies nothing,",0
"bird, fly high by the light of the moon,",1
"won't fall upon 'em naturally, life sometimes must get lonely.",0
"in this room the heat-pipes just cough,",0
"one day the little boy and the little girl were both baked in a pie,",0
"'tis the song, the sigh of the weary,",0
"may you grow up to be righteous, may you grow up to be true,",0
is just equality in school.,0
"broken bodies, broken bones,",0
"i'm exiled, you can't convert me,",0
may you have a strong foundation when the winds of changes shift.,0
again she comes down the thruway ready to sew me up with the thread.,0
"well, i've been to london and i've been to gay paris,",0
"my arms and legs were broken,",0
how'm i supposed to get any riding done?,0
"she takes just like a woman - yes, she does!",0
"oh, what did you see, my blue-eyed son?",0
as the last ship sails and the moon fades away from black diamond bay.,0
"ooh-ee, ride me high, tomorrow's the day my bride's gonna come!",0
"many days you have lingered all around my cabin door,",0
before they're allowed to be free?,0
just what this song is all about.,0
how many roads must a man walk down,0
"vanished from my hand,",0
how does it feel?,0
"everybody knows baby's got new clothes,",0
"but i know god has mercy on them who're slandered and humiliated,",0
i'm younger than that now.,0
"when it's over, i'd just as soon go on my way""--",0
"he saw milk coming out, but he didn't know how - ""ah, think i'll call it a cow.""",0
"someone to gather flowers constantly,",0
"pardon me--pardon me if i'm sentimental when we say goodbye,",0
"i ain't a-gonna get lost in this current,",0
"i love you more than ever, more than time and more than love,",1
i'm bound to ride that morning railroad.,0
make your money while you can before you have to stop,0
"lord, i'm walking down the line, walking down the line,",0
just louise and her lover so entwined,1
"and it's all over now, baby blue.",0
just you and me.,0
"pressing on - oh, yes, i am!",0
"honey, baby.",0
"well, she's there, she says, ""i'm right here in front of you - or haven't you looked?""",0
this is the blind horse that leads you around.,0
"lovers obey you, but they cannot sway you, they're not even sure you exist.",1
you'll shine with diamonds in your wedding gown.,0
but you're gonna serve somebody.,0
"but goodbye's a-too good a word, babe,",0
"raspberry, strawberry, lemon, and lime - what do i care?",0
"into my own parade,",0
"baby, oh, what a story i could tell!",0
"it always means so much,",0
"and neither will take it from snappy, young brats",0
blowing through another no-good town.,0
"going,",0
"he says, ""young man, is your name brown?",0
remember you said you saw the getaway car?,0
"yes, but i would not feel so all alone,",0
"i see my light come shining from the west out to the east,",1
i hate that foolish game we played and the need that was expressed,-1
"genghis khan, he could not keep all his kings supplied with sleep,",0
"next to come in was a broken-back flea, uh-huh,",0
your old road is rapidly aging.,0
"and who did you meet, my darling young one?",0
"honey, i want you.",0
"don't know how it all got started, i don't know what they're doing with their lives,",0
"and i was standing on the side of the road, rain falling on my shoes,",0
"there's a soft cotton dress on the line hanging dry,",0
i'm in trouble with the tombstone blues.,0
soon you will be dancing the fandango.,0
"you never understood that it ain't no good,",0
"""it's my work,"" he'd say, ""and i do it for pay",0
"you can't blame us at all.""",0
"not the end, not the end,",0
"who just happened to be feeling that way without warning,",0
"yes, to dance beneath the diamond sky with one hand waving free,",0
"oh, how can i explain? it's so hard to get on.",0
"it ain't me you're looking for, babe.",0
nobody feels any pain tonight as i stand inside the rain.,-1
"late last night i heard my screen door slam,",0
"well, they're living in a happy harmony,",1
"ooh, baby, ooh-ee,",0
sometimes i wonder what it's gonna take to find dignity.,0
"yeah, here's one for ya.",0
when you can't even sense has it got any insides?,0
"in the violence of a summer's dream, in the chill of a wintry light,",1
"when we meet again, introduced as friends,",0
"ooh, i can't stand it, i can't stand it,",0
ring them from the fortress for the lilies that bloom.,0
"he not a gentleman at all, he rotten to the core, he's a coward, and he steals.",0
"when the children were babies and played on the beach,",0
could never do you justice in reason or rhyme.,0
"as the light burst through a beat-up shade, where he was waking up,",1
and without further notice asks you how it feels,0
"every time i think about him now, lord, i just can't keep from crying",-1
you make me so mad i tell you to stop.,0
the next sixty seconds could be like an eternity.,0
everybody must get stoned.,0
"say that he's a loser 'cause he got no common sense,",0
don't wear sandals,0
at my window with a broken wing.,0
"take or shake or forsake you out,",0
"i want you,",0
that's a-hanging in the louvre -,0
and those whom doom and death had spared,-1
i haven't tasted peace and quiet for so long it seems like living hell.,0
"but you'd better take your diamond ring down and pawn it, babe.",0
"ooh, a little touch of your love.",1
"oh, you got to trust yourself.",0
"""come in,"" she said, ""i'll give you shelter from the storm.""",0
"you wanna ramble, yeah, to the break of dawn,",0
i was down in the sewer with some little lover,1
"yes, indeed, you're gonna have to serve somebody:",0
to this thing called the bear mountain picnic.,0
in the jingle-jangle morning i'll come following you.,0
"go to him now, he calls you, you can't refuse.",0
"and i don't care if you feel like me,",0
"like a complete unknown,",0
"look out, kid,",0
in the record-breaking heat where we were born in time.,0
tangled up in blue.,0
drifting too far from shore.,0
everybody got to move somewhere.,0
one thing for sure: there ain't no cure,0
"called home, everybody seemed to have moved away,",0
"i'm rolling slow, i'm doing all i know,",0
"oh, angelina,",1
toiling in the danger and in the morals of despair.,0
"on this curve i'm hanging, on this pathway i'm strolling,",0
"but farewell, angelina, the sky, it is trembling and i must leave fast.",1
"well, it may be the devil or it may be the lord,",0
"one of the boss's hangers-on sometimes comes to call at times you least expect,",0
i'll show them to you and you'll see them shine.,0
"underneath that tree there's just gonna be you and me,",0
"he oversees his kingdom so no stranger does intrude,",0
and crashed through the window at a hundred miles an hour,0
"follow her down past the fountain, where they lifted her veil.",0
"and may you stay forever young,",1
"if i never no more return to you, mary ann.",0
"""oh, yes, he is my friend,"" said frankie lee in fright.",0
tangled up in blue.,0
"but you're disappointed now with those who did not deliver,",0
and the first one now will later be last,0
don't you tell henry,0
take me as i am or let me go.,0
"she say, ""baby, baby, baby, baby, i lo-lo-love you"",",1
"of this i can't say very much,",0
"going to acapulco, going on the run,",0
how many seas must a white dove sail,0
"he writes, ""everything's been returned which was owed""",0
the slowest one now will later be fast,0
"but all the while i was alone, the past was close behind,",0
then the greek appears on the second floor in his bare feet with a rope around his neck,0
"may your heart always be joyful, may your song always be sung,",1
on footprints in the snow and silence down below.,0
"you're the reason i'm traveling on,",0
perhaps it's the color of the sun cut flat,0
"""it's my work,"" he'd say, ""and i do it for pay",0
it don't take too long to find out,0
"and there is no one there to dry your tears,",0
"he could be standing next to you, the person that you notice least.",0
"something is happening, but you don't know what it is, do you, mr. jones?",0
"yes, that's the story of the ""hurricane"",",0
"oh, the lines are long and the fighting is strong",0
a girl by the whirlpool,0
"they say times are hard, if you don't believe it, you can just follow your nose.",0
can't help but wonder what's happening to my companions:,0
"and admit that the waters around you have grown,",0
"and louis the king said, ""let me think for a minute, son.""",0
"she aches just like a woman,",0
"desperate men, desperate women divided,",0
"and is our purpose not the same on this earth,",0
i'm in the kitchen with the tombstone blues.,0
it's something you did,0
"to be alone with you,",0
just a one kind favor i ask of you: allow me just one more chance.,0
"and the answer that she gave to him, it so did me oppress.",0
"on this new morning, new morning,",0
i close my eyes and i wonder,0
just what he was talking about.,0
"and, when it's over, just as soon go on my way""--",0
"a saxophone someplace played, she was walking on by the arcade,",0
"and, while everybody knelt to pray, the drifter did escape.",0
"he saw an animal up on a hill chewing up so much grass until he was filled,",0
"don't put my faith in nobody, not even a scientist,",0
and then unto eternity.,0
"i see my light come shining from the west out to the east,",1
you never know what you got till it's gone?,0
how come you send someone out to have me barred?,0
as you stare into the vacuum of his eyes,0
as you stare into the vacuum of his eyes,0
"won't let go and i can't let go,",0
"oh, a false clock tries to tick out my time,",0
"take care of yourself, get plenty rest.",0
"looking for a new fool,",0
and the only sound that's left after the ambulances go,0
she spends her time peeking into desolation row.,0
"politician's got on his jogging shoes,",0
we've done nothing to each other time will not erase.,0
trying to get to heaven before they close the door.,0
and wrap it up in a sailor's knot and hide it in your case,0
i can't even remember what it was i came here to get away from.,0
"and what'll you do now, my blue-eyed son?",0
two eyes took the aim,0
"got my mind made up,",0
you're gonna make me lonesome when you go.,0
"so i'll just say, ""fare thee well.""",0
that too many people have died?,0
i can't use it anymore.,0
if you just let me follow you down.,0
"and the executioner's face is always well-hidden,",0
going back where we come from.,0
"got nothing for you, i had nothing before,",0
"whatever colors you have in your mind,",-1
"but louise, she's alright, she's just near,",0
i ain't gonna work for maggie's ma no more.,0
"that carry 'round a fire-hose,",0
"i lived with them on montague street, in a basement down the stairs,",0
"oh, winds, which rush my tale to thee, so it may flow and be,",0
and you're so kind and careful not to go to her too soon,0
"and the night blows rainy,",0
"besides, if she wakes up now, she'll just want me to talk.",0
"heart of mine, go back home,",0
"honey, baby.",0
he really wasn't where it's at,0
"in a world of steel-eyed death and men who are fighting to be born,",-1
best notify my next of kin this wheel shall explode!,0
thank y'all.,0
"knock--knock--knocking on heaven's door,",0
preacherman seeks the same -- who'll get there first is uncertain.,0
"you're invisible now, you got no secrets to conceal.",0
"looking at you and i'm on my bended knee,",0
"look away, we're bound away across the wide missouri.",0
and there's no telling who that it's naming,0
but our time has come and i'm seeing the real you at last.,0
"you promised to love me, but what do i know?",1
"you say you're shaking and you're always a-breaking, but you know how hard you try,",0
"there was music in the cafes at night and revolution in the air,",0
"went back to my backyard,",0
no midnight ramblers like they did before.,0
"resent him to the bone,",0
threw him down in the hole and i put back the cover.,0
"no, no, no, it ain't me, babe",0
"i said, ""could you help me out? i got some friends down the way.""",0
"all except for cain and abel and the hunchback of notre dame,",0
"screaming, she moans, ""i've just been made!""",0
"white lilies never grow on stalks of clover,",1
"take what you have gathered from coincidence,",0
"oh, how does it feel",0
"like a complete unknown,",0
"idiot wind blowing every time you move your jaw,",0
"god knows there's a river,",0
soon the horse will take us to durango.,0
and into the path you are hurled,0
"she tried to dance, but she didn't know how, uh-huh.",0
"no llores, mi querida, dios nos vigila,",0
"i should have left this town this morning,",0
"lord, i'm broke, i'm hungry, ragged and dirty too,",0
"you angel, you, you got me under your wing,",1
"as she worked on my face till breaking my eyes, then said, ""what else you got left?""",0
i don't care what in the world you do.,0
where these visions of johanna have now taken my place.,0
"to be on your own,",0
"you say i let you down, you know it's not like that.",0
"well, i'm pressing on to the higher calling of my lord.",0
you said you'd never compromise,0
"i need a shot of love,",1
we have no desire strange places to see although that your offers are charming.,0
"change my way of thinking, bring myself a different set of rules,",0
when he's standing in front of you?,0
"she laid out the tablecloth, uh-huh.",0
"any day now, any day now, i shall be released.",0
gypsy queens will play your grand finale,0
"and something is happening here, but you don't know what it is, do you, mr. jones?",0
after losing every battle.,0
"and all that you've held sacred falls down and does not mend,",0
"they'll stone you just like they said they would,",0
"might like to drink whiskey, might like to drink milk,",0
the cause was there before we came,0
means another poor boy is underground.,0
"where nothing comes up to the top,",0
"she looked at him, he felt a spark tingle to her bones,",0
"whole lotta people seeing double tonight from the disease of conceit,",0
to protect you and defend you,0
"about an old man, he never done wrong.",-1
"come, let us fly, my magdalena,",0
"cries out, ""my god, they've killed 'em all!""",-1
"i wouldn't know her if i saw her, she's that far behind,",0
"but your heart is like an ocean, mysterious and dark.",-1
listen to the fiddler play when he's playing till the break of day -,0
"running out the clock, time standing still.",0
"frog went a-courting and a-he did ride, uh-huh,",0
"honey, because the world's gone wrong.",-1
"she brought the water jug, uh-huh.",0
"wiggle, wiggle, wiggle like a pail of milk,",0
"someone to close his heart,",0
"and i feel like i'm knocking on heaven's door,",0
"and, if anybody asks me,",0
"mama, i can hear that thunder roar,",0
"i'll be on my way,",0
"i wouldn't pay it any mind,",0
and don't speak too soon for the wheel's still in spin,0
"her profession is her religion, her sin is her lifelessness.",0
can you get back in?,0
"you don't want a love that's pure,",1
"ain't no shortcuts, gonna dress in drag,",0
you have many contacts all among the lumberjacks,0
"""that way down highway 61.""",0
"but i swear i love you, yes, i do.",1
"may be noisemaker, spirit-maker,",0
"saying, ""hey, i've been having the same old dreams.",0
"i'd forever talk to you, but soon my words, they would turn into a meaningless ring",0
"you that build the death planes, you that build all the bombs,",-1
"i'd taken the cure and had just gotten through,",0
tomorrow night will you remember what you said tonight?,0
"snuck around the house with a huff and a hiss,",0
"wants eleven dollar bills,",0
"when i was down, you just stood there grinning.",0
adjust to what? a dream that bust?,0
"the cat's in the well and the barn is full of the bull,",0
two men in front of me were coming to blows.,0
in my cadillac.,0
"yes, i went down to the beanery at half past twelve,",0
"i once loved a girl. her skin, it was bronze.",1
she said that all the railroad men just drink up your blood like wine.,-1
"here comes the story of the ""hurricane"",",0
"my friends and my loved ones i'll leave, there's no doubt,",1
why and what's the reason for?,0
"time passes slowly up here in the mountains,",0
"and the locusts sang with that high, whining trill,",0
"at pettiness, which plays so rough,",0
to sharpen the senses,0
"tolling for the outcast, burning constantly at stake,",0
"same old rat race, life in the same old cage.",0
"you say you're assuming that you're kind of a-hurting, but you know sometimes you lie.",0
who's gonna let it roll?,0
"the priest wore black on the seventh day and waltzed around while the building burned,",0
"if not for you,",0
"yonder stands your orphan with his gun,",0
"get jailed, jump bail,",0
even before you came in the door.,0
maybe she'll pick him out again - how long must he wait,0
"look away, you rolling river,",0
"ooh-ee, ride me high, tomorrow's the day that my bride's a-gonna come!",0
"crash on the levee, mama, water's gonna overflow,",0
that number eleven was closing.,0
but the second mother was with the seventh son,0
"it's alright, ma, i can make it.",0
"he won a fortune from a man who folded in his chair,",0
who just cleaned up all the food from the table,0
"well, the ragman draws circles",0
"oh, trust yourself",0
"as his youth now unfolds,",0
"i've been double-crossed now for the very last time and i think i finally see,",0
that we could sit simply in that room again.,0
"gonna stand at the window, gonna ask the maid, ""have you seen dignity?""",0
"to be without a home,",0
when your mother sends back all your invitations,0
"we got you for the motel job and you talking to your friend, bello,",0
sidesaddle on the golden calf.,0
"you hand in your ticket to go see the geek,",0
"""so, take heed, take heed of the western winds,",0
"don't wanna bury nobody, don't wanna be buried,",0
and wait for succeeding kings.,0
"jokerman, dance to the nightingale tune,",0
"seem like i been down this way before,",0
"may be the head of some big tv network,",0
"silvio, silver and gold",0
but i ain't gonna hear it said no more.,0
"oh, my name, it ain't nothing, my age, it means less,",0
foundationed deep somehow.,0
feel i'm knocking on heaven's door.,0
i feel like the whole world got me pinned up against the fence.,0
"it might be the devil, it might be the lord,",0
just thinking of a series of dreams.,0
"'cause you look and you start getting the chills,",0
"drought and starvation, packaging of the soul,",0
do you need me half as bad as you say or are you just feeling guilt?,0
"i said, ""hold it, doc, a world war passed through my brain!""",0
"had nothing to do with picnic,",0
"and he just smoked my eyelids and punched my cigarette.""",0
"well, it's sugar for sugar, it's salt for salt,",0
"'stead of going back off to sea and leaving me to meditate,",0
"unthought of, though, somehow.",0
"my head tells me it's time to make a change,",0
"oh, you gone to the finest school, alright, ms. lonely,",0
"all these people that you mention, yes, i know them, they're quite lame,",0
"hmm, tell me.",0
"don't think twice, it's alright,",0
"the guilty undertaker sighs, the lonesome organ-grinder cries,",0
him and arthur dexter bradley were just out prowling around.,0
if you just let me follow you down.,0
"oh, yes, i've done laid around, done stayed around this old town too long",0
"if i'm not too far off, i think we did this once before.",0
and your flashing diamond teeth.,0
"don't fall apart on me tonight,",0
"no, you can't blame me at all.""",0
"for the wise men and the fools,",0
when i--he built a fire on main street and shot it full of holes.,0
"the trial was a pig-circus, he never had a chance:",0
"i heard the roar of a wave that could drown the whole world,",0
"who's never weak but always strong,",0
don't follow leaders,0
"but don't think twice, it's alright.",0
"shut the light, shut the shade.",1
my heart is telling me i love you still.,1
"i could be dreaming, but i keep believing you're the one i'm living for",0
all non-believers and men-stealers talking in the name of religion -,0
lost time is not found again.,0
"we learn to live and then we forgive,",0
"you're gonna need - you're gonna need my help someday, oh, wait and see.",0
"if you can't do the time, don't do the crime,",0
"so let us not talk falsely now, you know, the hour is getting late.""",0
that could ease you and cool you and cease the pain,-1
"whoever it is, i wish they'd cut it out quick, but when they will i can only guess.",0
"well, the funniest woman i ever seen",0
in the jingle-jangle morning i'll come following you.,0
"she said, ""i don't want nobody see me talking to you,""",0
"the wind, it was howling and the snow was outrageous,",0
trust yourself.,0
frog went a-courting and a-he did ride,0
"roll, willie, roll,",0
"as some warn victory, some downfall,",0
"when i'm out in the wind, babe, when i'm out in the wind?",0
won't let go and i can't let go no more.,0
tuba players now rehearse around the flagpole,0
i just can't keep from crying.,-1
"never robbed any churches, nor cut off any babies' heads;",0
valentines can't buy her.,0
"they paved paradise, they put up a parking lot,",1
"and she makes love just like a woman, but she breaks just like a little girl.",1
i waited for you on the running boards near the cypress tree while the springtime turned,0
"silhouetted by the sea,",0
easy to see without looking too far not much is really sacred.,0
it's that million dollar bash.,0
"written by an italian poet from the fifteenth century,",0
leave at your own chosen speed.,0
"clouds so swift, rain won't lift, gate won't close, railings froze -",0
is a southbound whistle on a southbound train.,0
"i've been down on the bottom of a world full of lies,",0
and you're the best thing that he's ever seen.,0
"i saw a newborn baby with wild wolves all around it,",0
"i'll call you tomorrow if there's phones where i am,",0
"he got no place to 'scape to, no place to run.",0
"passed this way an hour ago with his friend, some jealous monk.",0
"well, you got something to say, speak now or hold your peace,",0
"well, by the dirt 'neath my nails i guess he knew i wouldn't lie.",0
"it don't matter, anyhow.",0
"the yankee built boats to shoot them rebels,",0
"look how sweet she sleeps, how free must be her dreams.",0
and now you're gonna have to get used to it.,0
"people see me all the time and they just can't remember how to act,",0
does anyone even try?,0
"just remember that death is not the end,",-1
"eh, singing just for you,",0
"but, when quinn the eskimo gets here, them pigeons'll go to him.",0
"santa fe, dear, dear, dear, dear santa fe,",0
"farewell to the minutes they threaten you with it,",0
i just don't think that i could handle it.,0
with the serpent eyes of obsidian.,0
"that carry 'round a fire-hose,",0
"yes, indeed, you're gonna have to serve somebody:",0
"outside of the gates the trucks were unloading,",0
"you got something better,",0
"knock--knock--knocking on heaven's door,",0
"oh, oh, oh, jokerman.",0
"just like you i'm wondering what i'm doing a-here,",0
expecting all the gifts that wise men bring.,0
they'll stone you when you're set down in your grave.,-1
blood on your saddle.,-1
"i'm going out of my mind,",0
"but jumping qs and making haste, you know, it ain't my cup of meat.",0
"it's gonna be the meanest flood that anybody's ever seen,",0
"you're an idiot, babe, it's a wonder that you still can even breathe.",0
"mama's in the factory, she ain't got no shoes,",0
"seen a shooting star tonight and i thought of me,",0
you must pick one or the other though neither of them are to be what they claim.,0
no contract he signed was worth what was it written on.,0
"carry the new york times,",0
"anyway, it wouldn't ring true,",0
"you don't understand it, my feeling for you.",0
the silver saxophones say i should refuse you.,0
must be the mother of our lord.,0
what make me love my woman she can really do the georgia crawl.,1
can't you hear that duquesne whistle blowing?,0
"is, baby, be friends with you.",0
"yes, and i just got to thank you once again",0
"but there's no one to check, it's all a stacked deck,",0
"let's hear the story of the ""hurricane"",",0
"hey, farmer, farmer, put away that ddt,",0
"our conversation was short and sweet,",0
"he crosses himself and he clicks his high heels,",0
and the sands will roll out a carpet of gold,0
is that the heat of the beat of your pulse that i feel?,0
"somebody said from the bible he'd quote,",0
"he's on some other shore, he didn't wanna live anymore.",0
"they run to the water their buckets to fill,",0
'cause i don't be like they'd like me to,0
my belt buckle's from the amazon.,0
"oh, to face the cannonball.""",0
who walks up to you when he hears you speak,0
"lay, lady, lay, lay across my big brass bed.",0
but i made up my mind that i had to go on.,0
as i am one too many mornings and a thousand miles behind.,0
"well, there ain't nothing here now to hold them.",0
"in the violence of a summer's dream, in the chill of a wintry light,",1
because everybody must get stoned.,0
"the night blows cold and rainy,",0
"and your streetcar visions, which you place on the grass,",0
"my heart is aching for mary, lord knows i miss her so -",0
"and, when it's over, just as soon go on my way""--",0
"ooh-ee, ride me high, tomorrow's the day that my bride's a-gonna come!",0
"i feel i'm knocking on heaven's door,",0
"as the island slowly sank, the loser finally broke the bank in the gambling room.",0
"with rich, wealthy parents who provide and protect him",0
"so now i'm going back on again, i got to get to them somehow,",0
"but i'll know my song well before i start singing,",0
be in the palm of some fool's hand?,0
"""oh, i'm as good as dead!"" cried reilly.",0
"are being stolen by bandits, i must follow the sound.",0
when you know as well as me you'd rather see me paralyzed --,0
i think of her often and hope whoever she's met,0
"with his businesslike anger and his bloodhounds that kneel,",-1
by and by on you i'm casting my eye.,0
don't wear sandals,0
"my eyes were closed, i was half asleep.",0
"""is it easy to forget?""",0
the night is so long and the table is oh so full.,0
"honey, i want you.",0
"now, don't be modest, you know who you are and where you been.",0
i can't stay in here - ain't it clear,0
"when he spoke to them in the city, did they hear?",0
"oh, that i can't provide for you no easy answer.",0
"""stack-a-lee, oh, stack-a-lee, please don't take my life.",0
"she never stumbles, she's got no place to fall,",0
look a-the other way.,0
"looks like tomorrow is a-coming on fast,",0
take it on down to give me grow.,0
"spreading their wings 'neath the falling leaves,",0
like you never done before.,0
"and it's a hard, it's a hard, it's a hard, it's a hard,",0
everybody must get stoned.,0
"by the old wooden stove where our hats was hung,",0
rain-man leaves in the wolf-man's disguise. oh!,0
"she used to call me ""sweet daddy"" when i was only a child.",0
"they took a clean-cut kid,",0
"oh, jokerman, you know what he wants,",0
"with all of them ladies, you know, he's the--lonely still.",0
"oh, you gone to the finest school, alright, ms. lonely,",0
the answer is blowing in the wind.,0
"broke and hungry, ragged and dirty too,",0
"everybody knows that baby's got new clothes,",0
"but don't tell me about it, i don't wanna hear it,",0
some place so high above the wall.,0
"i've been walking forty miles of bad road,",0
"i'd forever talk to you, but soon my words, they would turn into a meaningless ring",0
"the answer, my friend, is blowing in the wind,",0
"stay, lady, stay, stay while the night is still ahead.",0
"or select you or dissect you,",0
"i took too much for granted, i got my signals crossed -",0
that he needs you to test his inventions.,0
if you just let me follow you down.,0
'cause i don't think about it.,0
"all i really wanna do,",0
tomorrow night would you say those lovely things you said tonight?,1
yet i swear i see my reflection,0
"i'm gonna let you pass,",0
i dreamt the only person left after the war was me.,0
"if i fall along the way and can't see another day,",0
"ooh-ee, ride me high, tomorrow's the day that my bride's a-gonna come!",0
"but, when quinn the eskimo gets here, everybody'll jump for joy.",1
"oh, princess on the steeple and all the pretty people,",0
let me forget about today until tomorrow.,0
"she inherited a million bucks and, when she died, it came to me -",0
"i don't wanna be a fool that's starving for affection,",0
it sets my a-heart a-reeling,0
"it ain't that i'm wanting anything you never gave before,",0
"you've been avoiding the main streets for a long, long while,",0
"he said, ""are you looking for something easy to catch?""",0
"my love, she speaks softly,",1
"ring them bells, ye heathen, from the city that dreams,",0
ain't it hard when you discover that,0
"we just like to see a good, old-fashioned fight.",0
"throw my troubles out the door, i don't need them anymore",0
paths of victory we shall walk.,0
"everybody i met seemed to be a rank stranger,",0
"yeah, i went down to the river on a saturday morn,",0
"for the times, they are a-changing.",0
"i couldn't see where we were going,",0
dried the tears up from my dreams and pulled me from the hole -,0
you have to pay to get out of going through all these things twice.,0
"i had a pony, her name was lucifer,",0
"but you're gonna serve somebody,",0
can't you hear that duquesne whistle blowing?,0
what you'll say when you get home.,0
"the hanging judge a-was sober, he hadn't had a drink,",0
"i started out on burgundy, but soon hit the harder stuff,",0
"well, you know, it costs more to store the food than it do to give it!",0
you'll do as much for me.,0
i been in trouble ever since i set my suitcase down.,0
"ah, but i was so much older then,",0
and no time to think.,0
"i'm trying to get closer, but i'm still a million miles from you.",0
i ain't gonna work on maggie's farm no more.,0
"well, it may be the devil or it may be the lord,",0
"you say, ""how are you?"", ""good luck"", but you don't mean it",0
down here next to me in this lonely crowd,0
"and placed them on a footstool just above the plotted plain,",0
and there are no trials inside the gates of eden.,0
"it's rising up above my head,",0
how does it feel?,0
"you can smell the pine-wood burning, you can hear the school-bell ring,",0
"with the innocence of a lamb, she was gentle like a fawn.",0
soon the horse will take us to durango.,0
"they're lying low and they're making hay,",0
levels my head and eases my mind.,0
"from broadway to the milky way,",0
"no, you can't blame me at all.""",0
"think it mighta been that fighter that you saw running that night? don't forget that you are white.""",0
"one time ago a crazy dream came to me,",0
"the light i never knowed,",1
"the ones that wheel and deal and whirl and twirl,",0
"a bald wig for jack the ripper, who sits",0
"idiot wind blowing every time you move your teeth,",0
"stay far from the fence with the 'lectricity sting,",0
i chased me a woman up the hill,0
i just can't beg you anymore.,0
and i laugh in the face of what sorrow brings,0
"next to come in was the old, gray cat, uh-huh,",0
"""we going all the way till the wheels fall off and burn,",0
"i couldn't believe after all these years you didn't know me any better than that,",0
and we gazed upon the chimes of freedom flashing.,0
you were always so close and still within reach.,0
"it's alright,",0
fifty-two gypsies now file past the guard,0
"trusting their fate to the hands of god,",0
how does it feel?,0
after he's taken everything that he can steal?,0
"we can hear the night watchman click his flashlight, ask himself just who that--if it's them or him that's really insane.",1
"look away, we're bound away across the wide missouri.",0
"you don't understand it, my feeling for you.",0
"they say everything can be replaced,",0
"i'm drowning in the poison, got no future, got no past,",0
"oh, it's rush hour now on the wheel and the plow",0
"oh, they call me jack-a-roe.""",0
not unless you mail them from desolation row.,0
they whisper in the wings,0
"people are crazy, times are strange,",0
"but, what'd i do? i let it slip through,",0
did you respect me for what i did?,0
"and you feel the reins from your pony are slipping,",0
"maybe i'd'a saved some life that been lost,",0
"heart of mine, so malicious and so full of guile,",0
"ah, get sick, get well,",0
"if not for you, my sky would fall,",0
"though you might hear laughing, spinning, swinging madly across the sun,",0
"""i wouldn't worry 'bout it none, though. them old dreams are only in your head.""",0
"and i thought of a goddess of beauty, the blooming, bright star of bright isle.",0
"you drink bitter water on your bed, eating your bread of sorrow,",0
"he said that he only deals in cash, would sell tickets to a plane crash,",0
"a thousand miles from home,",0
you used to be so amused,0
and your eyes like smoke and your prayers like rhymes,0
and then go on home and have my fun.,0
"and your basement-clothes and your hollow face,",0
"you may be somebody's mistress, may be somebody's heir,",0
"well, frankie lee and judas priest, they were the best of friends.",0
"so glad,",0
that i left in the french quarter.,0
there's a man who swears he's not to blame.,0
"all the tired horses in the sun,",0
you used to laugh about,0
"the gravel road is bumpy, it's a hard, old road to ride,",-1
"she's got everything she needs, she's an artist, she don't look back,",0
the sea may freeze and the earth may burn,0
"to gather flowers constantly,",0
is just equality in school.,0
"from the boat i fish for bullheads, i catch a lot, sometimes too many.",0
"don't the ghost-child look good, baby, sitting on this madman's knees?",0
"if the bible is right, the world will explode,",0
"you want watered-down love,",1
"she's got everything she needs, she's an artist, she don't look back,",0
"eye for eye and tooth for tooth, your love cuts like a knife,",1
"we sat in her kitchen while her mama was cooking,",0
"till the sun peels the paint and the seat covers fade and the water moccasin dies.""",-1
drinking man listens to the voice he hears,0
"at your feet - at your feet to convince you of your pain,",-1
"put in a prison cell, but one time he could've been the champion of the world.",0
him and arthur dexter bradley were just out prowling around.,0
what made them want to come and blow you away?,0
"someone's got it in for me, they're planting stories in the press,",0
"oh, the history books tell it, they tell it so well:",0
'cause tonight i'll be staying here with you.,0
"for your times, they are a-changing.",0
of war and peace the truth just twists.,0
"when the night comes falling,",0
i have seen you standing in the smoky haze,0
between the windows of the sea where lovely mermaids flow,1
"when all will be well,",0
"you gone to the finest school, alright, ms. lonely,",0
"howard said, ""there's only one place i know.""",0
you only got ten.,0
what made them want to come and blow you away?,0
"when he died, i was hoping that it wasn't contagious,",0
but sometimes you just find yourself over the line.,0
and famines and earthquakes and train-wrecks and tearing down of the wall.,0
but ninety-nine years he just don't deserve -,0
"my hand's on the saber and you've picked up on the baton,",0
"good and bad, i define these terms",0
"get on your horse and ride away.""",0
had no idea what kind of shit was about to go down,0
"and the locusts sang off in the distance,",0
and we gazed upon the chimes of freedom flashing.,0
"when she said, ""would you like to take that shower now?""",0
"and when it finally--the bottom fell out, i became withdrawn,",0
just pick anyone,0
"don't the brakeman look good, mama, flagging down the double e?",0
"don't wanna be a bum,",0
i'm not sleepy and there is no place i'm going to.,0
"i had a woman down in alabama,",0
what it's like to be in society with a shackle on your hand.,0
and they laid him down in the jail-house ground,0
"but i'm pledging my time to you,",0
"she said, ""be easy, baby, there ain't nothing worth stealing in here.""",0
down along the cove we walk together hand in hand.,0
and the national bank at a profit sells road-maps for the soul,0
"i gazed down in the river's mirror and watched its winding strum,",0
"well, my house is on fire, burning to the sky,.",0
calling out that he's been framed.,0
just remember that death is not the end.,-1
"i want you,",0
"i and i, in creation where one's nature neither honors, nor forgives.",0
"yeah, but she breaks a-just like a little girl.",0
must be the mother of our lord.,0
"all your seasick sailors, they're all rowing home,",0
"i like the way you love me strong and slow,",1
havana-gee-,0
"my weariness amazes me, i'm branded on my feet,",0
"""are birds free from the chains of the sky-way?""",0
"someone got a hold of my heart,",0
"to a solid rock,",0
"go to him now, he calls you, you can't refuse.",0
all the friends i ever had are gone.,0
--arthur dexter bradley and bello and they both lied,0
hmm.,0
"turn, turn to the rain and the wind.",0
"he helped her out of a jam, i guess, but he used a little too much force.",0
haven't seen her since that night -,0
see the groom still waiting at the altar.,0
at the peak of the night the king and the queen,0
"whatever the pitch, they never would flinch, they never would fret or whine,",-1
talking that the heat put,0
"hey, mr. tambourine man, play a song for me,",0
"i guess i was too off the handle, not sentimental enough.",0
"is drawing crazy patterns on your sheets,",0
"call him ""drunken"" ira hayes, he won't answer anymore,",0
and the cops was called in and his weapon took from him,0
"while we seek mirth and beauty and music light and gay,",1
won't you meet me out in the moonlight alone?,1
"well, give me a minute, let me get it together,",0
"oh, princess on the steeple and all the pretty people,",0
"feeling so harmless, i'm looking at your second door.",0
"they just do what's most convenient, then they repent.",0
"pack up your money, pull up your tent, mcguinn, you ain't a-going nowhere!",0
"larry was the oldest, joey was next to last,",0
with only you in view,0
"feel like falling in love with the first woman i meet,",1
"oh, the lines are long and the fighting is strong",0
"well, i got eight carburetors and, boys, i'm using 'em all,",0
i only saw what they let me see.,0
maybe down in mexico or a picture upon somebody's shelf.,0
"though you might hear laughing, spinning, swinging madly across the sun,",0
"if you have a woman and she don't treat you kind,",0
"you can have your cake and eat it, too.",0
"i'll give it to him right away, then i hung my head in shame.",0
to try and make me change my mind and stay.,0
"in the smoke of the twilight, on a milk-white steed,",1
on the back of the fish truck that loads,0
"ring them bells, st. peter, where the four winds blow,",0
"it hurts me, too.",0
and got a shock from my feet that hit my brain.,0
let us pause in life's pleasures and count its many tears,0
"casanova is just being punished for going to desolation row!""",0
"it's just escaping on the run, and but for the sky there are no fences facing.",0
you say you're looking for someone,0
"it's just a ragged clown behind,",0
"jokerman, dance to the nightingale tune,",0
won't let go and i can't let go no more.,0
i am hanging in the balance of the reality of man,0
but the tears on her cheeks are from laughter.,0
so i turned on my conelrad.,0
"looked behind the kitchen, behind the door,",0
"if i shut myself off so i can't hear you cry,",-1
far from the twisted reach of crazy sorrow.,0
"some are building monuments, others jotting down notes,",0
"well, i don't deserve it, but i sure did make it through,",0
"when you ain't got nothing, you got nothing to lose -",0
and the smell of their roses does not remain,0
before he can see the sky?,0
"who just happened to be feeling that way without warning,",0
how could they let you go?,0
"the preacher talked 'bout christ's betrayal,",0
"i'm ready to go anywhere,",0
"when you ain't got nothing, girl, you got nothing to lose -",0
"meet me in the morning, 56th and wabasha,",0
that i myself really thought it was just a childish thing to do.,0
"mr. bojangles, mr. bojangles, dance!",0
"yes, my guard stood hard when abstract threats,",0
and now you're gonna have to get used to it.,0
"well, she talks to all the servants about man and god and law,",0
and i'll know the wind blows snowing,0
"like a complete unknown,",0
then they bring them to the factory where the heart-attack machine,0
with twenty pounds of headlines stapled to his chest.,0
"outside in the distance a wildcat did growl,",0
"i ain't looking to block you up,",0
"ten thousand women all dressed in white,",0
"i went out on lower broadway and i felt that place within,",0
"think it mighta been that fighter that you saw running that night? don't forget that you are white.""",0
"i'm all cracked up on the highway and in the water's edge,",0
"a complete unknown,",0
"hunts her down by the waterfront docks where the sailors all come in,",0
"till she finally sees that she's like all the rest with her fog, her amphetamine, and her pearls.",0
tangled up in blue.,0
"like a dog on a chain,",0
"the wagon come, they loaded him in,",0
nobody feels any pain tonight as i stand inside the rain.,-1
"it's hard times, from the country, living down in new york town.",0
"sometimes my burden is more than i can bear,",0
"what will your mother say, pretty peggy-o?",0
"with no direction home,",0
is cinderella sweeping up on desolation row.,0
"no one can protect you from it once you turn it on.""",0
i guess he had to say one last goodbye to the son that he could not save.,0
took an untrodden path once where the swift don't win the race.,0
"look out, kid,",0
"seen a shooting star tonight slip away,",0
where the sad-eyed prophets say that no man comes?,0
"roll, willie, roll,",0
"if i see and don't say, if i look right through you,",0
"he said, ""nurse, get your pad, the boy's insane!""",0
"may you always be courageous, stand upright and be strong,",0
"yet she's true like ice, like fire.",0
too much of nothing can make a man ill at ease:,0
i gave you all of what i could provide.,0
i've heard newborn babies wailing like a mourning dove,0
"feed you coconut bread, spice buns in bed,",0
"you've known it all the time, i'm learning it these days -",0
"go away from my door and my window too, right now.",0
of your useless and pointless knowledge.,0
"you know, we made a vow not to leave one another, never.",0
can't you hear that duquesne whistle blowing?,0
"the air is getting hotter,",0
"it's a price i'll have to pay,",0
"well, as we marched down, as we marched down,",0
and plenty time for good romance,0
of war and peace the truth just twists.,0
"brownsville girl, show me all around the world,",0
tangled up in blue.,0
"drifting too far from shore, yeah,",0
"well, i finally started thinking straight",0
"three fellas crawling on their way back to work,",0
said she could get killed if she told me what she knew about dignity.,-1
"from the grand coulee dam to the mardi gras,",0
"talks to servants about man and god and law,",0
why only yesterday i saw somebody on the street who just couldn't help but cry;,-1
"and your pleasure knows no limits, your voice is like a meadowlark,",0
valentines can't buy her.,0
"not the whiskey-drinking indian or the marine who went to war,",0
"so i'll just say ""fare thee well"".",0
"alberta, don't you treat me unkind,",0
"someone who will die for you and more,",0
"it always has hit me from below,",0
"tell me, mama, tell me, mama, tell me, mama, what is it?",0
"like a fool, you're not gonna hear me say,",0
john wesley harding was a friend to the poor.,0
"""i was only robbing the register, i hope you understand!",0
"you say i let you down, you know it's not like that.",0
"god said to abraham, ""kill me a son.""",-1
"i woke up on the roadside daydreaming about the way things sometimes are,",0
"and, as long as it does, i'll just sit here and watch the river flow,",0
"well, well, well,",0
"the dealer said, ""it's too late now, you can take your money, but i don't know how you'll spend it in the tomb.""",0
"joey, joey,",0
everybody got to move somewhere.,0
"tell me the truth, don't tell me no lies,",0
"singing about conspiracy, wanting me to be afraid,",0
"trouble,",0
won't let go and i can't let go no more.,0
"i'm thinking and wondering, walking down the road.",0
"we wanna pin this triple murder on him - he ain't no 'gentleman jim'.""",0
knock--knock--knocking on heaven's door.,0
never been so easy or so slow.,0
"the battle outside is raging,",0
"got out of bed and put his clothes back on, pushed back the blind,",0
"she said, ""you gonna stay?"" i said, ""if you want me to, yes!""",0
"i'm painting the town, making my last go-round.",-1
you ain't worth the blood that runs in your veins.,-1
"and every one of them words rang true and glowed like burning coal,",0
"knock--knock--knocking on heaven's door,",0
this feeling that i,0
"i'm going back out 'fore the rain starts falling,",0
"not supposed to fight back and have thick skin,",0
please quit your low-down ways.,0
"spilling my buttermilk, sweeping it up with a broom.",0
find out something only dead men know.,0
everybody says he's the brains behind ma.,0
and i was brought up by my brother.,0
"ye shall be changed,",0
"ring them bells for all of us who are left,",0
i could never figure out why you chose that particular place to meet -,0
"don't you tell henry, apple's got your fly.""",0
his closest friends were black men 'cause they seemed to understand,0
"""i thought you'd never say hello,"" she said, ""you look like the silent type.""",0
"the only son of god almighty,",0
"and point away from the past,",0
"when you gonna wake up, strengthen the things that remain?",0
"when your foot of pride come down, ain't no going back.",0
"you can stick your head in the sand,",0
"standing at my window, wishing me goodnight.",0
and you won't be disappointed when vain people let you down.,0
"and the cops are putting the screws to him, looking for somebody to blame.",0
"i've stumbled on the side of twelve misty mountains,",0
"and it's hard times, from the country, living down in new york town.",0
"well, the streets--the face of god will soon appear",0
"get the loot, don't be slow, we're gonna catch a trout!",0
"all of these awful things that i have heard,",0
"the words to say ""i'm sorry"" i haven't found yet.",0
stayed in mississippi a day too long.,0
"well, it may be the devil or it a-may be the lord,",0
"and picking up angel, who just arrived here from the coast,",1
what can i do for you?,0
"no mother or dad, not a friend could i see,",0
now i feel like a stranger in a world i'm living in.,0
"turn, turn to the rain and the wind.",0
"yes, i've been saved by the blood of the lamb - well,",-1
"here comes the blind commissioner, they've got him in a trance,",0
"you belong to someone else and i do too,",0
there's no one to write to the blue-eyed girl,0
and her silver-studded phantom cause,0
"the sun turned cold over president street and the town of a-brooklyn mourned,",0
"well, the road's washed out, weather not fit for man or beast,",0
"when your foot of pride come down, ain't no going back.",0
up into some paradise,1
"and a cannonball blew my eyes away.""",0
"she takes just like a woman - yes, she does!",0
"king of the streets, child of clay,",0
"my patron saint is a-fighting with a ghost,",0
"well, once i was rather prosperous, there was nothing i did lack.",0
love to spend the night with peggy day.,1
"yes, he is, now-yes, he is outside my yard.",0
"you may be a businessman or some high-degree thief,",0
"call him ""drunken"" ira hayes, he won't answer anymore,",0
"where her cape of the stage once had flowed,",0
i can't use it anymore.,0
i was alright till i fell in love with you.,1
"you wanna ramble to the break of dawn,",0
"and you know something's happening, but you don't know what it is, do you, mr. jones?",0
"so he drifted down to new orleans, lucky not to be destroyed,",0
they took a clean-cut kid,0
"don't wanna burn nobody, don't wanna be burned,",0
down their ditches for a thousand years the sparkling water rushed,0
of every man who put me here.,0
for them that must obey authority,0
i'm ready for to fade,0
"""that's right,"" said judas, ""eternity, though you might call it paradise.""",1
"oh, come all without, come all within,",0
"whole lotta people crying tonight from the disease of conceit,",-1
"oh, the flowers of indulgence and the weeds of yesteryear,",0
"but the song, it was long and it had to get done.",0
"but i have forsaken my king's daughter there,",0
the d.a. said he was the one who did the deed and the all-white jury agreed.,0
sure was glad to get out of there alive!,0
your brand-new leopard-skin pill-box hat.,0
"she walks across the marble floor where a voice from the gambling room is calling her to come on in,",0
"the phone's tapped anyway,",0
"you didn't trust me for a minute, babe, i've never known the spring to turn",0
"silvio, i gotta go",0
"yes, and how many times must a man look up",0
"well, i waited for you inside of the frozen traffic",0
"for something that he never done,",0
and pretend that he just doesn't see?,0
draw conclusions on the wall.,0
"love is so simple, to quote a phrase,",1
"when i'm gone, you will remember my name,",0
"i've been all around the world, boys,",0
three bodies lying there does patty see,0
"and for each and every underdog soldier in the night,",0
"if you don't wanna have to go back to jail, be a nice fellow.",0
"my warehouse eyes, my arabian drums,",0
"summer days, summer nights are gone,",0
"i stamped out forty compasses, sure don't know what they cost.",0
and i's left alone with three children.,0
wish i was back in the city instead of this old bank of sand,0
"i'm gonna stop at carmangale and keep on going,",0
"puts the pied-pipers in prison and fattens the slaves,",0
"hey, mr. tambourine man, play a song for me,",0
for the child that cries when the innocence dies.,0
up into some paradise,1
"i know every scene by heart, they all went by so fast.",0
"the morning train was moving, the humming of its wheels",0
and there's no time to think.,0
i'd gladly confess,0
"oh, sister, when i come to lie in your arms,",0
"when you ain't got nothing, you got nothing to lose.",0
"everybody, get ready to lift up your glasses and sing,",0
all i really wanna do,0
"beat or cheat or mistreat you,",0
"standing on the water, casting your bread",0
"they paved paradise, they put up a parking lot,",1
"they lowered him down as a king,",0
"from their fates try to resign,",0
i just can't do what i done before.,0
"i couldn't hear the robin sing,",0
"it wasn't me that made him fall,",0
"you have given all there is to give,",0
"you were striped, you were plain,",0
i can't stay in here - ain't it clear,0
but you're gonna have to serve somebody.,0
"look out, kid,",0
hanging down from the heavens to the ground.,0
"i've been out in front of a dozen dead oceans,",0
"and i'm back in the rain,",0
"forever young, forever young,",1
"and, you know, it blows right through me like a ball and chain.",0
but it sure - my loved ones turning into puppets -,1
"who will promise never to part,",0
"god knows it's a crime,",0
and the mountains are filled with lost sheep.,0
"agarrame, mi vida, soon the desert will be gone,",0
"i know i've seen that face somewhere, big jim was thinking to himself,",0
"it goes to the worthy, who can divide the word of truth.",0
"well, the commander-in-chief answers him while chasing a fly.",0
"the tears are all wiped from my eyes.""",0
"true love, they've been without it,",1
everybody must get stoned.,0
"well, my shoes, they come from singapore,",0
when he's standing in front of you?,0
"the boulevards of cypress trees, the masquerade of birds and bees,",0
"to push fake morals, insult, and stare,",0
went into a laundry to wash my clothes down.,0
most of the time.,0
"manipulator of crowds, you're a dream-twister.",0
but the next time i looked there was light in the room,1
"but you're gonna have to serve somebody,",0
i'm ready for to fade,0
"hey, mr. tambourine man, play a song for me,",0
uncle rat went running downtown,0
"and give him back the time he's done,",0
"and my heart stopped beating and my hands turned cold,",0
"oh, oh, oh, jokerman.",0
"we can start it all over, get it back on the track.",0
"then you ache just like a woman, but you break just like a little girl.",0
"say he's hard of hearing, say that he's a chump,",0
"stone you just like you got hit by a truck,",0
"she goes away for a minute and i slide out outta my chair,",0
'twas a-then that i knew what he had on his mind.,0
"when you gonna wake up, strengthen the things that remain?",0
i can hear your trembling heart beat like a river,0
"knock--knock--knocking on heaven's door,",0
are you ready?,0
my mind weaves a symphony,0
"they paved paradise, they put up a parking lot.",1
"they got him outnumbered 'bout a million to one,",0
"and then a whistle will be blowing,",0
seen a shooting star tonight slip away.,0
how does it feel,0
"and, when we meet again, introduced as friends,",0
"friends will arrive, friends will disappear -",0
"honeybees are buzzing, leaves begin to stir,",0
"well, you give me the blues, i wanna lay down and die.",0
"king of the streets, child of clay,",0
and ask me to open up the gate for you.,0
at a baltimore hotel society gathering,0
"""lay at your bed, sally sue brown,",0
"'cause the times, they are a-changing.",0
and you ache a-just like a woman,0
"and, when bringing her name up, he speaks of her farewell kiss to me.",0
everybody says she's the brains behind pa.,0
how many roads must a man walk down,0
"oh, sister, when i come to knock on your door,",0
"sometimes i turn, there's someone there, other times it's only me.",0
"your baby's eyes look crazy, they're tugging at your sleeve.",0
"turn, turn to the rain and the wind.",0
"and, though i can't sleep at night for trying,",0
"the desk clerk heard the woman laugh as he looked around in the aftermath and the soldier got tough,",0
and you're so kind and careful not to go to her too soon,0
that too many people have died?,0
ever since we've been apart.,0
"'cause you're drifting too far from shore, yeah,",0
"all my fathers, they've gone down,",0
"senor, senor, do you know where she's hiding?",0
"yes, and how many times can a man turn his head",0
it runs both cold and deep.,0
i'd be grateful if this golden ring you'd receive.,0
"you wanna drown love,",1
"don't walk on your tip-toes,",0
"never had to be faithful, i never wanted you to grieve.",0
"and you take just like a woman,",0
"he said, ""who's not for me is against me"", just so you know where he's coming from.",0
"your pearly eyes, so fast and slashing,",0
don't the sun look good going down over the sea?,0
"madams light the candles,",1
do you know them or will there be a fight?,0
"don't let her know,",0
"tapping [incomprehensible], tapping across your floor.",0
"oh, jokerman, you don't show any response.",0
"may be sleeping on the floor, sleeping in a king-size bed,",0
"judge says, ""poor boy, you got ninety-nine.""",0
"and he spoke through his cloak, most deep and distinguished,",0
"baby, please stop crying, stop crying, stop crying,",-1
he's got plans of his own to set up his throne when a-he returns.,0
"now, you can run down to the white house,",0
"i get up in the morning, but it's too early to wake,",0
sometimes i wonder what it's gonna take to find dignity.,0
you say you're looking for someone,0
i find it so difficult to leave.,0
"at delilah, who's sitting worthlessly alone,",0
i ain't gonna work for maggie's pa no more.,0
"someone who will die for you and more,",0
you're on the bottom.,0
"they'll stone you when you are young and able,",0
"all i really wanna do,",0
you may not see me tomorrow.,0
i'm falling in love with you.,1
i'll show them to you and you'll see them shine.,0
"silver angel, with the badge of the lonesome road written in your sleeve,",1
i threw it all away.,0
"she was working in a topless place and i stopped in for a beer,",0
i ain't your dog that's gone astray.,0
"i'm ready to go anywhere,",0
the ghost of 'lectricity howls in the bones of her face,0
"for something that he never done,",0
"my love, she's like some raven",1
sure was a good idea till greed got in the way.,0
"there was dust on the man in the long, black coat.",0
it looks like it's dying and it's hardly been born.,0
"she takes just like a woman - yes, she does!",0
"well, i cried for you, now it's your turn to cry a while.",-1
"outside in the distance a wildcat did growl,",0
"idiot wind blowing through the buttons of our coats,",0
flows outta their bodies and is buried in the mud.,0
as friends and other strangers,0
"oh, my heart is so sad 'cause i want you so bad,",0
"stabbing my picture with a bowie-knife,",0
you got a heart of stone.,0
"a lover for your life and nothing more,",1
"so, when you see your neighbor carrying something, help him with his load",0
i came in from the wilderness a creature void of form:,0
"got to hurry on back to my hotel room,",0
"so many roads, so much at stake,",0
as lady and i look out tonight from desolation row.,0
"a magnificent mantelpiece, though its heart being chipped,",0
"want you,",0
then they'll stone you and then they'll come back again.,0
"please her, please him, buy gifts,",0
we sit here stranded though we all do our best to deny it,0
"we can hear the night watchman click his flashlight, ask himself if it's him or them who should be insane.",1
manslaughter in the highest of degrees -,0
"with no direction home,",0
"near broken chains, mountain laurel, and rolling rocks,",0
"stripes on your shoulder, stripes on your back and on your hand,",0
you can see that my grave is kept clean.,-1
"with no direction home,",0
"the man in the trench-coat,",0
they're drinking up and walking,0
you'll look back sometime when the lights grow dim,1
in the pale moonlight.,1
the drinks are ready and the dogs are going to war.,0
"well, i know who i can depend on, i know who to trust,",0
"won't buy back the beat of a heart grown cold,",0
"shedding off one more layer of skin,",0
find out something only dead men know.,0
"i met prince phillip at the home of the blues,",0
"i picked up his body and i dragged him inside,",0
i ain't saying you treated me unkind.,0
hear me singing through these tears.,0
"stay, lady, stay, stay with your man awhile.",0
"but you changed my life, came along in a time of strife,",0
"it wasn't me that made him fall,",0
"ah, get sick, get well,",0
"take me down to california, baby!",0
"i said a quick prayer just to feel satisfied,",0
in the early morning rain with nowhere to go.,0
and the tide will sound and the waves will pound,0
she lit a burner on the stove and offered me a pipe.,0
"abe said, ""where you want this killing done?""",-1
"he was her man, but he done her wrong.",-1
then they'll kill him with self-confidence after poisoning him with words.,-1
"you're very well-read, it's well-known.",0
"old, young, age don't carry weight, it doesn't matter in the end.",0
all i really wanna do,0
one more cup of coffee 'fore i go to the valley below.,0
"she makes love just like a woman - yes, she does!",1
fixing everybody's troubles - everybody's 'cept mine.,0
"oh, my heart is sad 'cause i want you so bad,",0
"well, my heart stopped beating and my hands turned cold.",0
"something is burning, baby, something's in flames,",0
"can you tell me what we're waiting for, senor?",0
"watch the plain-clothes,",0
and the dirt of gossip blows into my face,0
"yes, i received your letter yesterday about the time the door-knob broke.",0
"i've been burned before and i know the score, so you won't hear me complain.",0
"summer's almost gone, winter's coming on,",0
"look out, kid,",0
at the head of the chamber of commerce.,0
"he'll say, ""oh, darling, tell me the truth, how much time i got?""",0
most of the time.,0
the dogs are barking and what's done is done.,0
"someone who likes simple things, is not afraid to bend,",0
the order is rapidly fading,0
how can you say he will haunt you?,0
"knocking on the door, i say, ""who is it? where you from?""",0
and disregards the rest.,0
"he had a-one too many lovers and none of 'em were too refined - all except for you,",1
"isis, oh, isis, you're a mystical child,",0
"tangled up in blue.""",0
"don't think twice, it's alright, babe,",0
"summer days, summer nights are gone,",0
in the fury of the moment i can see the master's hand,0
"now, at midnight all the agents and the superhuman crew",0
hoping to find one circumstance of dignity.,0
"the city fathers, they're trying to endorse",0
i'm a-going where i never been before.,0
"there's a man that hates me and he's swift, smooth, and near:",-1
"but you and i, we've been through that and this is not our fate,",0
"make you spin or do you in,",0
"couldn't even see the floor,",0
why wait any longer for the one you love,1
"if i was a master thief perhaps i'd rob them,",0
from my toes up to my ears.,0
"if you're so hurt, why then don't you show it?",0
"then, go, my lovely flora, the lily of the west.",1
"out to the windy beach,",0
and they made a killer outta him is what they did.,-1
"ms. delilah is his, a philistine is what she is,",0
"when the night comes falling,",0
"god knows it's a struggle,",0
and old minu--mister--et paid for his dream.,0
we may not make it through the night.,0
that's the way i remember her best.,0
"going home,",0
"and her pleasure knows no limits, her voice is like a meadowlark,",0
"saying, ""the witness who saw, he left little doubt"" -",0
i had something to protect.,0
"handy-dandy, handy-dandy.",0
there's a wall between you--what you want and you got to leap it:,0
"paved paradise, they put up a parking lot.",1
"ah, get sick, get well,",0
"and all your dreams have vanished and you don't know what's up the bend,",0
"""not me,"" said his manager,",0
"the highway is for gamblers, better use your sense,",0
and there's no telling who that it's naming,0
"dissolved into the bells of the lightning,",1
"and it's all over now, baby blue.",0
she made well sure her neighbors understood.,0
"now, i've had enough, my box is clean -",0
"and miss patty valentine just nodded her head,",0
i'm not sleepy and there is no place i'm going to.,0
"there's a battle outside and it's raging,",0
"come all without, come all within,",0
"my clothes are wet, tight on my skin,",0
"come over here, pony, i wanna climb up one time on you,",0
"under that apple suckling tree, oh, yeah!",0
"you know, i love her, yeah, i love her,",1
but my heart just won't give in.,0
who would deliver him from the death he's bound to die?,-1
"the businessmen from taos want you to go down,",0
"i love you, pretty baby,",1
like a rolling stone?,0
is it the way your body moves or is it the way your hair blows free?,0
"where the winds hit heavy on the borderline,",0
"and all the while he was alone, the past was close behind,",0
"something about that movie, though - but i just can't get it outta my head -",0
and that is that one must always flush out his house,0
"she's a hypnotist collector, you are a walking antique.",0
"ooh-ee, are we gonna fly down into the easy chair!",0
"yes, and how many years can a mountain exist",0
"but it ain't me, babe,",0
"may be living in another country under another name,",0
"yet there's no one to beat you, no one to defeat you 'cept the thoughts of yourself feeling bad.",0
"somebody better explain, she's got her iron chain,",0
"a self-ordained professor's tongue,",0
"now i've just got to cut loose before it gets late,",0
"you have many contacts out there among the lumberjacks,",0
"turn, turn to the rain and the wind.",0
but i swear i see my reflection,0
"and it's all over now, baby blue.",0
"it ain't me you're looking for, babe.",0
"wants eleven dollar bills,",0
"yes, you're gonna have to serve somebody:",0
when i'm alone with you.,0
"there was no jewels, no nothing! i felt i'd been had",0
"well, i don't know, but i've been told",0
"i and i, one said to the other, ""no man see my face and live.""",0
"and you want someone that you don't have to speak to,",0
she longed to see that seaport town of canadee-i-o.,0
"he went to get the hanging judge, but the hanging judge a-was drunk,",0
"people'd call, say, ""beware, doll,",0
"the madman, he jumps up on the shelf,",0
you shouldn't take it so personal.,0
nothing done and nothing said.,0
i seen a shooting star tonight slip away.,0
but i hate to leave my children crying.,-1
"shadows are falling and i've been here all day,",0
"she still lives inside of me, we've never been apart.",0
"the joint is jumping,",0
you wanna ramble to the break of dawn.,0
"true love, true love, true love tends to forget,",1
and the princess and the prince discuss,0
"run your fingers down my spine and bring me a touch of bliss,",0
then that's how--as long as you'll remain.,0
"for the days of old when we dug up the gold, in the days of '49.",0
they were all over!,0
'cause i love you more than all of that with a love that doesn't bend,1
"i said, ""no, no, no! i'm a doctor and it's true.",0
"i can handle whatever i stumble upon,",-1
are you thinking for yourself or are you following the pack?,0
"that spot that you're standing, that space that you're sitting,",0
"you say, ""what's mine?"" somebody else says, ""where what is?""",0
when my memory is not so short.,0
"rubin could take a man out with just one punch,",0
"so, i'm a-walking down that long, lonesome road, babe,",0
'stead of acting like we never have met.,0
"they'll stone you when you're trying to keep your seat,",0
who ever crawled across cut glass to make a deal.,0
"she makes love just like a woman - yes, she does!",1
"if not for you,",0
with disaster you somehow managed to escape.,0
"ah, but i was so much older then,",0
"and your whole world's a-slamming and banging,",0
a bed that is never mine,0
i'm ready for to fade,0
"and there's a slow, slow train coming up around the bend.",0
when you go your way and i go mine.,0
"in the hills of mystery,",0
she's in some foreign land.,0
"i been hanging on the threads, i been playing it straight,",0
"one more weekend, one more weekend with you,",0
"i heard the sound of a thunder that roared out a warning,",0
"well, i got a new pony, she knows how to foxtrot, lope, and pace,",0
how can you say you love someone else? you know it's me all the time.,1
"you're bound to fall."" you thought they were all kidding you.",0
like a rolling stone?,0
"no llores, mi querida, dios nos vigila,",0
"but, what's a sweetheart like you doing in a dump like this?",0
when you go your way and i go mine.,0
"i ain't no monkey, but i know what i like,",0
"""fly down, fly down, pretty parrot,"" she cried,",0
blowing like it's gon' kill me dead.,-1
"every time i crawl past your door, i been wishing i've been somebody else instead.",0
"something is happening, but you don't know what it is, do you, mr. jones?",0
all i really wanna do,0
"now, you may call me terry or you may call me timmy,",0
"i wake up every morning with that woman in my bed,",0
"it's just escaping on the run, and but for the sky there are no fences facing.",0
"don't wanna confuse nobody, don't wanna be confused,",0
"but they'll pinch themselves and squeal wnd they'll know that it's for real,",0
"and it's all over now, baby blue.",0
so i'll make my stand,0
"tonight you got the power to take it, tomorrow you won't have the power to keep it.",0
"i said, ""who's in the fireplace?"" and you tell me santa claus.",0
"she say, ""who gonna take away his license to kill?""",-1
"and your gravity fails and negativity don't pull you through,",0
"any day now, any day now, i shall be released.",0
"far away from it all,",0
but he dressed like jimmy cagney and i swear he did look great.,0
"well, that mockingbird's gonna sail away - we're gonna forget it.",0
"where she held me in her arms one time and said, ""forget me not.""",0
but she had some way of finding them out.,0
they sent him to a napalm health spa to shape up.,0
"heart of mine, be still,",0
how does it feel?,0
"in a crowded room full of covered-up mirrors,",0
"there's just as much danger in a football game,""",0
"exchanging all precious gifts and things,",0
"we want folksingers here.""",0
"brownsville girl, you're my honey, love.",1
"and it's ride, willie, ride,",0
remember me to one who lives there -,0
"but something is happening and you don't know what it is, do you, mr. jones?",0
the battle outside raging,0
everybody must get stoned.,0
got to play your harp until your lips bleed.,0
"sons becoming husbands to their mothers, old men turning young daughters into whores.",0
better stay away from those,0
"and the girl with me behind the shades, she ain't my property.",0
no one really knew for sure wherever they were at.,0
both eyes are looking like they on a rabbit hunt.,0
"let the wind blow low and the wind blow high,",0
"go away from my window,",0
"he cocked his rifle and began to shout,",0
"well, the last thing i remember before i stripped and kneeled",0
i don't know.,0
"to your tambourine in time,",0
though its glow is waxed in black -,0
"you will search, babe, at any cost,",0
"he says, ""hmm, you're right. let me tell the second mother this has been done.""",0
"i'll say goodbye to colorado,",0
"and the sun beat down upon the steps of time to light the way,",1
i shall be released.,0
"if you've never seen one, it's a blessing in disguise.""",0
"hey, mr. tambourine man, play a song for me,",0
how long must i keep my eyes glued to the door?,0
after he took from you everything he could steal?,0
"one of the men who held it high was the indian, ira hayes.",0
"driven deep beneath the waves,",0
"go away from my window,",0
"someone always gets hurt, a fire always starts.",0
"split up on a dark, sad night, both agreeing it was best.",-1
"i and i, one said to the other, ""no man sees my face and lives.""",0
she had bullets in her eyes and they fire.,0
"they call me a bummer and a gin sot, too, but what cares i for praise?",0
no more mudcake creatures lying in your arms.,0
"they'll stone you when you're riding in your seat,",0
"to be on your own,",0
"then she ran upstairs to pack her bags while a horse-drawn taxi waited at the curb,",0
"i wanna be your lover, baby, i wanna be your man,",1
"i'm a-going where the chilly winds don't blow,",0
wiggle on your hands and knees.,0
knows there's no success like failure,0
"so, i done laid around, done stayed around this old town too long,",0
"won't buy back the beat of a heart grown cold,",0
"oh, lawdy, i got 'em in the bottom of my rambling shoes!",0
"and your silver cross and your voice like chimes,",0
everybody that was hanging out.,0
"ah, you fake just like a woman - yes, you do!",0
"says to the madman, ""ain't you cute!""",0
"with no doors or windows, so no thieves can break in.",0
to ease the pain of idleness and the memory of decay.,-1
"forever young, forever young,",1
"if your memory serves you well, you'll remember you're the one",0
"and it's a hard, it's a hard, it's a hard, it's a hard,",0
"""the news of the day is on all the time,",0
wowee! pretty scary!,0
"well, the emptiness is endless, cold as the clay,",0
watch the parking meters.,0
"manipulator of crowds, you're a dream-twister.",0
"i got a woman, she's so mean,",0
now the beach is deserted except for some kelp,0
i had my white shorts rolled up past my waist,0
"the cat's in the well, the wolf is looking down,",0
"i can't be good no more once like i did before,",0
"othello told desdemona, ""i'm cold, cover me with a blanket.",0
just louise and her lover so entwined,1
i don't have no sports car and i don't even care to have one.,0
"we grew up together from the cradle to the grave,",-1
"""gonna find me a janitor to sweep me off my feet.""",0
"outside in the distance a wildcat did growl,",0
"the endless road and the wailing of chimes,",0
but she breaks a-just like a little girl.,0
crying like a fire in the sun.,-1
"there's an iron cross still hanging down from around her neck,",0
"so i get brown rice, seaweed, and a dirty hot dog.",0
"queen mary, she's my friend. yes, i believe i'll go see her again.",0
"you say, ""what's mine?"" someone else says, ""where what is?""",0
"threw the bums a dime in your prime, didn't you?",0
"ride off with blackjack davey?""",0
i ain't gonna work for maggie's brother no more.,0
some of these memories you can learn to live with and some of 'em you can't.,0
just like the time before and the time before that.,0
"may your heart always be joyful, may your song always be sung,",1
"he woke up, the room was bare, he didn't see her anywhere,",0
where these visions of johanna have now taken my place.,0
and handed out strongly for penalty and repentance,0
"and there's something on your mind that you wanna be saying,",0
bent over backwards from a hurricane breeze.,0
"i long to see you in the morning light,",1
"got white skin, got assassin's eyes,",0
"but she turned unto another man, which so distressed my mind,",0
"you always responded when i needed your help,",0
"and another man named bello, moving around mysteriously.",0
"yes, to dance beneath the diamond sky with one hand waving free,",0
"and i just turn my back while you silently die,",0
"your own empty-handed army is all going home,",0
"no one has any respect, anyway they just expect",0
"for the times, they are a-changing.",0
"man gave names to all the animals in the beginning, long time ago.",0
in the jingle-jangle morning i'll come following you.,0
"that long, black cloud is coming down,",0
give her all my salary on the waters of oblivion.,0
"""i could have married a king's daughter there,",0
"circled by the circus sands,",0
highway 51 runs right by my baby's door.,0
and never sat once at the head of the table,0
never will want for money.,0
"but don't get too close to make me change my mind,",0
"she's never, never feeled so bad i went away.",0
"with no direction home,",0
"mama's in the factory, ain't got no shoes,",0
she had a face that outshined the sun in the skies.,0
"she called with her eyes to the tune i's a-playing,",0
"i'm listening to neil young, i gotta turn up the sound,",0
so i forced my hands in my pockets and felt with my thumbs,0
"might like to drink whiskey, might like to drink milk,",0
"ooh, baby, ooh-ee,",0
"i'm not the one you want, babe,",0
watch the parking meters.,0
into the valley of dry-bone dreams.,0
may your heart always be joyful and may your song always be sung,1
keep me set apart,0
"well, it may be the devil and it may be the lord,",0
it's inconceivable it could happen to you.,0
"i'm old tom moore from the bummers' shore in the good old, golden days,",0
"it's mighty funny, the end of time has just begun,",0
"we always did feel the same, we just saw it from a different point of view,",0
"forever young, forever young,",1
charm the whistle off an evening train.,0
"yes, and i just gotta tell you that i do intend",0
why don't you look my way and pump me a few?,0
"well, john the baptist, after torturing a thief,",0
"no, i ain't gonna work on maggie's farm no more.",0
"and it's a hard, it's a hard, it's a hard, it's a hard,",0
"i never could learn to drink that blood and call it wine,",-1
johnny's been out on the road too long.,0
"this world is ruled by violence,",0
if i was with her too long,0
ms. mary-jane got a house in baltimore.,0
i can't shoot them anymore.,0
"and may you stay forever young,",1
and she winds back the clock and she turns back the page of a book that nobody can write--,0
"but there's one thing i know, though i'm younger than you:",0
"and, though they could not produce the gun,",0
"sixteen years, sixteen banners united",0
i said for the pope of eruke i was employed.,0
i don't even care if i ever see her again,0
"pink that dream and nose that dough,",0
to be stuck inside of mobile with the memphis blues again?,0
but all their daughters put me down,0
"you know that we are strangers in a land we passing through,",0
"if she's passing back this way, i'm not that hard to find,",0
without this love that we call ours.,1
"but then again, i said-again, i said, whoa-whoa, babe, sometimes i'm in the mood for you.",0
"man gave names to all the animals in the beginning, long time ago.",0
"playing around with some sweet senorita,",0
"yes, but you know something's happening, it's just that you don't know what it is, do you, mr. jones?",0
"don't have to put her in my house, lordy, just lead her to my door.",0
"time is an ocean, but it ends at the shore:",0
"you would not think to look at him, but he was famous long ago",0
"alberta, let your hair hang low,",0
"someone to close his eyes for you,",0
and it makes me feel so sorry.,0
"no, i ain't gonna work on maggie's farm no more.",0
"she'll surely turn to white,",0
i'll be your baby tonight.,0
how to carry a burden too heavy to be yours.,0
how they blackmailed the sergeant-at-arms into leaving his post,0
to the old folks' home and the college.,0
"ten thousand men dressed in oxford blue,",0
all of your [incomprehensible] and let's talk about your soul.,0
"can you tell me who to contact here, senor?",0
for them that think death--death's honesty,-1
the d.a. said he was the one who did the deed and the all-white jury agreed.,0
six-time users,0
"i watch upon your scorpion, who crawls across your circus floor.",0
"underneath that apple suckling tree, oh, yeah!",0
"honey, i want you.",0
i can't stay in here - ain't it clear,0
"build you a fire with hickory - hickory, ash, and oak,",0
"anyway, i put money on him to win.",0
"mama's in the factory, she ain't got no shoes,",0
but he never did like to talk about it all that much.,0
two inches of water in a lonely ditch was the grave for ira hayes.,-1
"but i get no offers, just a come-on from the whores on 7th avenue -",0
you got gangsters in power and lawbreakers making rules.,0
"that old oak tree, the one we used to climb.",0
"come, senators, congressmen, please heed the call,",0
"it's a shame the way she makes me scrub the floor, ohh!",0
"to gather flowers constantly,",0
to protect you and defend you,0
"manipulator of crowds, you're a dream-twister.",0
"she say, ""who take away his license to kill?""",-1
"i saw them leaving,"" he says and he stops,",0
"mr. bojangles, mr. bojangles, dance!",0
"i muttered something underneath my breath, she studied the lines of my face,",0
for she once was a true love of mine.,1
"and it ain't no use in calling out my name, babe,",0
"and it ain't in the fifty-star generals and flipped-out phonies,",0
"oh, angelina.",1
rain would gather too.,0
"and, since my feet are now fast",0
i been in trouble ever since i set my suitcase down.,0
"you may be somebody's landlord, you may even own banks,",0
"do you know my world, do you know my kind, or must i explain?",0
the answer is blowing in the wind.,0
the old man then rolled off the curb.,0
"she robbed me of my liberty, deprived me of my rest.",0
if not for you.,0
"forget this dance, let's go upstairs.",0
"some people will offer you their hand and some won't,",0
"and i'll stand on the ocean until i start sinking,",0
"tell me the trouble, tell me once to my ear -",0
but they caught him and they brought him back,0
maybe you will find yourself tomorrow,0
from heights that they could not gain,0
"and the locusts sang, well, it give me a chill,",0
i was thinking of a series of dreams,0
"the fiddler, he now steps to the road,",0
"he shook his head and then he shook his head, i heard someone ask him, ""please,",0
"the priest wore black on the seventh day and sat stone-faced while the building burned,",0
"yes, this woman i've got, she's killing me alive.",-1
"though i know that evening's empire has returned into sand,",0
"standing by god's river, my soul beginning to shake,",0
you know that he has no intentions,0
i can't shoot them anymore.,0
"that jesus christ was betrayed by a kiss,",0
an innocent man in a living hell.,0
and at home nobody cared what ira done and the wind did the indians' dance.,0
"abe said, ""man, you must be putting me on.""",0
"underneath that apple suckling tree, oh, yeah!",0
"""come in,"" she said, ""i'll give you shelter from the storm.""",0
"silvio, silver and gold",0
"and then, ""yeah, i think it can be easily done:",0
how many years can some people exist,0
but i ain't gonna hear it said no more.,0
"shine your light, shine your light on me,",1
"serve somebody,",0
"i take what i gets and i even the score,",0
"i ordered some suzette. i said, ""could you please make that crepe?""",0
"now you stand here, why are your fingers going up my sleeve?",0
i'm on the dark side of the road.,-1
"or down any movie star's blouse,",0
she saw her albert there a-loving up alice fry.,0
"turn, turn to the rain and the wind.",0
and for his love they took his life away,1
can be seen in the eyes of those that call,0
"baby, please stop crying,",-1
"it's getting dark, too dark to see,",-1
"nobody feels any pain tonight as i stand inside the rain,",-1
"she said she would never forget,",0
"did they speak out against him, did they dare?",0
"you can have the truth, but you got to choose it.",0
your voice was all that i heard.,0
"two-wheeled, gypsy queen",0
is simply that one should never be where one does not belong.,0
"it may be some place, baby, you say where.",0
"and, though our separation, it pierced me to the heart,",0
"walk upside-down inside handcuffs,",0
tangled up in blue.,0
"in a bigger place, bigger money too,",0
"it ain't me you're looking for, babe.",0
i'm in the kitchen with the tombstone blues.,0
i'm not sleepy and there is no place i'm going to.,0
ain't it just like the night to play tricks when you're trying to be so quiet?,0
"just like a rolling stone,",0
"judge and jury took their stand,",0
i can't help it if you might think i am odd,0
"i'm just going down the road feeling bad,",0
"he was just a blue-eyed boston boy,",0
i don't care what in the world you do.,0
"and he spoke through his cloak, most deep and distinguished,",0
"for the times, they are a-changing.",0
"the way that you hold your head, cursing god with every move,",0
"where do you look for this candle that's glowing,",0
"i's just thinking of a series of dreams,",0
"for so long i've been hindered, for so long i've been stalled.",0
puts both of his hands in the pockets of chance,0
you'll not see nothing like the mighty quinn!,0
and she couldn't even recognize his face.,0
and i feel like i just a-wanna travel on.,0
you said you'd never compromise,0
i was only following instructions when the judge sent me down the road with your subpoena.,0
"what is it that you're trying to achieve, girl?",0
"you're trying to reshape me in a mold, love,",1
"for his tongue, it could not speak, but only flatter.",0
but you will wind up peeking through her keyhole down upon your knees.,0
till a man come to speak and he said in one week,0
"i know sal been doing them things again,",0
tell 'em all that montgomery says hello.,0
"i been riding the midnight train,",0
the slow one now will later be fast,0
"and it's hard times, from the country, living down in new york town.",0
tangled up in blue.,0
from the crossroads of my doorstep my eyes start to fade,0
"come back to me, baby, where i live, that's where you belong.",0
"say ""you're dancing with whom they tell you to or you don't dance at all!""",0
as they rode him in custody down to the station,0
"oh, oh, oh, jokerman.",0
remember me to one who lives there.,0
"my lord and my savior, my companion, my friend,",0
"so i'll just say, ""fare thee well.""",0
"hey, mr. tambourine man, play a song for me,",0
and like a fool i mixed 'em and it strangled up my mind,0
like a rolling stone?,0
"four in the morning and they haul rubin in,",0
"i'm not the one you want, babe,",0
and puts her hands in her back pocket bette davis-style.,0
i can still see the day you came to me on the painted desert,-1
your loyalty is not to me but to the stars above.,0
"you've turned your hair to brown, love to see it hanging down.",1
"i want you,",0
"and madonna, she still has not showed,",0
"and, when we meet again, introduced as friends,",0
here's a foreign song i learned in utah.,0
"to shine in through,",0
but he never did like to talk about it all that much.,0
the air is so cold outside and the snow's so deep.,0
he's buried somewheres in louisiana-o.,0
"and emptied the ashtrays on a whole other level,",0
"well, i struggled through barbed wire, felt the hail fall from above,",0
"--bello and bradley and they both baldly lied,",0
and they're breaking down the distance between a-right and wrong.,-1
"living in the land of nod,",0
"with no direction home,",0
and they set him on a path where he's bound to get ill.,0
to flesh-colored christs that glow in the dark -,-1
nobody can throw the ball like catfish can.,0
"i see my light come shining from the west out to the east,",1
"i should have left this town this morning,",0
without any doubt,0
for you've only the lend of them as i suppose,0
"stay, lady, stay, stay with your man awhile.",0
"over the fields where the good shepherd grieves,",0
"man gave names to all the animals in the beginning, in the beginning,",0
"i heard ten thousand whispering and nobody listening,",0
down the hallway footsteps were coming for the jack of hearts.,0
"and the wind punched hard to make the wall-siding sing,",0
"the trail is dark and dusty, the road, it's kind of rough,",-1
"you say you got some other kinda lover and, yes, i believe you do.",1
"i'm t-boned and punctured, i've been known to be calm.",0
"i am not pleading or saying ""i can't forget you"",",0
how can you say he will haunt you?,0
"and where do you look for this hope that you're seeking,",0
"tears on the letter that i write,",0
"shock or knock or lock you up,",0
"ring them bells for all of us who are left,",0
but power and greed and corruptible seed seem to be all that there is.,0
"kick your shoes off, do not fear.",0
i didn't commit no ugly sin -,0
"bring me my pipe, we're gonna shake it,",0
"lord, lord, i'm bound to die trying.",0
"ooh, baby, ooh-ee,",0
"on a night like this i'm so glad you came around,",0
"if not for you,",0
"he was her man, but he done her wrong.",-1
all along the watchtower princes kept the view,0
"of the two sisters, i loved the young.",1
"when you've lost everything, you'll have nothing left to hide,",0
with all memory and fate,0
"and your long-time curse hurts, but what's worse is this pain in here.",-1
"won't let go and i can't let go,",0
i pity the poor immigrant when his gladness comes to pass.,0
"some are mathematicians, some are carpenters' wives,",0
"where the new york city winters aren't bleeding me,",0
"and it's only that i'm asking,",0
"who among them would try to impress you,",0
"but, until men lose their chains and righteousness reigns,",0
putting her in a wheel-barrow and wheeling her down the street.,0
"where the winds hit heavy on the borderline,",0
"waitress comes over, nobody in the place but me and her.",0
tell me that it isn't true.,0
"""his master's voice is calling me,""",0
"but he cursed me when i proved to him. then i whispered and said, ""not even you can hide.",0
what can i do for you?,0
when the weak and the strong and the rich and the poor,0
come out and round up everyone that knows more than they do.,0
"thin man looking at his last meal,",0
"a man named martin luther king,",0
"there is no use in talking and there's no need for blame,",0
i'll be your baby tonight.,0
"four months later, the ghettoes are in flame,",0
"so i drifted down to new orleans where i lucky was to be employed,",0
"to her death is quite romantic, she wears an iron vest,",-1
"put in a prison cell, but one time he could've been the champion of the world.",0
"all of rubin's cards were marked in advance,",0
"trust yourself,",0
"now, his nurse, some local loser, she's in charge of the cyanide hole,",0
and the only sound that's left after the ambulances go,0
"sometimes i'm in the mood, i'm gonna give away all my sins,",0
gotta get up near the teacher if you can if you wanna learn anything.,0
"mama, wipe the blood from my face,",-1
lotta things they'd like they would never buy.,0
"there's a battle outside and it's raging,",0
"i saw a newborn baby with wild wolves all around it,",0
"west of the jordan, east of the rock of gibraltar,",0
that brave and devoted band.,0
"i'm not the one you want, babe,",0
"right now i can't read too good, don't send me no more letters, no!",0
i'm ready for to fade,0
says it's closing time,0
"there's a lone soldier on the hill, watching 'fore them raindrops pour,",0
"if your time to you is worth saving,",0
"that five walls cannot hide him,",0
"the only son of god almighty,",0
as the curtain is drawn and somebody's eyes,0
"well, it may be the devil or it may be the lord,",0
"no llores, mi querida, dios nos vigila,",0
"writing ""sad-eyed lady of the lowlands"" for you.",0
knock--knock--knocking on heaven's door.,0
where i can watch her waltz for free 'neath her panamanian moon.,0
they crammed me back into the county jail -,0
"if you can't quit your sinning,",0
before he can hear people cry?,-1
"well, i don't know how it happened, but the riverboat captain, he knows my fate,",0
"you may be a businessman or some high-degree thief,",0
with the golden loom.,0
"and they'll raise their hands, saying, ""we'll meet all your demands"",",0
say one more stupid thing to me before the final nail is driven in.,0
"stack-a-lee walked to the bar-room and he called for a glass of beer,",0
did so many things i never did intend to do.,0
"cloak and dagger dangles,",0
the bakery truck stops outside of that fence,0
you only got ten.,0
"all day long i hear his voice shouting so loud,",0
"she had to sell everything she owned and froze up inside,",0
so i can know if i'm really real.,0
as someone who has had you on his mind.,0
i know plenty of people put me up for a day or two.,0
"circled by the circus sands,",0
"you can't live by bread alone, you won't be satisfied,",0
wherever you're a-gambling now nobody knows.,0
"and madonna, she still has not showed,",0
but simply because it's true.,0
"some are mathematicians, some are carpenters' wives,",0
"out to the windy beach,",0
"yes, and how many deaths will it take till he knows",-1
"private reasons, great or small,",0
but the magician is quicker and his game is much thicker than blood and blacker than ink,-1
it's just a shadow you're seeing that he's chasing.,0
you left me standing in the doorway crying,-1
"beneath a bare light-bulb the plaster did pound,",1
were handing out the flowers that i'd given to you.,0
"honey, i want you.",0
"now, we heard the sermon on the mount and i knew it was too complex,",0
"come gather 'round, people, wherever you roam,",0
"heart of mine, so malicious and so full of guile,",0
"don't follow leaders,",0
"the lights on my native land are glowing,",1
"said when you been good now, can't do no more,",0
"right now i can't read too good, don't send me no more letters, no!",0
i'm not sleepy and there is no place i'm going to.,0
"and i'm just like that bird,",0
"you say you're sorry for telling me stories you know i believe are true,",0
"i see the turning of the page, curtain rising on a new age,",0
"answers of emptiness, voice vacancies",0
"i think we oughtta take some of these people,",0
it's almost like-almost like i don't exist.,0
"oh, yes, i'm pressing on,",0
but you break just like a little girl.,0
"lay down your weary tune, lay down, lay down the song you strum",0
and never sat once at the head of the table,0
but among the dead that were left on the hill,0
"but there's nothing, really nothing to turn off,",0
until the break of day let me see you make him smile.,1
"oh, oh, oh, jokerman.",0
"one more cup of coffee for the road,",0
"down the foggy ruins of time,",0
"and may you stay forever young,",1
"lights flicker from the opposite loft,",1
all you boys better run for cover,0
"handy-dandy, handy-dandy.",0
the answer is blowing in the wind.,0
"god knows it could snap apart right now, just like putting scissors to a string.",0
"knock--knock--knocking on heaven's door,",0
crying like a fire in the sun.,-1
"high society, notoriety.",0
"yes, i'm trying to get closer, but i'm still a million miles from you.",0
"i was looking around, i was outta sight.",0
i know not if i sink or swim.,0
"and it ain't no use in a-calling out my name, babe,",0
"now you don't talk so loud,",0
that son-of-a-bitch is brave and getting braver.,0
"and the fire in the air, it felt frozen",0
"i think you will find, when your death takes its toll,",-1
"she say, ""you can't repeat the past."" i say, ""you can't?",0
"there's beauty in that rainbow in the sky,",0
"i asked fat nancy for something to eat, she said, ""take it off the shelf.",0
"i lived with them on montague street, in a basement down the stairs,",0
what made them want to come and blow you away?,0
"well, they'll stone you and say that it's the end,",0
"you, you, you, you, you got a hold of my heart.",0
what can i do for you?,0
"please her, please him, buy gifts,",0
"i'd already gone the distance,",0
"baby, two feet from the well.",0
with guns in their hands and god on their side.,0
"oh, honey, after all these years you're still the one.",0
there's nothing in here moving,0
"crimson flames tied through my ears,",0
it's a shame the way she make me scrub the floor.,0
that too many people have died?,0
"cobwebs in your mind, dust upon your eyes?",0
"but it ain't him to blame,",0
everybody can't be as lucky as you.,0
"with his ticket stub still in his hand,",0
"and it's ride, willie, ride,",0
the naked truth is still taboo whenever it can be seen.,0
capture your soul and hold it for ransom.,0
stayed in mississippi a day too long.,0
time passes slowly and fades away.,0
"you look into the fiery furnace, see the rich man without any name.",0
but i'm walking and wandering - my poor feet don't ever stop! -,0
"when you cease to exist, then who will you blame?",0
blame it on a simple twist of fate.,0
but everybody still talks about how badly they were shocked.,0
"""have you seen dignity?""",0
"i offered her my hand, she took me by the arm.",0
"well, he hands you a nickel, he hands you a dime.",0
"ooh, i can't stand it, i can't stand it,",0
what about that millionaire,0
"drinking, thinking that they got it made,",0
"nothing about it that's sweet, the disease of conceit.",0
is it something important? maybe not.,0
"categorize me or hypnotize me,",0
everything up to that point had been left unresolved -,0
"well, they'll stone you and say that it's the end,",0
"trouble,",0
i laugh and i cry and i'm haunted by,-1
upon four-legged forest-clouds,0
and rest yourself 'neath the strength of strings no voice can hope to hum.,0
look out your window and i'll be gone.,0
"and, now, i know you're dissatisfied with your position and your place.",0
to which a scoundrel clings.,0
"his old eyes deepened in his head,",0
"and it's all over now, baby blue.",0
"and seized him by the collar, boldly made him stand.",0
"can't stand back, swear you gotta step it up and go!",0
"got a long, black feeling and it's hard to trace",0
did somebody tell you that you could get it from me?,0
"i and i, in creation where one's nature neither honors, nor forgives.",0
"and the cockerels and the neighbors clap and cheer with each blast,",0
"deny, defy, or crucify you.",0
"you don't have to be afraid of looking a-into my face,",0
wants to get it paid off.,0
look out your window and i'll be gone.,0
"got to have your own harem when you come in the door,",0
"well, i asked the doctor if i could see you. ""it's bad for your health,"" he said.",0
see the primitive wallflower freeze,0
"and comes to a permanent stop,",0
"she speaks a-with a stutter and she walks with a hop,",0
why should i worry or crave you in vain?,0
"forever young, forever young,",1
"everybody wants my attention, everybody got something to sell, except you, yeah, you,",0
"blue moon, now, i'm no longer alone",0
"politician's got on his jogging shoes,",0
"well, they'll stone you when you are all alone,",0
"all of rubin's cards were marked in advance,",0
"come on, come on, stick together,",0
"standing on the water, casting your bread",0
"stone you when you're reaching for the door,",0
"look away, you rolling river,",0
"well, i keep seeing this stuff and it just comes a-rolling in",0
"you always responded when i needed your help,",0
everybody tells me she's the brains behind pa.,0
"with a worn heart, whose better days are over.",0
"i am hanging in the balance of a perfect, finished plan",0
"oh, won't you come see me, queen jane?",0
"but you and i, we've been through that and this is not our fate,",0
you'll see the honor i have gained by the wearing of the blue.,0
"nobody feels any pain tonight as i stand inside the rain,",-1
"far past the frozen leaves,",0
"well, the devil's in the alley, mule's in the stall,",0
"i don't know why i love her, but i just can't stop,",1
i'm not sleepy and there is no place i'm going to.,0
"i went to see the gypsy staying in a big hotel,",0
"if you're black, you might as well not show up on the street 'less you wanna draw the heat.",0
"there are things i could say but i don't, i know the mercy of god must be near.",0
"but it's not that way, i wasn't born to lose you.",0
i'll follow your casket on the pale afternoon,0
"they like to take all this money from sin, build big universities to study in,",0
"they'll stone you and then say, ""you are brave,""",0
fear to bring children into the world.,0
"i know every scene by heart, they all went by so fast.",0
may you always know the truth and see the light surrounding you.,1
"they took a clean-cut kid,",0
"i been shooting in the dark too long, when something's not right, it's wrong,",-1
"may be a rock-and-roll addict prancing on the stage,",0
"someone got a hold of my heart,",0
"may you always be courageous, stand upright and be strong,",0
and it seems like i've gotta travel on.,0
"exchanging all precious gifts and things,",0
"sara, sara, radiant jewel, mystical wife.",0
"you may call me bobby or you may call me zimmy,",0
"no direction home,",0
"when i come a-knocking, don't throw me no bone.",0
i knew that very instant she meant to do me harm.,0
"he tried to grab the woman's hand, said, ""here's a ring, it cost a grand!"" she said, ""that ain't enough.""",0
i left my dreams on the riverbed.,0
"all the tired horses in the sun,",0
"then you ask why i don't live here! honey, i gotta think you're really weird!",0
"we came to the pyramids all embedded in ice,",0
"there was a man named mahatma gandhi,",0
as the present now will later be past.,0
please quit your low-down ways.,0
"yes, for telling all those lies.",0
"maybe someday you'll have nowhere to turn,",0
"i just can't do what i've done before,",0
"well, you're on your own - you always were - in a land of wolves and thieves,",0
"if i was still the same, if i ever became what you wanted me to be.",0
all their earthly principles they're gonna have to abandon?,0
"it looked like there wasn't nothing that he couldn't pull - ""ah, think i'll call it a bull.""",0
a-ten guineas in gold i'll stick in your fist,0
"can't stand pat, swear you gotta step it up and go!",0
"where the pellets of poison are flooding their waters,",0
with the heat rising in my eyes.,0
"you know, he keeps on saying everything twice to me.",0
"made before the foundation of--of the world,",0
"and your long-time curse hurts, but what's worse is this pain in here.",-1
the face of god will appear,0
like a rolling stone?,0
she dropped a coin into the cup above a blind man at the gate,0
"everywhere you go, it's enough to break hearts,",0
"all because i'm falling for a curly-headed, dark-eyed gal.",-1
"and the breeze will cease to be breathing,",0
"in the foggy web of destiny,",0
now i'm trying to get to heaven before they close the door.,0
"ooh-ee, ride me high, tomorrow's the day my bride's gonna come!",0
"and didn't even talk to the people at the table,",0
she takes just like a woman,0
"she was fifty-one years old and gave birth to ten children,",0
"lawman on your trail, he'd like to catch you,",0
"i heard the roar of a wave that could drown the whole world,",0
"only one thing i did wrong,",-1
"man gave names to all the animals in the beginning, long time ago.",0
"she sees a bartender in a pool of blood,",-1
"they paved paradise, they put up a parking lot,",1
"you promised to love me, but what do i see?",1
"can't hear your name, you can't see your face,",0
"you came in like a wind, like errol flynn, you changed my life.",0
"fill it with new-made corn mash and never more you'll toil,",0
i'd be lost if not for you and you know it's true.,0
"some say they lived off gambling and running numbers too,",0
"billy, you're so far away from home,",0
how does it feel,0
"well, i've already had two beers, i'm ready for the broom,",0
there were times when i was so lonesome,0
"it's getting dark, too dark to see",-1
"and when it finally--the bottom fell out, i became withdrawn,",0
"as soon as you're awake, you're trained to take",0
in the jingle-jangle morning i'll come following you.,0
"hey, mr. tambourine man, play a song for me,",0
"hey, mr. tambourine man, play a song for me,",0
"teachers teach that knowledge waits,",0
"ooh, baby, ooh-ee,",0
that hype you and type you and making you feel that you gotta be just like them.,0
"in bed with nobody, under no one's command.",0
"knock--knock--knocking on heaven's door,",0
"well, it's sundown on the union and what's made in the usa.",0
"your breath is sweet, your eyes are like two jewels in the sky,",0
and ask me to open up the gate for you.,0
we were the wrong side.,-1
a south politician preaches to the poor white man:,0
sometimes it gets so hard to care.,0
if he don't expect to be housing flushes.,0
blowing through another no-good town.,0
my back's to the wall: where can i run?,0
"till the keys of the guards clicked the tune of the morning,",0
"mama's in the factory, she ain't got no shoes,",0
"thinking about the government,",0
"how could they ever have persuaded you,",0
you can go back to him any time you want to.,0
i know something is changed.,0
want me to fly like an eagle while being chained to the floor.,0
is the love in your heart for me turning blind?,1
"nobody can see through him, no, not even the chief of police.",0
"i'll forsake my husband too for the love of blackjack davey,",1
"i and i, in creation where one's a-nature neither honor, nor forgive.",0
"look away, we're bound away across the wide missouri.",0
you're the only love i've ever known.,1
"you give me the blues, i guess you're satisfied,",0
"they say every man needs protection,",0
"you may like to gamble, you might like to dance,",0
"has taken all his blankets from the floor,",0
"and joined the john birch society,",0
"relationships of ownership,",0
"but i did it because he lied, because he took you for a ride,",0
"me if i don't get out the door in two seconds flat,",0
"your babies're crying louder, now, it's pounding on your brain.",-1
"so now i'm going back again, i got to get to her somehow,",0
"like a complete unknown,",0
"don't have to go to russia or iran,",0
"one more cup of coffee for the road,",0
"when i come a-knocking, don't throw me no bone.",0
"well, george lewis told the englishman, the italian, and the jew,",0
"and, when he sees his reflection, he's fulfilled.",0
"they'll stone you when you are walking home,",0
expecting all the gifts that wise men bring.,0
why and what's the reason for?,0
"pounding print in his old typewriter,",0
thank you!,0
"even though my eyes are hazy and my thoughts, they might be narrow,",0
everything is gonna be alright.,0
"""come in,"" she said, ""i'll give you shelter from the storm.""",0
"""death to all those that--who would whimper and cry!""",-1
"68, but says she's 24, ohh!",0
"where the sun never set, where the trees hung low,",0
"bankers' nieces seek perfection,",0
"hey, mr. tambourine man, play a song for me,",0
"couldn't even see the floor,",0
i walked down the courthouse stairs and i did not understand -,0
"he'll teach you how to pick and choose and how to throw the blade,",0
"""come in,"" she said, ""i'll give you shelter from the storm.""",0
"blowing on down the backroads, heading south,",0
"but you're gonna have to serve somebody,",0
in the jingle-jangle morning i'll come following you.,0
"that fellow who never blushes,",0
life don't mean a thing.,0
"joey, joey,",0
"i have no one to meet,",0
that son-of-a-bitch is brave and getting braver.,0
where the nights are always sadder than the day.,0
"yes, and how many times must the cannon balls fly",0
"pistol-shots ring out in the barroom night,",0
"none of them along the line know what any of it is worth.""",0
"when you've decided that you've had enough,",0
"a self-ordained professor's tongue,",0
and one deserving of affection?,0
"look out, kid,",0
with your golden loom.,0
"you know i won't be next to you, you know i won't be near,",0
"rubin's in south america, fighting for his name,",0
it is only he who can reduce me to tears.,0
"intending no harm, but meant to pass by for it being on christmas morning.",0
"feel like a broke-down engine, ain't got no driving wheel,",0
i can't even remember what it was i came here to get away from.,0
"oh, when the dawn came over the river bridge, i knew it was up to me.",0
who ever thought they'd ever make that stick?,0
"for the times, they are a-changing.",0
reacted to his deed with a shrug of his shoulders,0
said i ain't gonna work for maggie's ma no more.,0
"i can't see us going anywhere, girl --",0
after he's taken everything he could steal?,0
be in the palm of some fool's hand?,0
"i got a god-fearing woman, one i can easily afford,",0
good god!,0
to see him obviously framed,0
and i hear in my head what you say in your sleep,0
"won't let go and i can't let go,",0
"i tried to reach you, honey,",0
upon four-legged forest-clouds,0
but i'd sacrifice the world for you to watch my senses die.,0
"in the federal city you been blown and shown pity in secret for pieces of change,",0
"people tell me it's a sin to know and feel too much within,",0
"with no direction home,",0
"people'd call, say, ""beware, doll,",0
"i ain't gonna work on maggie's farm no more,",0
to sit down on this bank of sand and watch the river flow.,0
"owns a tobacco farm of six hundred acres,",0
deceived me into thinking,0
"daddy's in the alley, he's looking for food,",0
i'm not sleepy and there is no place i'm going to.,0
in the stillness of the midnight,0
you know you can't keep her and the water gets deeper that is leading you onto the brink,0
and the tide will sound and the waves will pound,0
"mama's in a factory, she ain't got no shoes,",0
"he says, ""young man, is your name brown?",0
"water pouring into vicksburg, don't know what i'm gonna do.",0
"his mama walks the floor, his daddy weeps and moans,",0
are free to drink martinis and watch the sun rise,0
you're the kind of woman i just don't understand -,0
"there's a man on a cross and he be crucified for you,",0
"so, don't fear if you hear",0
"when you gonna wake up, when you gonna wake up,",0
"rubin carter and a couple of friends are driving around,",0
"and, if you don't underestimate me, i won't underestimate you.",0
it's very nice to stay a week or two,0
"you may call me r.j., you may call me ray,",0
"one hand is tied to the tight-rope walker, the other is in his pants.",0
never could learn to look at your face and call it mine.,0
to get you facts if someone attacks your imagination.,0
"bird, fly high by the light of the moon,",1
to ease the pain of idleness and the memory of decay.,-1
later on that evening i watched it on tv.,0
"move lightly from the ledge, babe,",1
"""i thought you'd never say hello,"" she said, ""you look like the silent type.""",0
"used to run in the cemetery, dance and run and sing when i was a child",0
"then you ache just like a woman, but you break just like a little girl.",0
don't trust me to show you love when my love may be only lust.,1
"someone got a hold of my heart,",0
knock--knock--knocking on heaven's door.,0
"he sees your deeds, he knows your needs even before you ask.",0
"silhouetted by the sea,",0
"i'm sick of love, that i'm in the thick of it,",1
"""there are many here among us who feel that life is but a joke,",0
it's a hard rain's gonna fall.,0
"i won't have my nature way,",0
the sooner you can leave.,0
hmm.,0
"sent for the doctor, well, the doctor, he did come,",0
"and she says, ""your debutante just knows what you need, but i know what you want.""",0
"like every sparrow falling, like every grain of sand.",0
"brighton girls are like the moon,",0
"no more auction block for me, no more, no more,",0
and pretend that we never have touched.,0
"when the last rays of daylight go down, buddy, you'll roll no more,",1
"""no, i never did engage in this kinda thing before,",0
"she said, ""where you been?"" i said, ""no place special.""",0
"come on, give it to me, i'll keep it with mine.",0
"the scene is so crazy, wasn't it?",0
but the post office has been stolen,0
"she turned around to look at me as i was a-walking away,",0
"oh, angelina.",1
"i got my walking shoes, i got my walking shoes,",0
do you have any faith at all? do you have any love to share?,1
the answer is blowing in the wind.,0
my ship is in the harbor,0
"but me, i can't cover what i am,",0
"so, never leave me lonely,",0
"and the ancient, empty street's too dead for dreaming.",0
"but don't think twice, it's alright.",0
my pockets are loaded and i'm spending every dime.,0
the drunken politician leaps upon the street where mothers weep,0
"and later on, as the crowd thinned out, i's about to do the same,",0
the kings of tyrus with their convict list,0
i'm in the kitchen with the tombstone blues.,0
"brownsville girl, you're my honey, love.",1
i'm younger than that now.,0
"sometimes i turn, there's someone there, other times it's only me.",0
"well, it may be the devil or it a-may be the lord,",0
"i would have gone on after you, but i didn't feel like letting my head get blown off.",0
"well, i know that highway like i know my hand.",0
"alfred bello had a partner and he had a rap for the cops,",0
"and gathering storms may arise,",0
"oh, lucky's driving a long, long time -",0
"and, if i can save you any time,",0
"you'd never know it to look at him, but in the final shot he won the war",0
"oh, time is short and the days are sweet",0
"broke her heart, lost my own,",0
"bird, fly high by the light of the moon,",1
you come to my eyes like a vision from the skies,0
"you never understood that it ain't no good,",0
"i keep seeing visions of you, a lily among thorns,",0
"and, though this man could hardly see, they told him he could identify the guilty men.",0
"any day now, oh, any day now, i shall be released.",0
"tell me,",0
"well, i've been to london and i've been to gay paris,",0
"""that a friend of mine would get ninety-nine years?"" -",0
"cop said, ""wait a minute, boys, this one's not dead!""",0
thank you.,0
it's a hard rain's gonna fall.,0
"well, they'll stone you when you are all alone,",0
"silvio, silver and gold",0
"won't buy back the beat of a heart grown cold,",0
"and i freeze in the moment like the rest who don't try,",0
"as we listened one last time and we watched with one last look,",0
"you were trying to break into another world, a world i never knew.",0
"i just say no thanks,",0
"i've been to sugar town, i shook the sugar down,",0
and i'm walking down the line - my feet'll be flying - to tell about my troubled mind.,0
"so let us not talk falsely now, the hour's getting late.""",0
"the cops said, ""a poor boy like you could use a break -",0
i'm younger than that now.,0
"you can mislead a man, take hold of his heart with your eyes,",0
"in a little hilltop village they gambled for my clothes,",0
"and the riot squad, they're restless, they need somewhere to go",0
"voices echo, ""this is what salvation must be like after a while"",",0
serve somebody:,0
i'm an old boll weevil looking for a home,0
i hear them semis rolling too.,0
"you feel to moan, but, unlike before,",0
"do you know where i can get rid of these things?""",0
"and it's hard times, from the country, living down in new york town.",0
on anything 'cept a simple twist of fate.,0
"circled by the circus sands,",0
"it wasn't me that made him fall,",0
"and if i don't make it, you know my baby will.",0
"man gave names to all the animals in the beginning, in the beginning,",0
i wish i knew what it was keeps me loving you so.,0
i ain't hauling any of my lambs to the marketplace anymore.,0
"tuba players now rehearse around the flagpole,",0
"in the darkness of my night,",-1
"no more affection that's misplaced, girl,",0
"in a twinkling of an eye when the last trumpet blows,",0
"well, i gave to you my heart, my bed, and treasure",0
"i'm trying to get closer, but i'm still a million miles from you.",0
who among them could think he could outguess you?,0
that just struck me kinda funny.,0
"and it's all over now, baby blue.",0
"i'm just average, common too.",0
"he hands you a nickel and he hands you a dime,",0
"them playing leapfrog and hearing about snow white,",0
may you always do for others and let others do for you.,0
"i'm gonna establish my rule through civil war,",0
"baby, let me follow you down,",0
is strapped across their shoulders and then the kerosene,0
"she's a brown-skin woman, but i-i love her just the same.",1
"i saw a room full of men with their hammers bleeding,",0
"you may own guns and you may even own tanks,",0
your cracked country lips i still wish to kiss as to be by the strength of your skin.,0
"your sister sees the future like your mama and yourself,",0
i always have respected her for doing what she did and getting free.,0
"that can do what's never been done,",0
"others say, ""don't hate nothing at all except a-hatred.""",-1
"it's just escaping on the run, and but for the sky there are no fences facing.",0
"i'm leaving tomorrow, but i could leave today.",0
"you wish for contentment, but you got an emptiness that can't be filled,",0
"you could die down here, be another accident statistic.""",0
half asleep 'neath the stars with a small dog licking your face.,0
tomorrow keeps turning around.,0
"like a complete unknown,",0
"i got my black dog barking, black dog barking.",0
"any day now, any day now, i shall be released.",0
if you don't mind sleeping with your head face-down in a plate.,0
"well, they used to grow food in kansas,",0
"may be living in another country under another name,",0
"alberta, what's on your mind?",0
"when blackness was a virtue, the road was full of mud,",0
"on this new morning, new morning,",0
though its shadow's metal badge,0
"no, i ain't gonna work for maggie's pa no more.",0
"well, i got eight carburetors and, boys, i'm using 'em all,",0
"all the people we used to know, they're an illusion to me now.",0
"trails of troubles, toads of battles,",0
"one more weekend, one more weekend'll do.",0
blowing like it's gonna sweep my world away.,0
blowing like it's gon' blow my blues away.,0
"and what'll you do now, my darling young one?",0
don't fall apart on me tonight.,0
"the sunny sky is aqua-blue,",0
"""she's waiting at home like a patient saint,",0
how could they ever mistake you?,0
i did a somersault as i seen him get his gun,0
"the police department hounded him, they called him ""mr. smith"",",0
"puts the pied-pipers in prison and fattens the slaves,",0
"stay, lady, stay, stay while the night is still ahead.",0
it's something you did,0
"stone you and they'll say that it's the end,",0
"knock--knock--knocking on heaven's door,",0
hold on to me so tight and heat up some coffee grounds.,0
of every man who put me here.,0
"oh, these costly beads around my neck",0
"and what'll you do now, my blue-eyed son?",0
"throw my troubles out the door, i don't need them anymore",0
"my dogs are barking, there's must be someone around,",0
"may your hands always be busy, may your feet always be swift,",0
"sky that cries and a bird that flies, a fish that walks and a dog that talks.",0
"yes, and how many ears must one man have",0
"dealing cards till dawn in the hacienda,",0
"take me on a trip upon your magic, swirling ship,",0
"'cause something is happening and you don't know what it is, do you, mr. jones?",0
that i made it so easy for you to follow me.,0
hope i don't blow it.,0
and the dust of rumors covers me.,0
sweet lady.,0
"i got my hammer ringing, pretty baby, but the nails ain't going down.",0
but there's only one authority - that's the authority on high.,0
is gonna be against the law.,0
"hey, mr. tambourine man, play a song for me,",0
"but there's nothing-really nothing to turn off,",0
i had fourteen-karat gold in my mouth and silk upon my back.,0
and be buried on the bottom of the ocean.,0
"till i gaze back to the streets, the sidewalks, and the sign",0
"i know it looks like i'm moving, but i'm standing still.",0
"coffins dropping in the street like balloons made out of lead,",0
"i know the reason that you talk behind my back,",0
"without your love i'd be nowhere at all,",1
"to the white folks who watched he was a revolutionary bum,",0
"if you're making love to her, kiss for the kid",1
"stared at the person who killed for no reason,",-1
"without your love i'd be nowhere at all,",1
"found a note she'd left behind, but he could not concentrate",0
said i ain't gonna work on maggie's farm no more.,0
the hour when the ship comes in.,0
"""i was only robbing the register, i hope you understand!",0
"it frightens me, the awful truth of how sweet life can be,",0
but you must realize first i'm not another man you can hire.,0
"if you're black, you might as well not show up on the street 'less you wanna draw the heat.",0
"though we kissed through the wild, blazing nighttime,",0
"there oughtta be a law against you coming around,",0
"well, i was praying the pieces wouldn't fall on me!",0
who carried on his shoulder a siamese cat.,0
now they wanna grow it on the moon and eat it raw.,0
"fools rush in where angels fear to tread,",1
"well, you wear it so pretty. honey, can i jump on it sometime?",0
"jokerman, dance to the nightingale tune,",0
am i supposed to set back and wait until he's here?,0
"papa writes to johnny - johnny can't come home,",0
most of the time i'm strong enough not to hate.,-1
"lay, lady, lay, lay across my big brass bed.",0
"rips into your senses, through your body and your mind,",0
"the sun beat down upon the steps of time to light the way,",1
"a finger fired the trigger to his name,",0
and he carries a reminder of every blow that's laid him low and cut him till he cried out,0
"to stay closer than any friend,",0
"from now on i'll be busy, ain't going nowhere fast,",0
"heading out for the east coast - lord knows, he's paid some dues getting through,",0
"yes, i'm bound to get lucky, baby,",0
the vows that we kept are now broken and swept 'neath the bed where we slept.,0
"her jamaican rum and, when she did come, i asked her for some.",0
"you can't find no salvation, have no expectations any time, any place, anywhere.",0
is the saving grace that's over me.,0
i'm in the kitchen with the tombstone blues.,0
"the iron hand, it ain't no match for the iron rod,",0
"get me outta here, my dear man!",0
on this new morning with you.,0
"won't you come see me, queen jane?",0
"give what i got until i got no more,",0
"once upon a time you dressed so fine,",0
"well, it may be the devil and it may be the lord,",0
"may be a city councilman taking bribes on the side,",0
'bout the madness of becoming what one was never meant to be.,0
"hard times, hard times, come again no more.",0
"i can't even remember el paso, a-honey.",0
"they called joe ""crazy"", the baby they called ""kid blast"",",0
"and when it finally--the bottom fell out, i became withdrawn,",0
"you better duck down the alleyway,",0
"down the foggy ruins of time,",0
how can the life of such a man,0
"he was only a hobo, but one more is gone.",0
"i saw a white ladder all covered with water,",0
"but i can't think for you, you'll have to decide",0
"she said she would always stay,",0
"come, writers and critics who prophesize with your pen,",0
"well, the southern pacific leaving at 9:45,",0
they'll stone you when you're playing your guitar.,0
"stay, lady, stay, stay with your man awhile.",0
"""i can't get down and i shan't get down",0
i found they were all rank strangers to me.,0
where the time and the tempo drag,0
"so many dead-ends, i'm at the edge of the lake.",0
"don't stand in the doorway, don't block up the hall.",0
but these to tell what's true.,0
"bird on the horizon sitting on a fence,",0
"i have no one to meet,",0
"yes, sometimes i'm in the mood, i wanna hit that highway road,",0
poor man looking through painted glass for dignity.,-1
"come gather 'round, people, wherever you roam,",0
"shine your light, shine your light on me,",1
knock--knock--knocking on heaven's door.,0
"everybody from right now to over there and back,",0
"frankie went to the scaffold calm as a girl could be,",0
"that he's tall, dark, and handsome and you're holding his hand.",-1
it's a hard rain's gonna fall.,0
"yeah, i see my light come shining from the west out to the east,",1
i've just reached a place where the willow don't bend -,0
"don't put yourself over the line,",0
"i don't mean trouble, please don't put me down or get upset,",0
may you stay forever young.,1
"fanning the flames in the furnace of desire,",0
do what they do just to be nothing more than something they invest in.,0
if i only could a-hang on and just be her friend -,0
"""young maiden, i wish not to banter, 'tis true i come here in disguise,",0
"they never did like mama's homemade dress, papa's bankbook wasn't big enough.",0
"drag you down or drain you down,",0
"everybody wants you to be just like them,",0
"we live in a political world,",0
"that, as long as it takes to do this,",0
you say you're looking for someone,0
"yes, to dance beneath the diamond sky with one hand waving free,",0
"they smile to your face, but behind your back they hiss.",1
"take the motherless children off the street,",0
no matter what gets in the way and which way the wind does blow,0
can't stand the suspense anymore--,0
"you went out on a limb to testify for me, you said i was with you.",0
"oh, mama, can this really be the end,",0
looking for them rounders looking out for me.,0
"there was me and danny lopez, cold eyes, black nights, and then there was ruth.",0
"all the truth in the world adds up to one big lie,",0
when reilly's daughter got a message,0
he asks you with a grin if you're having a good time;,0
"yeah, but i would not feel so all alone,",0
"and our choices, they was few so the thought never hit",0
i can't stay in here - ain't it clear,0
"right now i cannot read too well, don't send me no more letters, no!",0
"yes, i cried for you, now it's your turn, you can cry a while.",-1
"lay, lady, lay, lay across my big brass bed.",0
sometimes it gets so hard to care -,0
"rubin carter and a couple of friends are driving around,",0
"you may call me r.j., you may call me ray,",0
"come, you ladies and you gentlemen, listen to my song,",0
"looking for a new fool,",0
as she takes your voice and leaves you howling at the moon.,0
"pouring off of every page like it was written in my soul, from me to you,",0
"i had a dream about you, baby,",0
for he that gets hurt will be he who has stalled,0
your brand-new leopard-skin pill-box hat.,0
"that long, black cloud is coming down,",0
"into my own parade,",0
"some are mathematicians, some are carpenters' wives,",0
you to me were the best.,0
the strongest wall will crumble and fall to a mighty god.,0
"his eyes were two slits - make any snake proud,",0
i'm not sleepy and there is no place i'm going to.,0
"got three little children and a weeping, loving wife.",0
"all across the telegraph his name, it did resound,",0
and you hide in your mansion while the young people's blood,-1
i can be just like you,0
everybody sees you on your window ledge.,0
"the winter wind is a-blowing strong, my hands a-got no gloves,",1
"don't know what to do without it,",0
and there's no telling who that it's naming,0
take heed of the stormy weather.,0
suicide remarks are torn,-1
"you see this one-eyed midget shouting the word ""now""",0
"you fake just like a woman - yes, you do!",0
"and keep your eyes wide - the chance won't come again,",0
"but you're gonna have to serve somebody,",0
"the answer, my friend, is blowing in the wind,",0
"but the judge says, ""mona can't have no bond.""",0
"when destruction cometh swiftly and there's no time to say a fare-thee-well,",0
"watered-down love,",1
if you just let me follow you down.,0
thanks for coming. we'll be in the area for a few days. maybe we'll see you tomorrow at 9.,0
"oh, how could you refuse?",0
for he that gets hurt will be he who has stalled.,0
"i give her my heart, but she wanted my soul.",0
"gonna stand at the window, gonna ask the maid, ""have you seen dignity?""",0
"i just kept looking at the side of her face in the spotlight so clear,",1
far from the twisted reach of crazy sorrow.,0
"well, i've been looking all over for a girl like you.",0
"may you build a ladder to the stars and climb on every rung,",0
"well, i'm trying to get closer, but i'm still a million miles from you.",0
"yes, i'm leaving in the morning just as soon as the dark clouds lift,",-1
"well, your friends come by for you, i don't know what to say,",0
"with great lawyers you have discussed lepers and crooks,",0
"now, the bricks lay on grand street, where the neon madmen climb.",0
"at the mongrel dogs who teach,",0
"she went into the tailor shop and dressed in men's array,",0
"once upon a time you dressed so fine,",0
why should we needlessly suffer?,0
you used to be so amused,0
michelangelo indeed could've carved out your features.,1
"""i don't call it anything,"" said frankie lee with a smile.",1
"can't stand back, swear you gotta step it up and go!",0
"my toes, too numb to step, wait only for my boot-heels to be wandering.",0
see for me if her hair is hanging long -,0
"you may call me bobby or you may call me zimmy,",0
draw conclusions on the wall.,0
i was crossing the street when shots rang out.,0
"there's just as much foot in--danger in a football game,""",0
"she told me, though, that one day we would meet up again,",0
"sad-eyed lady of the lowlands,",0
"rubin carter and a couple of friends are driving around,",0
throw my mattress out there too.,0
"pounced with fire on flaming roads,",0
"i'm telling myself i found true happiness,",0
"you turn the tide on me each day and teach my eyes to see,",0
aladdin and his lamp,0
"whether you are right or wrong,",-1
"turn, turn, turn again -",0
"may you grow up to be righteous, may you grow up to be true,",0
"with his pointed shoes and his bells,",0
"train, moving with a simple twist of fate.",0
plenty of places to hide things here if you wanna hide 'em bad enough.,0
"and it's all over now, baby blue.",0
"meanwhile far away in another part of town,",0
"it's a one-track town, just brown and a breeze, too,",0
while them that defend what they cannot see,0
"not out of spite, nor anger,",0
but you're gonna have to serve somebody.,0
you're coming through to me in black and white when we were made of dreams.,0
somebody just asked me if i've registered to vote.,0
pressing on to the higher calling of my lord.,0
may you have a strong foundation when the winds of changes shift.,0
at times i think there are no words,0
"old reilly stole a stallion,",0
how does it feel?,0
"i won't let go and i can't let go,",0
"it'll scramble up your head, drag your brain about.",0
will it lead me to glory or lead me to disgrace?,0
all the money you made will never buy back your soul.,0
"i want you,",0
up into some paradise,1
"i said, ""yes, ten thousand miles today i drove.""",0
"she was working in a topless place and i stopped in for a beer,",0
"dad's in the hallway looking hard for the fuze,",0
and ezra pound and t.s. eliot fighting in the captain's tower,0
i went into a restaurant looking for the cook.,0
there's seven people dead on a south dakota farm.,0
"i'm staying with aunt sally, but, you know, she's not really my aunt.",0
"for a few crumbs and a place to hide,",0
"he said every man's conscience is vile and depraved,",0
"steps into your room, eats into your soul,",0
it don't matter who loves who - either you'll love me or i'll love you -,1
and we gazed upon the chimes of freedom flashing.,0
the captain gone through the hole in the wall.,0
"this is a somewhat new song called ""seven days"".",0
it's a shame the way she makes me scrub the floor.,0
"you wanna drown love,",1
"go away from my window,",0
nobody feels any pain tonight as i stand inside the rain.,-1
i walked down there and ended up,0
"ophelia, she's 'neath the window, for her i feel so afraid,",0
"though you might hear laughing, spinning, swinging madly across the sun,",0
tell me behind what door your treasure lies.,0
he's the neighborhood bully.,0
i didn't know what i was gonna do.,0
"ah, get sick, get well,",0
i got a head full of ideas that are driving me insane.,0
"he thought they were successful, she thought they were blessed",0
the harmonicas play the skeleton keys in the rain,0
i can't shoot them anymore.,0
"might like to eat caviar, you might like to eat bread,",0
"when you ain't got nothing, you got nothing to lose.",0
"if your memory serves you well, we were going to meet again and wait,",0
either i'm too sensitive or else i'm getting soft.,0
"i got a wife and five little children,",0
"old-lady judges watch people in pairs,",0
i will only let you down.,0
"the stores one by one, they're folding.",0
"the wounded man looks up through his one, dying eye,",0
"if you really believe that, you know you got nothing to win and nothing to lose.",0
"you will not die, it's not poison!""",0
"look how sweet she sleep, how free must be her dream.",0
"i knew right away he was not ordinary,",0
"and you know something is happening, but you don't know what it is, do you, mr. jones?",0
"god said, ""you can do what you want, abe, but",0
"i's just thinking of a series of dreams,",0
"and he's following a star, the same one them three men followed from the east.",0
"open the door, richard, i've heard it said before,",0
"yeah, but i would not feel so all alone,",0
"my head is vibrating, i feel a sharp pain.",-1
"won't you come see me, queen jane?",0
"forever young, forever young,",1
i don't wanna drown in someone else's wine.,0
it's true that in his later years he would not carry a gun:,0
"i would set him in chains at the top of the hill,",0
"it's alright, ma, i'm only sighing.",0
"well, it is so obvious that something has changed:",0
"""come in,"" she said, ""i'll give you shelter from the storm.""",0
worshiping a god with the body of a woman well-endowed and the head of a hyena.,0
"with no direction home,",0
"the tall, dark man who rode by his side",-1
won't you meet me out in the moonlight alone?,1
that's george lincoln rockwell.,0
"but all the while i was alone, the past was close behind,",0
"oh, something's telling me i wear the ball and chain.",0
"sugar baby, get on down the line, you ain't got no brains no how,",0
michelangelo indeed could've carved out your features.,1
"she takes just like a woman - yes, she does!",0
so quickly into autumn.,0
"but i got to be going now 'cause i'm so dissatisfied,",0
"though i know that evening's empire has returned into sand,",0
"to be without a home,",0
and a fistful of coins showed the money he bummed.,0
you can say i was on anything but a roll.,0
"your eyes were on fire, your feet were of brass,",0
you ain't seen nothing like me yet.,0
"that you're tired of yourself and all your creations,",0
"no, no, no, it ain't me, babe,",0
but she ain't gonna find the road,0
to be stuck inside of mobile with the memphis blues again?,0
"go to him now, he calls you, you can't refuse.",0
i'm pressing on to the higher calling of my lord.,0
i believe i'm fixing to die.,0
"because he can't be exploited by superstition anymore,",0
god knows...,0
"baby, please stop crying,",-1
"""yes, that's the one,"" said the stranger, as quiet as a mouse.",0
tell 'em--everybody down in old frisco,0
"baby, baby...",0
"you can't hop a jet plane like you can a freight train,",0
"and it ain't no use to sit and wonder why, babe -",0
"arthur dexter bradley said, ""i'm really not sure.""",0
i don't have the strength to get up and take another shot,0
all because of the color of his skin.,0
"god said, ""no."" abe said, ""what?""",0
"the constant scapegoat, she was easily undone",0
but that's what i am paid to do.,0
"i come in like a ton of bricks, laid a few tricks on 'em.",0
"i couldn't see how you could know me,",0
"wiggle till you vomit fire,",0
"wiggle till you wiggle right outta here,",0
"there was an all-night poker game, lasted about a week.",0
and her silver-studded phantom cause,0
"it's just escaping on the run, and but for the sky there are no fences facing.",0
"you hand in your money to go watch the geek,",0
i don't have the strength to get up and take another shot,0
"you better duck down the alleyway,",0
"you're gon' quit me, baby,",0
"oh, mama, can this really be the end,",0
i'm not the one you need.,0
"think it mighta been that fighter that you saw running that night? don't forget that you are white.""",0
"yes, you are, you're gonna have to serve somebody:",0
"they'll stone you and then say, ""you are brave,""",0
"reincarnation of paul revere's horse,",0
"and there's two white horses following me,",0
"you threw the bums a dime in your prime, didn't you?",0
why only yesterday i saw somebody on the street that was a-really shook;,0
"ooh-ee, are we gonna fly down into the easy chair!",0
"hey, mr. tambourine man, play a song for me,",0
"and, when there's too much of nothing, nobody should look.",0
ain't it hard when you discover that,0
"and, before you can count from one to ten, do it all over again,",0
"saying, ""boxing is here to stay,",0
and there are no sins inside the gates of eden.,0
"looking at the window at the pecan pie,",0
how many roads must a man walk down,0
"next to come in was a broken, black flea, uh-huh,",0
"yes, i know from darkness dreams are deserted,",-1
tell 'em all that tiny's gonna say hello.,0
"night-sticks and water-cannons, tear gas, padlocks,",0
"now, the spanish-american war had its day,",0
looking for them reds everywhere.,0
"i once held her in my arms,",0
"but it ain't me, babe,",0
"i can hear them tribes moaning, hear that undertaker's bell,",0
"grabbed hold of a subway car,",0
tell me that it isn't true.,0
"ooh, baby, ooh-ee,",0
and i never did plan to go anyway to black diamond bay.,0
"the beauty parlor is filled with sailors, the circus is in town.",0
"i had to leave there in a hurry,",0
"you never understood that it ain't no good,",0
every link was jesus's name.,0
"jeep to drive, blood to spill.",-1
"lay, lady, lay, lay across my big brass bed.",0
"i heard one hundred drummers whose hands were blazing,",0
"well, you never miss your water till your well runs dry,",0
"somebody had to unlock your heart, he said it was up to me.",0
but sometimes you just find yourself over the line.,0
"oh, the locusts sang off in the distance,",0
"silvio, i gotta go",0
"babe, please crawl out your window,",0
and all i see are dark eyes.,-1
well!,0
"and it's a hard, and it's a hard, it's a hard, it's a hard,",0
i could feel a whole lot better,0
"get me outta here, my dear man!",0
"there was a man named mahatma gandhi,",0
tomorrow will be another day.,0
"anyway, it wouldn't ring true,",0
'cause he was a friend of mine.,0
but it's only the silence in the buttermilk hills that call.,0
"tolling for the luckless, the abandoned and forsaked,",0
"take what you have gathered from coincidence,",0
"they'd like to drive me from this town,",0
better get away from oxford town.,0
"look out, kid,",0
"go to him now, he calls you, you can't refuse.",0
"last night 'cross the alley there was a pounding on the wall,",0
"stay, lady, stay, stay with your man awhile.",0
"and there's a slow, slow train coming up around the bend.",0
how many paths did they try and fail?,0
"yes, indeed, you're gonna have to serve somebody:",0
but shun that house in new orleans they call the rising sun.,0
you want a watered-down love.,1
i first heard this from rick von schmidt. he lives in cambridge. rick's a blues guitar player. i met him one day in the green pastures of harvard university.,0
"i got nothing, ma, to live up to.",0
"rubin could take a man out with just one punch,",0
"sing ""amazing grace"" all the way to the swiss banks.",0
"when you think that you've lost everything,",0
now and then there's a fool such as i.,0
"but all the while i was alone, the past was close behind,",0
"silvio, silver and gold",0
you in a marketplace in savanna-la-mar.,0
"rain would gather, too.",0
"your baby's eyes look crazy, they're tugging at your sleeve,",0
"hey, mr. tambourine man, play a song for me,",0
"i swung on to my old guitar,",0
"buy me some rings and a gun that sings, a flute that toots and a bee that stings,",0
"and i could never let you go, no matter what goes on,",0
the hour that the ship comes in.,0
don't the sun look good going down over the sea?,0
"but i would not feel so all alone,",0
"lord, i'm walking down the line, lord, i'm walking down the line,",0
get ready 'cause today i'll be staying here with you.,0
my tears keep flowing to the sea.,0
an innocent man in a living hell.,0
"wondering if she'd changed at all, if her hair was still red.",0
"now, his nurse, some local loser, she's in charge of the cyanide hole",0
"it's the ways of the flesh to war against the spirit,",0
"father who teacheth the bird to fly,",0
and she had left him to die in there.,0
it didn't amount to anything more than what the broken glass reflects.,0
"oh, some of us will wind up in st. cloud prison,",0
you said you'd never compromise,0
"curtis looking high, curtis looking low,",0
"for you'd have no scruples for to send us to france where we would get shot without warning.""",0
"every time you look at it, your situation's worse.",0
"whoa! and--well, i can do just like the rest, you know, i like my sugar sweet,",0
"well, he puts his cigar out your face just for kicks,",0
"them reds did it,",0
i long to hold you in the night -,0
"but you've picked up quite a story and you've changed since the womb,",0
"you play with my world like it's your little toy,",0
at napoleon in rags and the language that he used.,0
"it's not dark yet, but it's getting there.",-1
"you can travel anywhere and hang yourself there,",0
leaving no one to pick up the trail.,0
"baby, please stop crying,",-1
"i threw it all away,",0
"let me drink from the waters where the mountain streams flood,",0
"bad news, bad news came to me where i sleep -",0
i ain't gonna work on maggie's farm no more.,0
"they'll stone you when you are walking home,",0
"well, your streets are getting empty,",0
and i know no one can sing the blues like blind willie mctell.,0
"oh, convey herself away.",0
steal a lot and they make you king.,0
"everybody thinks with their stomach and there's plenty of spies,",0
"yes, you are, you're gonna have to serve somebody:",0
and your golden loom.,0
that you just did what you're supposed to do.,0
"who'll pick you up each time you fall,",0
"no, no, no, it ain't me, babe,",0
you shouldn't let other people get your kicks for you.,0
"take it to your heart, don't let it stray.",0
everybody that was hanging out;,0
one more cup of coffee 'fore i go to the valley below.,0
"they'll be there when you got something, they'll take it all in the end.",0
"""way down yonder in the hollow tree."" uh-huh.",0
you'll not see nothing like the mighty quinn!,0
and there's really nothing anyone can say -,0
"and howard said, ""there's only one place i know.""",0
"it's not dark yet, but it's getting there.",-1
nothing done and nothing said.,0
"where peace is not welcome at all,",0
watch them jugs a-filling in the pale moonlight.,1
"you'll say, ""what are you afraid of?""",0
everything is broken.,0
"asks you with a grin, ""are you having a good time?""",0
and time is running backwards and so is the bride.,0
i'd just be curious to know if you can see yourself as clear,0
one of these days - and it won't be long -,0
ain't nothing to do but to set down and sing and rock about my sarah jane.,0
"she's a hypnotist collector, you are a walking antique.",0
"and take me disappearing through the smoke-rings of my mind,",0
he never did know what it was all about.,0
"hear the one with the mustache say, ""jeez,",0
"but you and i, we've been through that and this is not our fate,",0
"they kill babies in the crib and say, ""only the good die young.""",-1
"but me, i'm still on the road, a-heading for another joint,",0
and all of the remnants of her recent past are scattered in the wild wind.,0
you just pick anyone,0
"nothing that i wouldn't do,",0
"west of the jordan, east of the rock of gibraltar,",0
tangled up in blue.,0
"badge out, laid off,",0
"thinking about the government,",0
"and the lion's mouth opens and you're staring at his teeth,",0
couldn't get a man around to go stack-a lee's bail.,0
"i don't wanna be your boss, baby, i just wanna be your man.",0
we pulled up where henry porter used to live -,0
all inside the grounds of the walls of red wing.,0
"all day long i hear him cry so loud,",-1
"always was a sucker for the right cross,",0
with the twang of the arrow and the snap of the bow.,0
you rise up and say goodbye to no one.,0
join the army if you fail.,0
please don't let on that you knew me when i was hungry and it was your world.,0
when you know as well as me you'd rather see me paralyzed --,0
"you say i let you down, you know it's not like that.",0
"you may own guns and you may even own tanks,",0
tangled up in blue.,0
"won't buy back the beat of a heart grown cold,",0
"i muttered something underneath my breath, she studied the lines of my face,",0
if'n you don't know by now.,0
"to shine in through,",0
"just as papa yelled outside, ""mama wants you to come back in the house and bring them clothes!""",0
that's where i'll be when i get called home.,0
"""could you tell me the facts,"" i said without fear -",0
"fortune calls, i step forth from the shadows",0
"you may be a socialite with a long string of pearls,",0
"oh, the time will come up when the winds will stop",0
"though i know that evening's empire has returned into sand,",0
"lay, lady, lay, lay across my big brass bed,",0
"say for me that i'm alright, though new things come and go,",0
he wagged his tail and shook his head,0
"shadows even the silver spoon,",0
you used to be so amused,0
"to have--be on your own,",0
"little light blinking, red light glowing,",1
and accept it that soon you'll be drenched to the bone.,0
see the groom still waiting at the altar.,0
"searching everywhere i know,",0
"i just kept looking at the side of her face in the spotlight so clear,",1
i'm younger than that now.,0
alright!,0
"come on, give it to me, i'll keep it with mine.",0
"well, my back's been to the wall so long it seem like it's stuck.",0
"and later on, when the crowd thinned out, i was just about to do the same,",0
and the first one now will later be last,0
all except inside the gates of eden.,0
the one was texas medicine. the other was just railroad gin.,0
"now, the wintertime is coming, the windows are filled with frost,",0
"he's always off somewhere when i need him most,",0
"may your heart always be joyful, may your song always be sung,",1
"i got a wife and five little children,",0
"it ain't me you're looking for, babe.",0
"shine your light, shine your light on me,",1
and they made a killer outta him is what they did.,-1
with disaster that you somehow managed to escape.,0
hear me singing through these tears.,0
maybe he'll see her once again - how long must he wait,0
as they follow each other back up the hill.,0
"saying, ""for whose sake did you live? for whose sake did you die?""",0
"but i was feeling a little bit scattered and your love was all that mattered,",1
"oh, lord, this cell is cold!",0
"god said to abraham, ""kill me a son.""",-1
you only got ten.,0
i got a bird that sings.,0
six-time users,0
you used to be so amused,0
'cause time was on his side and because i,0
"he said, ""i got a bed for you underneath the stove.",0
"mama, wipe the blood outta my eyes,",-1
all lay down their bandanas and complain,0
"and say, ""do you want to make a deal?""",0
it's my duty to bring you down to the field where the flowers bloom.,0
"said, ""take me, daddy, to the nearest town.""",0
"well, i've been to the mountain and i've been in the wind,",0
"they said ""congratulations, you got what it takes"",",0
all except when 'neath the trees of eden.,0
"""without my uncle rat's consent,",0
"yet on time you depend, and no word is possessed",0
"but these visions of johanna, they make it all seem so cruel.",0
take me as i am or let me go.,0
"got me a secret membership card,",0
"she once was a true love of mine,",1
"we weren't on the wrong side, sweetness,",-1
"when both of us, baby, were going though some kind of a test,",0
"the man says, ""get out of here! i'll tear you limb from limb!""",0
"everybody, get ready, lift up your glasses and sing,",0
"my woman needs it every day,",0
"well, my pa he died and left me, my brother got killed in the war,",-1
think you'd like to play ball with the law?,0
"from silver and gold, from what man cannot hold, you changed my life.",0
"all day long i hear him shouting so loud,",0
"heading out for the east coast - lord knows, i've paid some dues getting through,",0
"well, you walk into the room like a camel and then you frown,",0
"now, all my fathers, they've gone down,",0
how can you say you love someone else? you know it's me all the time.,1
you're taking all my money and give it to another man.,0
"when the night comes falling,",0
i'm not sleepy and there is no place i'm going to.,0
"oh, jokerman, you know what he wants,",0
"the weather was hot, a-nearly ninety degrees,",0
"to be without a home,",0
let every state in this union seep deep down in your soul,0
sun don't shine above the ground.,0
"camping out all night on the veranda,",0
"oh, come all without, yeah, come all within,",0
and i told you as you clawed out my eyes,0
"there's a dying voice within me reaching out somewhere,",0
find out something only dead men know.,0
"from the city of seven hills, near the place of the cross.",0
but to live outside the law you must be honest.,0
"you got a way of tearing a world apart. love, see what you've done?",1
"a change in the weather can be extreme,",0
you can show me a new place to start.,0
till the white man stole their water rights and the running water hushed.,0
"well, the [incomprehensible] in my soul, why was it created?",0
why must you always try to make me over?,0
"i've paid the price of solitude, but at least i'm out of debt.",0
"and may you stay forever young,",1
"and the saviors, who are fast asleep, they wait for you.",0
but we're all gonna make it at that million dollar bash.,0
thinking of you when the sun comes up,0
"never did get up and walk the floor,",0
"ooh, i can't stand it, i can't stand it, pretending that you're so smart.",0
"and, every time i pass that way, i always hear my name.",0
'cause the battle outside raging,0
somebody said dignity was the first to leave.,0
"and the rocks on the sand will proudly stand,",0
"and tomorrow's morning seems so far away,",0
"businessmen, they drink my wine and plowmen dig my earth,",0
that the bear mountain picnic was coming my way.,0
"i can't be good, baby,",0
"if we never meet again, baby, remember me,",0
"don't put on any airs when you're down on rue morgue avenue,",0
the ones that jump on the wagon,0
"but then they took him to the jailhouse, where they try to turn a man into a mouse.",0
"but the crowd woulda booed, i'm sure,",0
but that's just because he doesn't wanna turn into some machine -,0
"poor little chauffeur, though, she was back in bed",0
"i just keep pressing on,",0
obscenity - who really cares? - propaganda all is phony.,0
"i met a white man who walked a black dog,",0
"at the close of the day,",0
"boys in the street beginning to play,",0
"well, it's sundown on the union and what's made in the usa.",0
"all the furniture, it say ""made in brazil"",",0
"no younger than twelve, no older than seventeen,",0
but tonight i'm as lonesome as can be.,0
"name of martin luther king,",0
you do what you must do and you do it well -,0
"the peddler now speaks to the countess who's pretending to care for him,",0
"who'll pick you up each time you fall,",0
"let me sleep in your meadows with the green, grassy leaves,",0
"i'm sure your mind is roaming,",0
and the sands on the shoreline will be shaking,0
while i'm in the hall.,0
"they don't apply no more, you can't rely no more to be standing around waiting.",0
"the judge made rubin's witnesses drunkards from the slums,",0
"blind man breaking out of a trance,",0
"oh, mama, can this really be the end,",0
"stripes on your shoulder, stripes on your back and on your hand,",0
i see better days and i do better things.,0
"insanity is smashing up against my soul,",0
"and is our purpose not the same on this earth,",0
"the world's being slaughtered, it's such a bloody disgrace.",-1
"they say that pat garrett's got your number,",0
"it's hard times, from the country, living down in new york town.",0
and the people that confronted him were many.,0
"i feel i'm knocking on heaven's door,",0
but that's what i am paid to do.,0
the fortune-telling lady has even taken all her things inside.,0
if i've had every chance and yet still fail to see?,0
"i met a young woman whose body was burning,",0
"stone you when you're standing at the bar,",0
"a pay-phone was ringing, it just about blew my mind.",0
"i'm ready when you are, senor.",0
"it's many a guard that stands around smiling,",0
may you always do for others and let others do for you.,0
"""what should the wedding supper be?"" uh-huh,",0
"oh, can't you see that you were born to stand by my side",0
you find out you can always lose a little more.,0
"love is all there is, it makes the world go 'round,",1
"i muttered something underneath my breath, she studied the lines of my face,",0
"you got a lotta nerve to say you got a helping hand to lend,",0
"i'm looking up into the sapphire-tinted skies,",0
"might like to eat caviar, you might like to eat bread,",0
"i'm just gonna let you pass,",0
"they'll stone you when you're walking on the floor,",0
"he said the name, bojangles, and he danced a lick all across the cell,",0
"lordy, lordy, lord!",0
you said you'd never compromise,0
"and it's a hard, it's a hard, it's a hard, it's a hard,",0
how many times must a man look up,0
if not for you.,0
"he'll put both his arms around you, you can feel the tender touch of the beast.",0
"they was in the air, they was on the ground,",0
"now she's gone and i don't worry,",0
"i've stumbled on the side of twelve misty mountains,",0
be only trouble for you if-a you let her in.,0
"there ought to be a law against you coming around,",0
jesus gonna make up my dying bed.,0
no sound ever comes from the gates of eden.,0
"don't wanna miss nobody, don't wanna be missed,",0
"driven deep beneath the waves,",0
"i never can go because, you know,",0
"where all the cars are stripped between the gates of night,",0
"yes, to dance beneath the diamond sky with one hand waving free,",0
and to part from my vows and my promise is more than my heart can endure;,0
"so let us not talk falsely now, the hour's getting late.""",0
"and in comes romeo, he's moaning, ""you belong to me, i believe.""",0
"if not for you, my sky would fall,",0
she spends her time peeking into desolation row.,0
"ooh-ee, are we gonna fly down into the easy chair!",0
"outside in the distance a wildcat did growl,",0
"idiot wind blowing through the buttons of our coat,",0
you say you're looking for someone,0
"and later on, when the crowd thinned out, i was just about to do the same,",0
i see that stationmaster too.,0
but his bodyguards and silver cane were no match for the jack of hearts.,0
"senor, senor, do you know where she's hiding?",0
"from her mother and sister, though close did they stay.",0
down every street there's a window,0
"well, you know, lots of people complaining that there is no work.",0
what's probably got you baffled more,0
"i'm ready to go anywhere,",0
"who's gonna throw that minstrel boy a coin,",0
the number one contender for the middleweight crown,0
one more time for a simple twist of fate?,0
"and when the whistle blows, i got to go - oh, mama, don't you know?",0
"like as not, it's better so,",0
"when he was ten years old, he had a watermelon stand.",0
only a matter of time till night comes stepping in.,0
"i can see through your walls and i know you're hurting,",0
"while all the women came and went, barefoot servants too.",0
"the old rounder in the iron mask, he slipped me the master key.",0
paths of victory we shall walk.,0
"well, you never miss your water till your well runs dry,",0
if not for you.,0
"well, you saw my picture in the corpus christi tribune,",0
are they lost or are they found? have they counted the cost it'll take to bring down,0
"oh, every foe that ever i faced,",0
what was it you wanted when you were kissing my cheek?,0
"if another war comes, it's them we must fight,",0
"no mother or dad, not a friend could i see,",0
"and the breeze will cease to be breathing,",0
but the post office's been stolen and the mailbox is locked.,0
everybody that was hanging out.,0
far from the twisted reach of crazy sorrow.,0
"well, she pulled off them long, blue gloves all made of the finest leather,",1
"i won't let go and i can't let go,",0
"but he was just a pima indian - no money, no crops, no chance -",0
and i wait for them to interrupt me drinking from my broken cup,0
"i couldn't hear the robin sing,",0
but you're gonna have to serve somebody.,0
"threw the bums a dime in your prime, didn't you?",0
he's not selling any alibis,0
"or your eyes've turned filthy from the sight-blinding dirt,",0
"i said, ""i was born at the bottom of a wishing well.""",0
"i want you,",0
"better jump down a manhole,",0
"none of them along the line know what any of it is worth.""",0
"you do the work of the devil, you got a million friends,",0
"i run right home and i went to bed,",0
and you must realize the danger.,0
"but i know god has mercy on them who're slandered and humiliated,",0
"whatever colors you have in your mind,",-1
"has taken all his blankets from the floor,",0
"she's funny, wants my money, calls me ""honey"".",0
"and it still ain't me, babe,",0
i was thinking of a series of dreams,0
"now, ira returned a hero, celebrated throughout the land,",0
but i can't say i sympathize,0
"ooh, baby, ooh-ee,",0
"so i drifted down to new orleans where i lucky was to be employed,",0
before they're forever banned?,0
"so now i'm going back again, i got to get to her somehow,",0
"ain't gonna work for maggie's pa no more,",0
"in the days of old, in the days of gold, how oftentimes i repine",0
"the hysterical bride in the penny arcade,",0
"well, it's sugar for sugar and it's salt for salt,",0
"but you were gambling for support,",0
"they walked along by the old canal, a little confused - i remember well -",0
"she wanted a whole man, not just a half.",0
on the jugglers and the clowns when they all came down to do tricks for you.,0
soon you will be dancing the fandango.,0
welfare department wouldn't give him no clothes.,0
"you're an idiot, babe, it's a wonder that you still know how to breathe.",0
the d.a. said he was the one who did the deed and the all-white jury agreed.,0
"oh, you never turned around to see the frowns",0
"everything you've gotten you've gotten by sweat, blood, and the muscle,",-1
is there somebody waiting? was there a slip of the lip?,0
"i seen a shooting star tonight and i thought of you,",0
i ain't gonna work for maggie's brother no more.,0
"well, i wake up in the morning, fold my hands and pray for rain.",0
"baby, let me follow you down,",0
spouted out that liberty,0
i figured i was ready for cassius clay.,0
"you walk into the room with your pencil in your hand,",0
"some things in life, it just gets too late to learn.",0
"you went years without me, you might as well keep going now.",0
trust yourself to do the things that only you know best.,0
"she threw me outside, i stood in the dirt where everyone walked.",0
"brownsville girl, show me all around the world,",0
"well, up the stairs ran frankie lee with a soulful, bounding leap",0
"well, i's sitting home alone and i started to sweat,",0
"saved,",0
"""well, if i had the stars of the darkest night",-1
"they'll stone you when you're driving in your brain,",0
"someday, if god's in heaven overlooking his preserve,",0
"sign on a porch says ""three's a crowd"",",0
"knock--knock--knocking on heaven's door,",0
"some of 'em going down, some of 'em gonna get killed.",-1
"well, it's not because i'm an early riser,",0
"oh, hard times, come again no more.",0
"you must leave now, take what you need, you think will last,",0
"for the days of old when we dug up the gold, in the days of '49,",0
how can the life of such a man,0
only a matter of time till night comes stepping in.,0
that called on me to call on them to get you your favors done,0
"yes, to dance beneath the diamond sky with one hand waving free,",0
"with what your fate is going to be,",0
"and not going through any great extreme,",0
"just one condition, you can go to sleep right now:",0
everything is always right,0
"'cause today i'll be staying here with you,",0
"but nobody has any respect, anyway they already expect you",0
why don't you break my heart one more time just for good luck?,0
i'm on the dark side of the road.,-1
"mistake your shyness for aloofness, your silence for snobbery.",0
"oh, me, i busted out - don't even ask me how.",0
"you might a janitor out on the [incomprehensible],",0
"some things are too hot to touch,",0
throw my suitcase out there too.,0
couldn't help but make me feel ashamed to live in a land where justice is a game.,0
"""without my uncle rat's consent,"" - uh-huh,",0
"ain't nobody but sally sue brown,",0
'cause i don't think about it.,0
he wore a gun and he was shot in the back.,0
that every hair is numbered like every grain of sand.,0
"no, no, babe, i got blood in my eyes for you,",-1
for they couldn't go no further without the jack of hearts.,0
"it was supposed to last a season, but it's been so strong for so long.",0
"drifting too far from shore,",0
"yeah, there ain't no going back,",0
and then our shadows meet and then we drink the wine.,0
but everybody wants you to be just like them.,0
what good am i while you softly weep,0
"but you're gonna have to serve somebody,",0
your brand-new leopard-skin pill-box hat.,0
"my dear, sweet friend,",0
he never did plan to walk the high wire.,0
"i was standing at the side road, listening to the billboard knock,",0
like a rolling stone?,0
"ah, but i was so much older then,",0
"lord, i'm walking down the line, walking down the line,",0
in the jingle-jangle morning i'll come following you.,0
"enter patty valentine from the upper hall,",0
"but, as long as i love you, i'm not free.",1
i know i will sustain 'cause i believe in you.,0
"ooh-ee, are we gonna fly down into the easy chair!",0
for to go off to sea with him like she did not know how.,0
"watered-down love,",1
"won't you come see me, queen jane?",0
"won't let go and i can't let go,",0
what's real and what is not.,0
"four months later, the ghettoes are in flame,",0
paid one hundred dollars for albert's new suite of clothes.,0
ain't there no one here that knows how i feel?,0
you were born with a snake in both of your fists while a hurricane was blowing.,0
paths of victory we shall walk.,0
"i spied a fair maid at her labour, which caused me to stay for a while,",0
but i can get another one,0
went to the doctor the very next day,0
"someone got a hold of my heart,",0
"but, like louise always says, ""you can't look at much, can you, man?"" as she herself prepares for him.",0
how'm i supposed to get any riding done?,0
"be sixteen come sunday.""",0
"with its pale ghost retreating between the king and the queen of swords.""",0
heart of mine.,0
"your own empty-handed army is all going home,",0
heading for the gates of eden.,0
he did a lot of nice things for me and i won't forget him.,0
"you hand in your ticket to go see the geek,",0
that can win what's never been won.,0
i will follow your casket on the pale afternoon,0
"once upon a time you dressed so fine,",0
"i got to know, babe: will you surround me",0
"stand up straight and tall,",0
down along my restless palms.,0
just a one kind favor i ask of you: allow me just one more chance.,0
"whom nature's beast fears as they come,",0
"well, she puts her cigar out in my face just for kicks,",0
"no, nothing was delivered,",0
"or maybe i do, but i'm just really not sure.",0
"yes, i want you so bad,",0
"i want you,",0
blowing like she's blowing right on time.,0
you rise up and say goodbye to no one.,0
"but i would not feel so all alone,",0
"i can deal with the situation right down to the bone,",0
"daddy's in the alley, he's looking for food,",0
"i still believe she was my twin, but i lost the ring,",0
"i'm going, i'm going, i'm gone.",0
"someone to close his eyes for you,",0
then you set back and watch when the death-count gets higher,-1
"he's made a garden of paradise in the desert sand,",1
"but you're doing it again,",0
"tell me that you love me only,",1
"don't wanna marry nobody if they're already married,",0
he not a-busy being born is a-busy dying.,0
we died and were reborn and then mysteriously saved.,0
"if this is love, then give me more and more and more and more and more.",1
and pretend that he just doesn't see?,0
"knock--knock--knocking on heaven's door,",0
trust yourself to find the path where there is no if and when.,0
"hey, mr. tambourine man, play a song for me,",0
"in the ruins of your balcony,",0
"may your heart always be joyful, may your song always be sung,",1
"conceit is a disease that the doctors got no cure,",0
"i can't remember your face anymore, your mouth has changed, your eyes don't look into mine.",0
the man the authorities came to blame,0
"whatever colors you have in your mind,",-1
"""not me,"" said the man whose fists",0
"the hysterical bride in the penny arcade,",0
"well, i'm walking kind of funny, lord,",0
"gal, you're on my mind.",0
"true love, true love, true love tends to forget.",1
somewhere so high above this wall.,0
and then you told me later as i apologized,0
"but it ain't me, babe,",0
to understand you know too soon that there is no sense in trying.,0
"that long, black cloud is coming down,",0
"honey, just allow me one more chance to get along with you.",0
"and the whole world is on your case,",0
"i would have gone on after you, but i didn't feel like letting my head get blown off.",0
you said you'd never compromise,0
"she fluttered her false eyelashes and whispered in his ear,",0
yet i swear i see my reflection,0
he wore a gun and he was shot in the back.,0
"doomed and determined to destroy all the gentle,",0
"like good, old bricks they stood the kicks in the days of '49 -",0
"she's over 'bove the [incomprehensible] pad,",0
and ordered him to do the dog.,0
because everybody must get stoned.,0
"as the step was his pillow, the street was his bed.",0
"you got a lotta nerve to say you are my friend,",0
"like judas of old, you lie and deceive,",0
"but, though the rules of the road have been lodged,",0
and he went and did the cat instead.,0
who's a-gonna hold your hard-luck hand and who's a-gonna be your man?,0
it curls and falls all down her breast.,0
"must be living in the shadow of some kind of evil star,",0
what's real and what is not.,0
and i know that you know that i know that you show something,0
i was a-hungry and it was your world.,0
sure was a good idea till greed got in the way.,0
them reds did it!,0
as you stare into the vacuum of his eyes,0
"but i'm just as happy as you, baby, i just can't say it so well.",1
i've heard you say many times that you're better than no one and no one is better than you.,0
to see him obviously framed,0
"my heart's in the highlands, can't see any other way to go.",0
"it blows their minds a-most a-bitterly,",0
"now, i've always been the kind of person that doesn't like to trespass,",0
"i see a house in the country being a-torn apart from within,",0
fear to bring children into the world.,0
"i said, whoa-whoa-whoa-whoa, i said, oh, babe, i'm in the mood for you,",0
while the eyes of the idol with the iron head are glowing.,0
"each one of 'em got seven wives, each one of 'em just out of jail.",0
"he was her man, he done her wrong.",-1
"i love you more than money and more than the stars above,",1
"it's the end of the chase and the moon is high,",0
"hot chili peppers in the blistering sun,",0
"knock--knock--knocking on heaven's door,",0
"always on the outside of whatever side there was,",-1
and that which you've given me today,0
where teardrops fall.,0
"i saw albert an hour ago with a gal named alice fry.""",0
"as i look around this world, all that i'm finding",0
"if your memory serves you well, i was going to confiscate your lace",0
the pangs of your sadness will pass as your senses will rise,0
i can snap my fingers and require the rain,0
"he said, ""my friend, bob, what do we need to make the country grow?""",0
"well, i'm standing on the table, i'm proposing a toast to the king.",0
"someone to close his eyes for you,",0
"going to acapulco, going on the run,",0
"sara, oh, sara, glamorous nymph with an arrow and bow,",0
"seems like a long time ago, long before the stars were torn down.",0
we had a falling-out like lovers often will,1
"but you and i, we've been through that and this is not our fate,",0
"but there was a pressure on me too, you know.",0
"resting in the fields, far from the turbulent space,",0
"i hired out to diamond joe, boys, did offer him my hand,",0
"try hard, get barred,",0
"with no direction home,",0
"with great lawyers and scholars you've discussed lepers and crooks,",0
"now, his holiest books have been trampled upon,",0
"and watch the young torero stand alone,",0
"any day now, any day now, i shall be released.",0
"who despise their jobs, their destinies,",0
"if you're traveling in the north country fair,",0
"i ain't gonna work for maggie's pa no more,",0
the morning breeze like a bugle blew against the drums of dawn.,0
"a world war can be won you want me to believe,",0
"joey, joey,",0
"but you, you changed my life, came along in a time of strife,",0
i finally got a job in new york town.,0
"down the foggy ruins of time,",0
the light i never knowed.,1
"like a complete unknown,",0
"i want my arms around you,",0
"""i hit him, i hit him, yes, it's true,",0
in the jingle-jangle morning i'll come following you.,0
"he took dead-center aim, but he missed just the same,",0
"all you can do is do what you must,",0
"time is an ocean, but it ends at the shore:",0
"and another soldier's deep in prayer,",0
"i see my light come shining from the west unto the east,",1
"first degree and second degree,",0
"though you might hear laughing, spinning, swinging madly across the sun,",0
"time passes slowly up here in the daylight,",1
"feel to moan, but unlike before",0
"all the people we used to know, they're an illusion to me now.",0
he really wasn't where it's at,0
"pack up my suitcase, give me my hat,",0
let hot iron blow as you raise the shade.,0
the water is wide and i can’t cross over,0
"their minds are filled with big ideas, images, and distorted facts.",0
"you lose yourself, you reappear,",0
"it don't matter no more what you got to say,",0
"with great lawyers you've discussed lepers and crooks,",0
"yes, and how many deaths will it take till he knows",-1
"i'm just going, i'm going, i'm gone.",0
"yeah, and--well, i'm not gonna tell you why that is,",0
"as we went a-walking down by the seaside,",0
may you build a ladder to the stars and climb on every rung,0
"don't fall apart on me tonight,",0
"i stepped up to my rival, dagger in my hand,",0
"and i feel like i'm knocking on heaven's door,",0
"no, no, babe, i got blood in my eyes for you,",-1
"her father would emphasize you got to be more than streetwise,",0
"yes, and how many ears must one man have",0
"for he bought me with a price, freed me from the pit",0
"yes, you're gonna have to serve somebody:",0
but the town has no need to be nervous.,0
"someone to close his heart,",0
"she makes love just like a woman - yes, she does!",1
"she had to sell everything she owned and froze up inside,",0
you're a big girl all the way.,0
"honey, 'cause the world gone wrong.",-1
who carried on his shoulder a siamese cat.,0
will you let me be myself or is your love in vain?,1
"the past don't control you, but the future's like a roulette wheel spinning,",0
"well, there ain't no going back,",0
"when the younger of the girls, she came on deck,",0
"and you can hitchhike on the highway,",0
swamp's gonna rise and no boat's gonna row.,0
"i stood there and hummed, i tapped on her drum, i asked her, ""how come?""",0
"the meat is so tough you can't cut it with a sword,",0
"to satisfy, ensure you not to quit,",0
"you'll be doing society a favor,",0
"don't wanna amuse nobody, i don't wanna be amused,",0
"spanish is the loving tongue,",0
"then you ache just like a woman, but you break just like a little girl.",0
he supported all his children and all their mothers too.,0
"well, how often's a man dance to the beat of the palm?",0
"don't stand in the doorway, don't block up the hall",0
'neath the rose bush.,0
"broken cutters, broken saws,",0
"till she finally sees that she's like all the rest with her fog, her amphetamine, and her pearls.",0
"kill that beast and feed that swine,",-1
"this must be the day that all of my dreams come true,",0
"we came to the pyramids all embedded in ice,",0
"now, when all the clowns that you have commissioned",0
"somebody points his finger at you and says, ""it's his.""",0
how many roads must a man walk down,0
"""come out, ye gifted kings and queens, and hear my sad complaint!",0
on her twenty-second birthday she already is an old maid.,0
"you have given me life to live,",0
you never mentioned one time the man who came and died a criminal's death.,-1
"""but we'll climb that hill no matter how steep when we come up to it!""",0
"you got the crazy rhythm when you walk,",0
"out to the windy beach,",0
"and the one-eyed undertaker, he blows a futile horn:",0
we'll bring you up there on a ship.,0
in every leaf that trembles and in every grain of sand.,0
this is the blind horse that leads you around.,0
"i do it for you, a-honey baby, can't you tell?",0
o'er the road we're bound to go.,0
as they rode him in custody down to the station,0
"leaving nobody to sing his sad song,",0
"your lover, who just walked out your door,",1
"two by two, into the foggy dew,",0
"well, in my time of dying, don't want nobody to mourn.",0
"i heard her say over my shoulder, ""we'll meet again someday on the avenue,",0
"the only thing i knew how to do was to keep on keeping on like a bird that flew,",0
"but my heart is not weary, it's light and it's free,",1
as friends and other strangers,0
"there's a dying voice within me reaching out somewhere,",0
"if you're looking to get silly, you better go back to from where you came",0
"knock--knock--knocking on heaven's door,",0
"he's wearing boxing gloves, he took a dive one day",1
"first it's hello, goodbye, then push, and then crash,",0
"big-time negotiators, false healers, and woman-haters,",-1
"next to come in was a little, black tick,",0
"my tablecloth's from malaysia,",0
"i'd already gone the distance,",0
"i courted her proudly, but now she is gone,",0
"just don't put on any airs when you're down on rue morgue avenue,",0
"i got blood in my eyes for you, baby,",-1
"ooh, baby, ooh-ee,",0
for not breaking down no bedroom door to get at you.,0
the only thing we knew for sure about henry porter,0
"keep-a your hand on that plow, hold on!",0
"alright, that's straight from chicago.",0
that johanna's not here.,0
"i can hear the church-bells ringing in the yard, i wonder who they're ringing for.",0
"tell me, will you go back and take another look?",0
"they sat together in the park as the evening sky grew dark,",-1
when they didn't wanna know or see.,0
as the last fire-truck from hell,0
one day the little boy and little girl were baked in a pie.,0
before he can hear people cry?,-1
"long distance operator, please place this call, you know, it's not for fun,",0
"i know sal been doing them things again,",0
"can lead to hundred-dollar plates,",0
"beat or cheat or mistreat you,",0
"he's a bad man, gonna land him right back in jail.",0
to be stuck inside of mobile with the memphis blues again?,0
father of love and father of rain.,1
"on the shores of sunny italy.""",0
"did i miss the mark, overstep the line that only you could see?",0
"i can finish this alone, honey,",0
"alright, thank you very much.",0
your grandma prays to pictures that are pasted on a board.,0
"you never understood that it ain't no good,",0
"ring them bells, st. catherine, from the top of the room,",0
"that six diggers cannot bury him,",0
"up on housing project hill it's either fortune or fame,",0
"i could be unraveling wherever i'm traveling, even to foreign shores,",0
"i'm going down to rose marie's,",0
"felt around for the light switch, felt around for her face,",1
can they tell you what's wrong from what's right?,-1
"might have drugs at your command, women in a cage,",0
"seven days zipping and blowing,",0
before it is washed to the sea?,0
"by his power i've been lifted, in his love i am secure",1
"but you're doing it again,",0
"well, they take him and they teach him and they groom him for life",0
the number one contender for the middleweight crown,0
"i'm not the one you want, babe,",0
"that sailed through the air and came down through the room,",0
the could-be dream lover of my lifetime.,1
"i'm going, i'm going, i'm gone.",0
"and then you ache just like a woman, but you break just like a little girl.",0
"hey, hey, babe, i got blood in my eyes for you,",-1
they ask me how i feel,0
but he never did like to talk about it all that much.,0
"they run a brick and tile company,",0
"she said, ""where you been?"" i said, ""no place special.""",0
take the rag away from your face! now ain't the time for your tears.,0
"everything passes, everything changes. just do what you think you should do.",0
you never know what you got till it's gone?,0
"he smiled when he saw me coming and he said, ""well, well, well.""",1
"and you say, ""what does this mean?"" and he screams back, ""you're a cow!",0
to make all that should be killed to crawl,-1
"come, writers and critics who prophesize with your pen,",0
your old road is rapidly aging.,0
"when first i came to louisville some pleasure there to find,",0
"you say i'm a gambler, you say i'm a pimp,",0
"pressing on,",0
"but they can't help you none when there's trouble,",0
why wait any longer for the one you love,1
"bird, fly high by the light of the moon,",1
buy you shoes and clothes.,0
"the answer, my friend, is blowing in the wind,",0
spouted out that liberty,0
"beyond here lies nothing,",0
i'm ready for to fade,0
the branches cast their shadows over stone.,0
"she's a humdinger, folksinger.",0
"for the days of old when we dug up the gold, in the days of '49.",0
"tell me,",0
"i want him to feel what it's like to every moment face his death.""",-1
i ain't looking for nothing in anyone's eyes.,0
"lay down your weary tune, lay down, lay down the song you strum",0
'bout armies on the march and time that is short,0
"to marry john thomas, a miner.",0
"he fine you a nickel, he fine you a dime,",0
"his clothes are dirty, but his--his hands are clean",0
"i say, ""why you say that for",0
"like the stillness in the wind before the hurricane begins,",0
the pump don't work 'cause the vandals took the handles.,0
"saying, ""name me somebody that's not a parasite and i'll go out and say a prayer for him.""",0
"on a night like this i'm so glad you came around,",0
"enter patty valentine from the outer hall,",0
who carried the dishes and took out the garbage,0
hmm.,0
far from the twisted reach of crazy sorrow.,0
"to be on your own,",0
'stead of acting like we never have met.,0
i keep asking myself how long it can go on like this.,0
i could hold you for a million years to make you feel my love.,1
"i went to tell everybody, but i could not get across.",0
but we're heading for a wall of stone.,0
"so, don't fear if you hear",0
"just like you always said, there was something about me you liked",0
"hey, mr. tambourine man, play a song for me,",0
"may be sleeping on the floor, sleeping in a king-size bed,",0
sometimes i wanna take to the road and plunder.,0
"but you and i, we've been through that and this is not our fate,",0
"""one of us had better call up the cops.""",0
"he said his name was columbus. i just said ""good luck"".",0
"if your time to you is worth saving,",0
"yesterday's just a memory,",0
let me forget about today until tomorrow.,0
"sara, oh, sara, beautiful lady so dear to my heart.",1
"""i've got to talk to someone quick!"" but the greek said, ""go away!"", and he kicked the chair to the floor.",0
"so, now as i'm leaving, i'm weary as hell,",0
'when you hear the beep it will be three o'clock.',0
"and a lot of 'em, they seemed to be looking my way.",0
"well, there's fistfights in the kitchen, they're enough to make me cry.",-1
"you say, ""how are you?"", ""good luck"", but you don't mean it",0
"""god bless your children and i'll take care of your wife,",0
"walk upside-down inside handcuffs,",0
"someone to close his heart,",0
may you stay forever young.,1
you give something up for everything you gain.,0
i'm an old boll weevil looking for a home,0
my heart's in the highlands at the break of dawn,0
"she was born in spring, but i was born too late -",0
"in the little church a-this side of town,",0
"but, when quinn the eskimo gets here, everybody'll jump for joy.",1
"automobile coming into style,",0
"and you, just what do you do anyway? ain't there nothing you can say?",0
"""how sweetly i sleep here alone.""",0
"""don't trill no news on me.",0
"may be a construction worker working on a home,",0
if not for you.,0
may you have a strong foundation when the winds of changes shift.,0
"passed this way an hour ago with his friend, a jealous monk.",0
you shouldn't let other people get your kicks for you.,0
"well, you fake just like a woman",0
all their earthly principles they're gonna have to abandon?,0
"no, i ain't gonna work for maggie's brother no more.",0
"and keep your eyes wide - the chance won't come again,",0
"well, my heart stopped beating, my hands turned cold,",0
and the only pleasure he gets out of life is rambling from town to town.,0
and here i sit so patiently waiting to find out what price,0
"she answered to him with a loving smile, ""i'll be sixteen come sunday,",1
"""before you step on board, sir, your name i'd like to know.""",0
"i can't speak the sounds to show no pain,",-1
"tangled up in blue.""",0
"well, the night is so empty, so quiet and still,",0
"oh, the leaves began to falling and the seas began to part",0
while my conscience explodes.,0
in the jingle-jangle morning i'll come following you.,0
"lord, protect my child.",0
before he can see the sky?,0
"if you see her, say hello, she might be in tangier,",0
join the army if you fail.,0
"to the white folks who watched he was a revolutionary bum,",0
and you only got ten.,0
"oh, sister, when i come to lie in your arms,",0
"if i'd knowed how bad you'd treat me,",0
in the courtroom of honor the judge pounded his gavel,0
"but i'm saved,",0
"oh, you got to trust yourself.",0
"and you're looking for something you ain't quite found yet,",0
"a man in the corner approached me for a match,",0
"gargles in the rat-race choir,",0
"and ride a horse along the trail,",0
"whether you are right or wrong,",-1
i'm going back to new orleans - my race is almost run.,0
"as she worked on my face till breaking my eyes, then said, ""what else you got left?""",0
"there were six thousand people trying to kill each other,",-1
"outside of two men on a train platform, there's nobody in sight.",0
"china doll, alcohol,",0
"there was an old man and he lived in the moon,",0
"do you know where i can possibly get rid of these things?""",0
thunder from the barrel of his gun.,0
"for something that he never done,",0
"i am homeless, come and take me",0
"mama, you been on my mind.",0
"you know, i feel pretty good, but that ain't saying much.",0
"well, i wanna be your lover, baby, i don't wanna be your boss.",1
he's got his mother's eyes.,0
"i came to a high place of darkness and light,",1
"oh, quickly, heal his wounds.",0
gone as the season she's taken.,0
pull out your six-shooter and rob every bank you can see.,0
"listen to that duquesne whistle blowing,",0
"yes, i'd sure like to know",0
"with sensitive instincts, she was the creative one.",0
"and i am bound away for the sea, mary ann.",0
"ate up all of the wedding cake, uh-huh.",0
and it seems like i want to travel on.,0
"that one doctor cannot save him,",0
and now i stand here looking at your yellow railroad,0
you will not hear a laugh -,0
'twas then he felt alone and wished that he'd gone straight,0
"there soon came a horrible, dying yell",0
"i was looking every place for them god-darned reds,",0
you just build it cheaper someplace else.,0
i can see that your head has been twisted and fed with worthless foam from the mouth.,0
johnny's in the basement,0
"what cannot be imitated perfect must die,",0
"your mother says i'm a stranger,",0
"well, there's a-fighting in the valley,",0
"oh, mama, ain't you gonna miss your best friend now?",0
"teeth like pearls shining like the moon above,",0
"the phone's tapped anyway,",0
i did not do it harmfully,0
"this silence of tongues, it was building.",0
and there's no time to think.,0
"let the bird sing, let the bird fly,",0
"but i don't sense affection, no gratitude or love,",1
"and about how she was thinking of bumming a ride back to from where she started,",0
"billy, they don't like you to be so free.",0
"everybody watching us a-go by knows we're in love, yes, they understand.",1
"the day you quit me, baby,",0
"hey, mr. tambourine man, play a song for me,",0
remember me to the one who lives there,0
they say the nighttime is the right time to be with the one you love.,1
i ain't looking for nothing in anyone's eyes.,0
"then they bury him in stars, sell his body like they do used cars.",0
using ideas as my maps.,0
"i'll walk to the depths of the deepest, dark forest,",-1
i'll be waiting at the station,0
"you should not treat me like a stranger,",0
take what you have gathered from coincidence.,0
"now you stand here saying you forgive and forget. honey, what can i say?",0
"people'd call, say, ""beware, doll,",0
"for the days of old when we dug up the gold, in the days of '49.",0
at bringing back any help for my friends and captain arab.,0
"father of black, father of white,",0
"but your good man ain't a-coming home, you better understand,",0
"rode off with blackjack davey.""",0
sound like it's on a final run.,0
"they'll stone you and then they'll say, ""good luck.""",0
"yes, you're right from your side and i'm right from mine,",0
"i was thinking 'bout turquoise, i was thinking 'bout gold,",0
"well, the high tide's rising, mama, don't you let me down,",0
"it ain't no use in calling out my name, babe,",0
couldn't help but make me feel ashamed to live in a land where justice is a game.,0
"suddenly i found you and the spirit in me sings,",0
"and your long-time curse hurts, but what's worse is this pain in here,",-1
"where black is the color, where none is the number,",0
it certainly was possible as the gay night wore on,0
you make me nervous when you start to talk.,0
the answer is blowing in the wind.,0
and your highway's getting filled.,0
"plants in the bed, but",0
to be alone with you,0
"baby, baby.",0
"he felt the heat of the night hit him like a freight train,",0
"a dollar when i'm hard up, religion when i die.",0
wherever you're a-gambling now nobody knows.,0
"take a deep breath, feel like you're choking,",0
"you came up behind me, i saw you go by,",0
"i stand on highway, baby flag me down,",0
"if i'm not too far off, i think we did this once before.",0
maybe we just better call off the picnic.,0
"bird, fly high by the light of the moon,",1
"i decided to flip a coin, like either heads or tails",0
"someone to open each and every door,",0
"no, no, no, it ain't me, babe,",0
"that can do what's a-never been done,",0
"and madonna, she still has not showed,",0
slowly into autumn.,0
when out comes a farmer - he musta thought that i was nuts.,0
"the cracked bells and washed-out horns blow into my face with scorn,",0
"for the times, they are a-changing.",0
"i went down where the vultures feed,",0
"but the crowd woulda booed, i'm sure,",0
they're all gonna be there at that million dollar bash.,0
"she sees a bartender in a pool of blood,",-1
"she said, ""boy, without a doubt, have to quit your mess and straighten out,",0
"i can't be good, baby,",0
"my senses have been stripped,",0
if not for you.,0
"and admit that the waters around you have grown,",0
"now, the only thing a gambler needs is a suitcase and a trunk",0
"now, the roving gambler, he was very bored",0
thought i'd seen some ups and downs,0
"well, it's march me away to the station with my suitcase in my hand,",0
'twas then that i knew what he had on his mind.,0
"has taken all his blankets from the floor,",0
"but i'll see him in anything, so i'll stand in line.",0
"if these wings should fail me, lord,",0
"and reflect from the mountain so all souls can see it,",0
"i'm letting the cat out of the cage, i'm keeping a low profile.",0
"false-hearted judges dying in the webs that they spin,",0
"now, the moon is almost hidden, the stars are beginning to hide,",0
i'm not sleepy and there is no place i'm going to.,0
"in a world of steel-eyed death and men who are fighting to be warm,",-1
"down the foggy ruins of time,",0
"if you go when the snowflakes fall,",0
"and to the black folks he was just a crazy nigger,",0
visions of your smoking tone shoot through my head and are making me see stars.,0
"well, i came ashore in the dead of the night,",0
"tattooed my babies with a poison pen,",0
"""what are those hills yonder, my love?",1
i can't tell my heart that you're no good.,0
"to the white folks who watched he was a revolutionary bum,",0
"he's a weird monkey, very funky.",0
"like you never did before,",0
"turn, turn to the rain and the wind.",0
"come out tonight, everything'll be tight, winterlude, this dude thinks you're grand.",0
"two by two to their lovers they flew,",1
"stares straight ahead and tries so hard to stay right,",0
"you got a lotta nerve to say you are my friend,",0
won't you bury my body out on highway 51?,0
"my love, she's like some raven",1
"i can't be good, baby,",0
"my creator, my comforter, my cause for joy,",1
in the jingle-jangle morning i'll come following you.,0
how they ever flood my soul!,0
"in her honky-tonk lagoon,",0
"she was married when they first met, soon to be divorced,",0
"don't wanna be a bum,",0
she knows that i'm not afraid to look at her.,0
"and admit that the waters around you have grown,",0
you discover that you'd just a-be one more person crying.,-1
but you're gonna have to serve somebody.,0
"trouble in the water, trouble in the air,",0
"silver hair, ragged shirt, and baggy pants, that old soft shoe.",0
"the deputy sheriffs, the soldiers, the governors get paid,",0
"suddenly i turned around, she was standing there",0
"""no reason to get excited,"" the thief, he kindly spoke,",0
i can't stay in here - ain't it clear,0
"you could die down here, be just another accident statistic.""",0
"bow down to her on sunday, salute her when her birthday comes,",0
of every man who put me here.,0
"""well, my message is he's down the road, stranded in a house.""",0
ain't going down to oxford town.,0
"don't think twice, it's alright, babe,",0
"better jump down a manhole,",0
"knock--knock--knocking on heaven's door,",0
"well, shakespeare, he's in the alley with his pointed shoes and his bells",0
"i just wouldn't have a clue,",0
i've been walking around,0
in your brand-new leopard-skin pill-box hat.,0
"my pulse is running through my palm, the sharp hills are rising from",0
"""there are many here among us who feel that life is but a joke,",0
"but don't think twice, it's alright.",0
"and them caribbean winds still blow from nassau to mexico,",0
"you know, there's some things that you put out, it's gonna come back on you.",0
"sara, sara, whatever made you wanna change your mind?",-1
"the line, it is drawn and the curse, it is cast,",0
"you got innocent men in jail, your insane asylums are filled,",0
sometimes it gets so hard to care -,0
"my god, they killed him!",-1
"now, when you go home, you don't have to get along,",0
"this place ain't doing me any good,",0
"here's the story of the ""hurricane"",",0
"it's pride, and prejudice, and superstition, indeed,",0
"yes, and how many ears must one man have",0
"oh, those mighty kings of the jungle, i could hardly stand to see 'em -",0
"may be working in a barbershop, you may know how to cut hair,",0
"the sword swallower walks up to you and he kneels,",0
joking and talking about the world outside.,0
"like a complete unknown,",0
"the newspapers, they all went along for the ride.",0
"he didn't know it, he never thought it could be done, but in the final shot he'd won the war",0
"for the times, they are a-changing.",0
"of ancient history,",0
"took her by the hand and my heart was thumping,",0
"odds and ends, odds and ends,",0
"and stopped into a strange hotel with a neon burning bright,",0
twenty years of schooling and they put you on the day shift.,0
"but i would not feel so all alone,",0
"judge says to curtis, ""what's this noise about?""",0
"for the flowers of the city, though breath-like, get death-like at times",-1
"they keep it all hid,",0
"time is an ocean, but it ends at the shore:",0
"don't the moon look good, mama, shining down through the trees?",0
i just could not be what she wanted me to be.,0
i just don't think that i could handle it.,0
they'll stone you when you're walking to the door.,0
is worth more than i could pay,0
before she sleeps in the sand?,0
"broken pipes, broken tools,",0
how does it feel?,0
"i want you,",0
"hot chili peppers in the blistering sun,",0
"yes, and how many times must a man look up",0
"one more weekend, one more weekend with you,",0
"any day now, any day now, i shall be released.",0
"more frailer than the flowers, these precious hours",0
"but, if i could, i'd bring you to the mountain-top, girl,",0
"i like the cool way you look at me,",0
"the judge, he's holding a grudge and he's about to call on you,",0
"you must leave now, take what you need, you think will last,",0
"about a brave, young indian you should remember well",0
"it was you who came right through,",0
"yes, but i would not feel so all alone,",0
"i have no one to meet,",0
reacted to his deed with a shrug of his shoulders,0
"enter patty valentine from the upper hall,",0
"a man named martin luther king,",0
"someone to open each and every door,",0
"warlords of sorrow and queens of tomorrow will offer their heads for a prayer,",0
plowed furrows of death through the toiling ranks,-1
"throw my troubles out the door, i don't need them anymore",0
"your sons and your daughters are beyond your command,",0
"the cops said, ""a poor boy like you could use a break -",0
"it's not dark yet, but it's getting there.",-1
"let the wind blow low, let the wind blow high,",0
"when ruthie says come see her in her honky-tonk lagoon,",0
"look out, kid,",0
"--bello and bradley and they both baldly lied,",0
till your error you clearly learn.,0
"i'm gon' buy me a barrel of whiskey, i'll die before i turn senile.",0
"look up in the hills, that flash of light.",1
"hey, hey, woody guthrie, i wrote you a song",0
throwing all my memories in a ditch so deep.,0
"ye shall be changed,",0
"well, it may be the devil or it may be the lord,",0
"men a-flying, fists a-flying, paper flying,",0
"and she aches just like a woman, but she breaks just like a little girl.",0
"lay, lady, lay, lay across my big brass bed.",0
"yes, and how many times must the cannon balls fly",0
"i'm a clean-cut kid and i been to college, too.""",0
"the only one my arms could ever hold,",0
"bankers' nieces seek perfection,",0
"take care of yourself, get plenty rest.",0
won't you meet me out in the moonlight alone?,1
to the old folks' home and the college.,0
"you're a man of the mountains, you can walk on the clouds,",0
"even joined a union, paid my dues.",0
"preaching faith and salvation, waiting on the night to arrive.",0
nobody has to guess that baby can't be blessed,0
"who could they get to carry you,",0
"heart of mine, be still,",0
maggie says that many say,0
where the sad-eyed prophets say that no man comes?,0
"still, a man hears what he wants to hear",0
for the loser now will be later to win,0
"well, it ain't no use to sit and wonder why, babe,",0
"if you see her, say hello, she might be in tangier,",0
should i leave them by your gate,0
"well, my sense of humanity has gone down the drain,",0
"if i don't get the gal i'm loving, won't go down highway 51 no more.",0
"you know, i loved her just the same.",1
"who uses all his power to do evil, but in the end is always left so alone,",0
"she walked up to me so gracefully and took my crown of thorns,",0
"please her, please him, buy gifts,",0
"delia's in the graveyard, she might never, never get up.",-1
"among the dead and dying, her darling love she found,",1
but i will always be emotionally yours.,0
"brownsville girl with your brownsville curls,",0
it doesn't matter inside the gates of eden.,0
"any day now, any day now, i shall be released.",0
"quite lucky to be alive, though!",0
"not always easy kicking someone out, gotta wait awhile, it can be an unpleasant task.",0
"ooh-ee, ride me high, tomorrow's the day that my bride's a-gonna come!",0
"yes, i gaze at passing strangers in case i might see you,",0
"""not me,"" says the man whose fists",0
"for the times, they are a-changing.",0
"mi amor, mi corazon.",0
love and only love - it can't be denied.,1
"'twas down in chaynee county, a time they talk about,",0
why don't you break my heart one more time just for good luck?,0
"in the slow-motion crawl or life's busy race,",0
"well, she says, ""you just don't seem,like you do."" i said, ""you're way wrong.""",-1
but i was just too stubborn to ever be governed by enforced insanity.,0
"i'm a-going where the chilly winds don't blow,",0
"heard the last moan of a boxer, seen the massacre of the innocent,",0
"don't know what i could say about claudette wouldn't come back to haunt me,",0
"heart of mine,",0
"may you always be courageous, stand upright and be strong,",0
"feel i'm knocking on heaven's door,",0
all i really wanna do,0
"and it's all over now, baby blue.",0
"i can't recall your face anymore, your mouth has changed and your eyes don't look into mine.",0
and remain as i am,0
"""peace will come with tranquility and the splendor",0
"yes, and i'll go last.",0
while his genocide fools and his friends rearrange,0
"but come on, baby, i'm your friend!",0
"ain't no going back,",0
"oh, mama, is this really the end,",0
"""could you kindly tell me, friend, what time the show begins?""",0
"to stay closer--closer than any friend,",0
"brownsville girl, you're my honey, love.",1
lights flicker from the opposite loft.,1
on the jugglers and the clowns when they all did tricks for you.,0
he really wasn't where it's at,0
"steps going down into tattoo land,",0
"voices echo, ""this is what salvation must be like after a while"",",0
lily had already taken all of the dye out of her hair.,0
"i know all about poison, i know all about fiery darts,",0
i'm not sleepy and there is no place i'm going to.,0
"don't wanna shoot nobody, don't wanna be shot,",0
"you got something to say, speak or hold your peace,",0
"she say, ""who take away his license to kill?""",-1
"to understand, you know too soon there's no sense in trying.",0
"yonder stands your orphan with his gun,",0
things should start to get interesting right about now.,0
"well, the lord created it, mister, about the same time that he made the earth.",0
"hmm, i can make it through,",0
when the night comes falling from the sky.,0
woo!,0
"mama, you are on my mind.",0
"they'll stone you and then they'll say, ""good luck.""",0
before you call him a man?,0
i ain't never gonna be the same again.,0
"my love, she laughs like the flowers,",1
"i think we better talk this over,",0
"the national guard stands around his door, ohh!",0
"the cities of a lonesome fear,",0
"come on, come on, stick together,",0
"took the wife and kids and started home,",0
when only you are near,0
"under that apple suckling tree, oh, yeah!",0
"and, no matter what they say, i believe in you.",0
they got some hungry women there and they really make a mess outta you.,0
"i don't care how many letters they sent, morning came and morning went,",0
"and to the black folks he was just a crazy nigger,",0
"short pants, romance, learn to dance,",0
down along the cove we walk together hand in hand.,0
"well, get sick, get well,",0
"may you stay forever young,",1
"and, when i'm called up yonder and it's my time to go,",0
like a-she a-broke a-this heart of mine.,0
crying like a fire in the sun.,-1
"well, now, time passed and now it seems",0
"i had 'em once though, i suppose, to go along with all the ring-dancing christmas carols on all the christmas eves,",0
trust yourself.,0
"may your hands always be busy, may your feet always be swift,",0
"ooh-ee, ride me high, tomorrow's the day that my bride's a-gonna come!",0
"socialism, hypnotism,",0
"if dogs run free, why not we",0
but you're gonna have to serve somebody.,0
"he reached too high, was thrown back to the ground.",0
"he grabbed his pants for a better stance, oh, he jumped so high and clicked up his heels.",0
they was all over!,0
then they bury you from your head to your feet from the disease of conceit.,0
the holy one called jesus christ.,0
"joey, joey,",0
i found they were all rank strangers to me.,0
"ghost of belle starr, she hands down her wits",0
why wait any longer for the world to begin?,0
"no more booby traps and bombs, no more decadence and charm,",0
is standing in the clothes that you once wore.,0
"puffing on a big cigar,",0
the answer is blowing in the wind.,0
"i met another man who was wounded in hatred,",0
"well, they'll stone you and say that it's the end,",0
"and admit that the waters around you have grown,",0
"rosemary right beside him, steady in her eyes -",0
'cause i don't think about it.,0
you never know what you got till it's gone?,0
"you should be made to be wearing at all times a telephone,",0
even though a cloud's white curtain in a far-off corner flared,0
i a-hope you can hear--,0
"a man named martin luther king,",0
"yes, i'm walking down your highway",0
"dead man, dead man, when will you arise,",0
if you just let me follow you down.,0
tell her she can look me up if she's got the time.,0
"i ain't gonna work for maggie's brother no more,",0
my baby took my heart from me.,0
"where my friends and i spent many an afternoon,",0
"she's proud, but she needs to roam,",0
"i know it looks like i'm moving, but i'm standing still.",0
"like a complete unknown,",0
"now, your dancing child with his chinese suit, he spoke to me, i took his flute.",0
molotov cocktails and rocks behind every curtain.,0
"mixing up the medicine,",0
"like a complete unknown,",0
while them that defend what they cannot see,0
"one look at you and i'm out of control,",0
"who've lost all ray of hope,",0
"they're selling postcards of the hanging, they're painting the passports brown,",-1
"after a while we took in the clothes, nobody said very much,",0
"social clubs in drag disguise,",0
"oh, if i had a flask of gin and sugar here for two",0
"nothing wrong could make it right away,",-1
"he hands--out in your face for kicks,",0
"honey, just allow me one more chance to ride your aeroplane.",0
give you an inch and you'll take the mile.,0
lot of things can get in the way when you're trying to do what's right.,0
i ain't gonna work for maggie's brother no more.,0
"all down in taken-for-granted situations,",0
i can tell you are torn between staying and returning back to the south.,0
"feeling funny in my mind, lord,",0
"she never stumbles, she got no place to fall,",0
"but, though the masters make the rules",0
"i said a quick prayer and i felt satisfied,",0
"you might be hungry, you might be [incomprehensible],",0
i love you more than ever and it burns me to the soul.,1
i see the hungry clouds up above your face,0
"leaving in the morning if i have to ride the blinds,",0
the fortune-telling lady has even taken all her things inside.,0
"to be without a home,",0
"well, i don't mind dying,",0
and landed fully blast in his garden flowers.,0
"silvio, silver and gold",0
what's a sweetheart like you doing in a dump like this?,0
can be seen in the eyes of those that call,0
preacherman seeks the same -- who'll get there first is uncertain.,0
"winter would have no spring,",0
"i can't feel you anymore, i can't even touch the clothes you wear,",0
i'm in love with the ugliest girl in the world.,1
"upon the beach, where hound dogs bay",0
said he'd give me information if his name wasn't used.,0
i'm on the pavement,0
"they're killing nuns and soldiers, there's fighting on the border.",-1
"watching the river flow,",0
"your lover, who just walked out your door,",1
"i was ready to leave, i was already walking,",0
"""let's blow this place to kingdom come, let con edison take the blame.""",0
"a change in the weather is always extreme,",0
"she's begging to know what measures he now will be taking,",0
"make you spin or do you in,",0
"this wheel's on fire, rolling down the road,",0
"everybody knows that baby's got new clothes,",0
"brownsville girl, you're my honey, love.",1
"well, i'm gonna baptize you in fire so you can sin no more,",0
but i can't get close to her at all.,0
"someone to open each and every door,",0
who killed davey moore?,-1
"you may be a state trooper, you might be a young turk,",0
new morning.,0
"it could even be like a myth,",0
let me eat off his head and you can really see.,0
"feel like a broke-down engine, ain't got no driving wheel,",0
but the fighter still remains.,0
"all your reindeer armies, they're all going home,",0
that every hair is numbered like every grain of sand.,0
"the only thing i knew how to do was to keep on keeping on like a bird that flew,",0
you been hurt so many times,0
you're my baby.,0
"rita said ""come back!"" and he started to load.",0
"she said, ""don't you tell henry,",0
did i lose my mind when i tried to get rid,0
"every step of the way we walk the line,",0
"i'm stark naked, but i don't care,",0
"and your flesh like silk and your face like glass,",0
that even jesus would never forgive what you do.,0
"something is the matter, baby, there's smoke in your hair.",0
"yet she's true like ice, like fire.",0
you don't get anything you don't deserve where we were born in time.,0
"but you're gonna have to serve somebody,",0
"come all without, come all within,",0
"may be the head of some big tv network,",0
"who's a-gonna kiss your memphis lips when i'm out in the wind,",0
"don't wanna judge nobody, don't wanna be judged,",0
"billy, you're so far away from home.",0
hope you're ready.,0
"every lady in the land told him lies,",0
"in the turning of twilight,",1
"stared at the person who killed for no reason,",-1
like a rolling stone?,0
"and my skin will surely crawl if he touches you at all,",0
they tell me to be discreet,0
i'm on the dark side of the road.,-1
with gold and silver in her hand.,0
"to be without a home,",0
moving with a simple twist of fate.,0
"the sky cracked its poems in naked wonder,",0
and i'll watch while you're lowered down to your deathbed,-1
"may your hands always be busy, may your feet always be swift,",0
"he grabbed my arm, i said ""ouch!""",0
may you stay forever young.,1
"crumble into one another,",0
if she was ever with me or if i was ever with her.,0
"light yourself a candle,",1
"you're gonna need my help, sweetheart, you can't make love all by yourself.",1
"but, don't my gal look fine when she's chasing after me?",0
knock--knock--knocking on heaven's door.,0
"like you never did before,",0
with a face that any painter would paint as he walked through the crowd,-1
"and she aches just like a woman, but she breaks just like a little girl.",0
it's not a bad way to make a living,0
you thought it was the best thing i could do?,0
but you will wind up peeking through her keyhole down upon your knees.,0
you say you're looking for someone,0
as lady and i look out tonight from desolation row.,0
there is a house in new orleans they call the rising sun,0
"the wind howls like a hammer,",0
yeah! going to have some fun.,0
"stone you when you're walking on the street,",0
"blowing like she never blowed before,",0
"""come in,"" she said, ""i'll give you shelter from the storm.""",0
"whatever pleases you, tell it to my heart -",-1
i can't use it anymore.,0
i've been living the blues every night without you.,0
"when you gonna wake up, said when you gonna wake up,",0
"i'd already gone the distance,",0
i could feel a whole lot better,0
"yes, indeed, you're gonna have to serve somebody:",0
may you have a strong foundation when the winds of changes shift.,0
"she was there in the meadow where the creek used to rise,",0
puts her hands in her back pocket bette davis-style.,0
"many a gamble has been lost and won,",0
it's easy to see without looking too far that not much is really sacred.,0
"can't you hear me, baby, rapping on your door?",0
and keep away from pranks.,0
"won't you come see me, queen jane?",0
"just remember that death is not the end,",-1
"i want you,",0
i'm not sleepy and there is no place i'm going to.,0
"since the beginning of the universe, man's been cursed by trouble,",0
"if you're so hurt, why then don't you show it?",0
"from their fates try to resign,",0
"left me blindly here to stand but still not sleeping,",0
"yeah, but i would not feel so all alone,",0
"look out, kid,",0
"yes, indeed, you're gonna have to serve somebody:",0
why are your eyes just staring off in the night?,0
"alright, now!",0
"it's such a sad thing to see beauty decay,",0
ring them from the fortress for the lilies that bloom.,0
to some righteous king who wrote psalms beside moonlight stream.,1
how badly they were shocked -,0
"saying, ""fist-fighting is here to stay,",0
"and, every time that he'd get full, he was spoiling for a fight.",0
"now, you take your file and you bend my head,",0
knock--knock--knocking on heaven's door.,0
"knock--knock--knocking on heaven's door,",0
"well, frankie lee, he sat back down, feeling low and mean",0
"lordy, lordy, lord!",0
catch the wild fishes that float through the stream -,0
"the truth was obscure, too profound and too pure,",0
i'm gonna get my coat - i feel the breath of a storm.,0
funny way to start a picnic.,0
"you came up behind me, i saw you go by,",0
"like a complete unknown,",0
"or, sad-eyed lady, should i wait?",0
i see you kiss her on the cheek every time she gives a speech.,0
and the first one now will later be last,0
"staying up for days in the chelsea hotel,",0
"well, my wrist was empty, but my nerves were kicking, ticking like a clock.",0
"now, all the authorities, they just stand around and boast",0
seemed like always they'd be caught between the mob and the men in blue.,0
"you that build the death planes, you that build all the bombs,",-1
with all memory and fate,0
"tell me,",0
"i was betrayed by flora, the lily of the west.",0
when all the clowns that you have commissioned,0
someone who will die for you and maybe more -,0
"with that half-wit comedian on it,",0
"no, i ain't gonna work on maggie's farm no more.",0
"tears of rage, tears of grief, why i'm always the one who must feel a thief?",0
"please, mrs. henry, mrs. henry, please!",0
"some speak of the future,",0
"you will be alright, girl,",0
"with the mystery tramp, but now you realize",0
to win friends and influence his uncle.,0
"you that hide behind walls, you that hide behind desks,",0
it probably wouldn't matter to you anyhow.,0
i'll go to some hollow and sit at my still,0
the vagabond who's rapping at your door,0
about having to be scrounging for your next meal -,0
don't fall apart on me tonight.,0
"alberta, let your hair hang low,",0
"remember the night you lay--blowed little sadie down?""",0
"keep your eyes wide - the chance won't come again,",0
and the first one now will later be last,0
"oh, i miss my darling so, i didn't mean to see her go,",0
"take me down to california, baby!",0
"says he's got a bad bill,",0
"but, mama, you been on my mind.",0
"he brags of his misery, he likes to live dangerously,",0
"yes, i been gambling so long,",0
"as i was out walking on the corner one day,",0
"the roving gambler was a-very bored,",0
"wiggle, wiggle, wiggle like satin and silk,",0
why and what's the reason for?,0
"it's not aimed at anyone,",0
am i mixed up too much? am i mixed up too hard?,0
"well, i'm pressing on to the higher calling of my lord.",0
like a rolling stone?,0
she knows that she's not afraid to look at her.,0
"pistol-shots ring out in the barroom night,",0
"soft as music, light as spring.",1
"the only son of god almighty,",0
he's not selling any alibis,0
"it was all pointed out, the way to go, and scratched your name in sand,",0
"or is it because you remind me of something that used to be,",0
i came to the place where the lone pilgrim lay,0
"well, i been looking at my shadow, i been watching the clouds up above,",0
"walking-walking with you in my head,",0
"in the night a hound dog bayed,",0
the man the authorities came to blame,0
is brought down from the castles by insurance men who go,0
and these visions of johanna that conquer my mind.,0
there were six thousand people there.,0
"the gypsy's door was open wide, but the gypsy was gone",0
"he -- ""yeah, you're right. let me tell your mother this has been done.""",0
throw my suitcase out there too.,0
"there's a hymn i used to hear in the churches all the time,",0
"rain would gather, too.",0
time passes slow when you're searching for love.,1
"but, when we meet again and are introduced by friends,",0
"mama, put my guns in the ground,",0
"i've been living the blues every night without you,",0
you always got more than enough rope.,0
"might like to wear cotton, might like to wear silk,",0
"well, he can be fascinating, he can be dull,",0
"feel like a fighting rooster, feel better than i ever felt,",0
all about that john b. stetson hat.,0
"broken switches, broken gates,",0
"may be the head of some big tv network,",0
"ain't nothing left here, partner,",0
"hold on to me, pretty miss, and say you'll never go away to stray.",0
and don't speak too soon for the wheel's still in spin,0
"cat's moo and calf's meow, you know, i--i can recite them all,",0
"one day the man in the moon went home and the river went dry,",0
i've spent all my money on whiskey and beer.,0
"till she sees finally she's like all the rest with her fog, her amphetamine, and her pearls.",0
"don't need a shot of heroin to kill my disease,",-1
"yes, the last thing you said before you hit the street,",0
know that sometimes satan come as a man of peace.,0
and things would be different the next time we wed,0
"quick, magdalena, take my gun,",0
someone said that dignity was the first to leave.,0
but i see through your eyes and i see through your brain,0
"saved by the blood of the lamb,",-1
"i have gone from rags to riches in the sorrow of the night,",0
"oh, the farmers and the businessmen, they all did decide",0
"you've known it all the time, i'm learning it these days -",0
bring that bottle over here.,0
"i saw a white ladder all covered with water,",0
"one more cup of coffee for the road,",0
though i'd never say,0
never no more do i wonder,0
"do what the captain says, lotta medals you will get,",0
"""well, i rung the fallout shelter bell",0
and that even the nobles get properly handled,0
"there was music in the cafes at night and revolution in the air,",0
"with no direction home,",0
they put ideas in his head that he thought were his.,0
may you stay forever young.,1
"i know you're sorry, i'm sorry too.",0
"i'm on the fringes of the night, fighting back tears that i can't control,",0
crying out that he was framed.,-1
we see this empty cage now corrode,0
"oh, my name, it ain't nothing, my age, it means less,",0
"for your times, they are a-changing.",0
i ain't gonna work for maggie's pa no more.,0
"it's many a night i pretended to be a-sleeping,",0
"circled by the circus sands,",0
i see that stationmaster too.,0
"i waited in the hallway, she went to get it, and i tried to make sense",0
"i saw a highway of diamonds with nobody on it,",0
"you came down the line, gave me a new mind, you changed my life.",0
there was four persons killed and he was at the wheel -,-1
for them that think death's honesty,-1
and shot it fulla holes.,0
still i say her love-words over,1
fighting every inch of the way.,0
how was i to know you'd be the one,0
"there's a slow - there's a slow, slow train coming,",0
"in comes romeo, he's moaning, ""you belong to me, i believe.""",0
you used to laugh about,0
"""oh, stop that cursed jury!"" cried the attendant and the nurse.",0
"sometimes i wonder what's going on with miss x,",0
"'tis the song, the sigh of the weary,",0
"thinking about the government,",0
"you and i, we've been through that, this is not our fate.",0
there's no excuse for you to say that we don't think alike.,0
"west of the jordan, east of the rock of gibraltar,",0
and she aches just like a woman,0
"while paupers change possessions,",0
"heart-fixer, mind-regulator, true to the end.",0
"come, mothers and fathers throughout the land,",0
and the sun is a-going down upon the sacred cow.,0
"cat's in the well, horse is going bumpety-bump,",0
"open the door, richard, i've heard it said before,",0
"but, when quinn the eskimo gets here, everybody's gonna doze.",0
and a noble truth is a sacred creed.,0
"roses are red, violets are blue,",0
"like judas of old, you lie and deceive,",0
"baby, let me follow you down,",0
she saw us come rolling up in a trail of dust.,0
"you went years without me, might as well keep going now.",0
"keep a clean nose,",0
"big, white clouds like chariots that swing down low.",0
"what kind of sign they need when it all come from within,",0
"i ain't gonna work for maggie's ma no more,",0
"i once loved a woman - a child, i am told.",1
eclipses both the sun and moon -,0
"and it's true sometime, you could see it that way,",0
"and your gravity fails and negativity don't pull you through,",0
"yes, and i just got to tell you that i do intend",0
"let the day turn to night, my dear mary ann.",0
throw my ticket out the window.,0
"and forget my pride,",0
"just like you always said, there was something about me you liked",0
better stay away from those,0
who killed davey moore?,-1
and the marshals and cops get the same.,0
and time is running backwards and so is the bride.,0
"me, i romp and stomp, thankful as i romp.",0
"i'm locked in tight, i'm outta range,",0
"and a lot of 'em, they seemed to be looking my way.",0
"but now morning is clear,",0
"i wish she'd tell me what it is, i'll run and hide.",0
to be stuck inside of mobile with the memphis blues again?,0
"well, i've been to the mountain and i've been in the wind,",0
"look around you, it's just bound to make you embarrassed!",0
"i see my light come shining from the west out to the east,",1
"they say ""sing!"" while you slave -- i get bored.",0
"the cry of the peacock, flies buzz my head,",-1
"to your tambourine in time,",0
"please don't feel bad, no, no, no, no, don't, don't, don't feel bad,",0
"when you gonna wake up, strengthen the things that remain?",0
but it sure does bother me to see my loved ones turning into puppets -,1
"but ye shall be a-changed,",0
"they'll stone you when you're trying to make a buck,",0
in the jingle-jangle morning i'll come following you.,0
be in the palm of some fool's hand?,0
besides it's just a shadow you're seeing that he's chasing.,0
"i'm painting the town, swinging my partner around,",-1
at times i think there are no words,0
"i'm not about to argue, i'm not about to move to no other place.",0
"i'm gonna let you pass,",0
"knock--knock--knocking on heaven's door,",0
"so, i called up the operator of time",0
"listen to that duquesne whistle blowing,",0
just what you had in mind,0
"i like the way that you move your hips,",0
but take a trip before you ship to join the iron gang:,0
is that his name wasn't henry porter.,0
"""there are many here among us who feel that life is but a joke,",0
"dust on my face and my cape,",0
"i musta been mad, i never knew what i had",0
"may be living in another country under another name,",0
"people are crazy, times are strange,",0
everybody must get stoned.,0
"there was new york jake, the butcher's boy, he was always getting tight",0
"look away, we're bound away across the wide missouri.",0
all about that john b. stetson hat.,0
you shouldn't let other people get your kicks for you.,0
"just as sure as we're living, just as sure as you're born,",0
"and, anyway, i'm not alone.",0
"it's getting dark, too dark to see,",-1
"and i won't let go and i can't let go,",0
may you stay forever young.,1
but it's hard to think on,0
"get you a copper kettle, get you a copper coil,",0
"cops a-coming, me a-running.",0
"thunder rolling over clarksdale, everything looking blue,",0
"everybody wants to make a long distance call, but, you know, they're just gonna have to wait.",0
"and think they're fooling you,",0
"please, mrs. henry, won't you take me to my room?",0
"we got you for that motel job. we were talking to your friend, bello,",0
"like a complete unknown,",0
"""get well, get well, love henry,"" she cried,",1
"pack up your money, pull up your tent, mcguinn, you ain't a-going nowhere!",0
in the jingle-jangle morning i'll come following you.,0
"""come in,"" she said, ""i'll give you shelter from the storm.""",0
but you know you only used to get juiced in it.,0
"the angels play on their horns all day,",1
know not what the years may hold.,0
"and another man named bello, moving around mysteriously.",0
for only fifteen hundred dollars you can have anybody killed.,-1
and the words that are used for to get the ship confused,0
"you got no reason to wander, no reason to roam.",0
"could be the fuhrer, could be the local priest.",0
i's looking around just to see who was born.,0
"vanished from my hand,",0
"leaving nobody to carry him home,",0
"i can see through your walls and i know you're hurting,",0
"rain would gather, too.",0
"you've murdered your vanity, burned your sanity for pleasure you must now resist,",0
"and you're flat on your belly with your hands tied behind,",0
"look up in the hills, that flash of light.",1
"yes, you are, you're gonna have to serve somebody:",0
it's something you did,0
you never know what you got till it's gone?,0
what good am i?,0
on the back of the fish truck that loads,0
"why she did go,",0
they complained in the east - they are paying too high.,0
"i've heard all of them rumors and you have heard 'em, too,",0
"she gets all messed up, she faints,",0
"but whatever you wish to keep, you better grab it fast,",-1
"hey, mr. tambourine man, play a song for me,",0
"bird on the horizon sitting on a fence,",0
he been living there three years now,0
before she sleeps in the sand?,0
"man gave names to all the animals in the beginning, in the beginning,",0
bounty hunters are dancing all around you -,0
who passionately hates his life and likewise fears his death.,-1
how they ever flood my soul!,0
"there's just one last favor i'll ask of you,",0
"alberta, don't you treat me unkind.",0
when questioned who had sent for him he answered with his thumb,0
"shake me up that old peach tree, little jack horner got nothing on me -",0
"baby, outside of your graveyard lips.",-1
and left me here facing the wall.,0
"she said, 'hey, man, you crazy or something?",0
they're all gonna be there at that million dollar bash.,0
"seen his family scattered, people hounded and torn,",0
"i would've gone deeper, but there wasn't any need.",0
see the groom still waiting at the altar.,0
"run your fingers down my spine and bring me a touch of bliss,",0
see the groom still waiting at the altar.,0
tangled up in blue.,0
you gonna have to find yourself another best friend somehow.,0
"to a solid rock,",0
"but you could tell she was so broken-hearted,",0
"and i was standing on the side of the road, rain falling on my shoes,",0
now you don't seem so proud,0
"the seasons, they are turning and my sad heart is yearning",0
they talk about a life of brotherly love - show me someone who knows how to live it!,1
where teardrops fall.,0
"and the seagulls, they'll be smiling",0
before you call him a man?,0
"it ain't no use to sit and wonder why, babe,",0
a bed that is never mine,0
tell me.,0
"and i would send a message to find out if she's talked,",0
"how does it feel,",0
"gypsy davy with a blowtorch, he burns out their camps,",0
don't put your hope in ungodly men or be a slave to what somebody else believes.,0
"hmm, tell me.",0
"well, there's voices in the night trying to be heard,",0
"where life and death are memorized,",-1
"did i miss the mark, overstep the line that only you could see?",0
"all the silver, all the gold,",0
"nobody's ever taught you how to live out on the street,",0
"yes, i can take him to your house, but i can't unlock it.",0
"""and we have no desire to take your advance,",0
"to jezebel, the nun, she violently knits",0
"with silver bracelets on her wrists and flowers in her hair,",0
"mortality, reality.",0
"but it's not to stand naked under unknowing eyes,",0
"my god, they killed him!",-1
even the softest touch.,0
"straight was the track to the top of the hill,",0
if i say i'm loving you not for what you are but what you're not.,0
"she's the one you been wondering about, but there's a-really nothing much to tell.",0
he screamed a bit and away he flew.,0
"born in red hook, brooklyn, in the year of a-who knows when,",0
that he'd always make sure i'd understand,0
"they wished you'd accepted the blame for the farm,",0
"you hurt the ones that i love best and cover up the truth with lies,",1
and just for that one moment i could be you.,0
in the stillness of the midnight,0
"my comrades, they all loved me well - a jolly, saucy crew,",1
"well, the future for me is already a thing of the past,",0
"searching everywhere i know,",0
when a bowling ball came down the road and knocked me off my feet.,0
"seeing my reflection, i'm hung over, hung down, hung up!",0
my eyes collide head-on with stuffed,0
"come, now, sweet cream, don't forget to flash,",0
"then in comes his daughter, whose name was rita.",0
"the man in the trench-coat,",0
"joey, joey,",0
"where ma rainey and beethoven once unwrapped their bedroll,",0
"don't wanna defeat nobody if already been defeated,",0
talking that the heat put,0
i ain't gonna work for maggie's ma no more.,0
"everything runs by me just like water from a well,",0
"whoever it is, i wish they'd cut it out, but when they will i can only guess.",0
"he said, ""there's a body i'm a-trying to find.",0
down along the cove i spied my little bundle of joy.,1
and passion rules the arrow that flies.,0
or has it died out and melted like the snow?,0
"all the tired horses in the sun,",0
"there's a song that will linger forever in our ears,",0
"in every leaf that trembles, in every grain of sand.",0
"""there's too much confusion, i can't get no relief.",0
"silvio, silver and gold",0
"if your time to you is worth saving,",0
"even you, yesterday, you had to ask me where it was at,",0
"washing them dishes, feeding them swine.",0
"i can't find my knees.""",0
"ah, but i was so much older then,",0
"and his cheeks in a chunk, with his cheese in the cash,",0
i ain't gonna work on maggie's farm no more.,0
nothing we can call our own,0
into the narrow lanes where i can't stumble or stay put.,0
"what's lost is lost, we can't regain what went down in the flood,",0
"i don't remember who i was or where i was bound,",0
"freedom, just around the corner for you,",0
"sick man looking for the doctor's cure,",0
i've been living the blues every night without you.,0
"the country doctor rambles,",0
"now you don't talk so loud,",0
"i picked up his body and i dragged him inside,",0
how many roads must a man walk down,0
"pounced with fire on flaming roads,",0
"the human mind can only stand so much,",0
"hang around the ink-well,",0
"and watch the young torero stand alone,",0
"if not for you,",0
"you been through all of f. scott fitzgerald's books,",0
"oh, sister, am i not a brother to you?",0
tangled up in blue.,0
and how i know i'll make it through,0
"knock--knock--knocking on heaven's door,",0
and here i sit so patiently waiting to find out what price,0
"said, ""ms. mousey, will you marry me?"" uh-huh.",0
"come, let us fly, my magdalena,",0
he saw him disappear by a tree near a lake -,0
i just walk and watch you talk with your memory on my mind.,0
"as he came charging down the stairs, saying, ""what's that i heard you say?""",0
and there was no man around who could track or chain him down.,0
"and i nearly starved to death, boys, he did mistreat me so.",-1
like the men that followed jesus when they put a price upon his head.,0
"as he weeps to wicked birds of prey,",0
"shine your light, shine your light on me,",1
"you coulda done better, but i don't mind,",0
"you might be [incomprehensible] on the start,",0
"""have you seen dignity?""",0
could you ever be true? i think of you and i wonder.,0
"i thank the lord,",0
just the holy son of man i'll never understand.,0
"trouble, trouble, trouble, nothing but trouble.",0
"who invited me to her house. i went, but she had a friend",0
tell 'em all that tiny montgomery says hello.,0
advertising signs that con,0
"well, there was this movie i seen one time",0
"he dressed like jimmy cagney, but he did - lost a little weight.",0
"but, you who philosophize disgrace and criticize fears,",0
"we wanna pin this triple murder on him - he ain't no 'gentleman jim'.""",0
"i see the turning of the page, curtain rising on a new age,",0
"get jailed, jump bail,",0
how many years can a mountain exist,0
"the treasure can't be found by men who search,",0
in the darkness by the riverbed they waited on the ground,-1
why and what's the reason for?,0
i can hear that lonesome whistle blowing.,0
"babe, i couldn't find the door,",0
"drinking in some bar to hide your sorrow,",0
"and, when bringing her name up, he speaks of a farewell kiss to me.",0
and i turn my head back to the room where my love and i have laid,1
"you've got to serve somebody,",0
"pale face fit into place, oh, please!",0
"you don't want a love that's pure,",1
what's wrong with you this time?,-1
"yes, that's the story of the ""hurricane"",",0
"daddy's in the alley looking for the fuze,",0
"i was under the dome where nothing is sung, you changed my life.",0
"no, i ain't gonna work for maggie's brother no more.",0
"how does it feel,",0
"pick up your money and pack up your tent, you ain't going nowhere.",0
"yes, that's the story of the ""hurricane"",",0
"you've never learned to read or write, there's no books upon your shelf,",0
you used to laugh about,0
"next to come in was the bumbly bee,",0
"and later on, when the crowd thinned out, i was just about to do the same,",0
"i'm stuck here on the ground where the cold winds blow,",0
"cost a quarter, half-price.",0
i still can remember the way that you smiled,1
"while all the women came and went, barefoot servants too.",0
"did he make it to the top? well, he probably did and dropped,",0
"the way, it is long, but the end is near,",0
"stopped into a renovated hotel with a neon burning bright,",0
i don't believe you.,0
"without your love, i'd be nowhere at all,",1
"you see, you forgot to leave me with the key.",0
"oh, get born, keep warm,",0
"we've killed each one,",-1
"but, if you want me to,",0
"won't you come see me, queen jane?",0
"say you got some other--other kind of lover and, yes, i believe you do.",1
ain't it hard when you discover that,0
"there's a lone soldier on the cross, smoke pouring out of a boxcar door,",0
"jokerman, dance to the nightingale tune,",0
"well, there's a woman on my block, she'll just sit there facing the hill,",0
"for she ain't the same,",0
"""same thing my father do i can do likewise.""",0
"to get it to work for you like your nine-pound hammer did,",0
"well, i waited for you when i was half sick.",0
"oh, mama, you gonna miss your best friend now,",0
"but me, i'm still on the road, heading for another joint,",0
"to stay closer than any friend,",0
"split up on a dark, sad night, both agreeing it was best.",-1
"that i just don't fit? yes, i believe it's time for us to quit.",0
"knock--knock--knocking on heaven's door,",0
i'm twenty miles outta town and cold irons bound.,0
there's a guy i gotta see.,0
"king of the streets, child of clay,",0
crying like a fire in the sun.,-1
"well, ninety miles an hour down a dead-end street.",0
"you, you, you, you, you got a hold of my heart, oh, yeah!",0
"i'm going out of my mind,",0
"""where shall the wedding supper be?""",0
"i'd be sad and blue,",0
"i heard the sound of a clown who cried in the alley,",0
"he was [incomprehensible], there was nothing i could do to stop it.",0
"hey, mr. tambourine man, play a song for me,",0
the answer is blowing in the wind.,0
"i's just thinking of a series of dreams,",0
"all along this countryside he opened many a door,",0
"i'm locked in tight, i'm outta range,",0
i was ripping it to shreds when this coast-guard boat went past.,0
"i heard the song of a poet who died in the gutter,",0
"she said, ""you look a-different."" i said, ""well, i guess.""",0
"uncle rat laughed and he shook his fat sides, uh-huh,",0
"baby, caught between heaven and hell.",0
remember you said you saw the getaway car?,0
i seen a lot of women but she never escaped my mind and i just grew,0
just a one kind favor i ask of you: allow me just one more chance.,0
"well, i don't figure i'll be back there for a spell",0
"senor, senor, i can see that painted wagon,",-1
"well, my ship's been split to splinters and it's sinking fast,",0
"well, well, well,",0
and to all the good people that traveled with you.,0
"you even make love just like a woman,",1
"come on, baby, give our love a try, let's stick together,",1
there was someone on a platform talking to the folks,0
"lay, lady, lay, lay across my big brass bed.",0
"some are mathematicians, some are carpenters' wives,",0
"disillusioned words a-like a-bullets bark,",0
after he took from you everything he could steal?,0
he healed the sick and he fed the hungry,0
"i must admit, felt a little uneasy when she bent down to tie the laces of my shoe,",0
"got killed by a blow, lay slain by a cane",-1
just being next to you is a natural thing for me,0
let the four winds blow around this old cabin door -,0
as the dying gunfighter lay on the sun and gasped for his last breath.,0
and a little wee drummer intending to camp for a day being pleasant and charming.,0
don't be angry--don't be angry with me should i cry.,-1
"i don't mind who you'll be waking with tomorrow,",0
the man in the coon-skin cap,0
"heard the tongues of angels and the tongues of men,",1
"far past the frozen leaves,",0
his epitaph plain:,0
"can you cook and sew, make flowers grow, do you understand my pain?",-1
"well, i'm going off to libya,",0
"you suddenly find you've got nothing to fear,",0
"get back, write braille,",0
to reach of your rattling drums.,0
"well, the sword swallower, he comes up to you and then he kneels,",0
"said, ""i got no money."" he said, ""that ain't necessary.""",0
before you call him a man?,0
"sometimes i'm thinking i'm too high to fall,",0
"the wounded man looks up through his one, dying eye,",0
"well, he puts his cigar out in your face just for kicks,",0
"whatever colors you have in your mind,",-1
and you never ask questions when god's on your side.,0
"if not for you,",0
"someone showed me a picture, i just had to laugh,",0
"far between sundown's finish and midnight's broken toll,",0
"i'm ready to go anywhere,",0
"jailhouse ain't no plaything,",0
even a pawn must hold a grudge.,0
"someone to open each and every door,",0
"is, baby, be friends with you.",0
"they say, ""lose your inhibition, follow your own ambition"",",0
in the jingle-jangle morning i'll come following you.,0
"you got something better,",0
"there was no jewels, no nothing! i felt i've been had",0
at the end of the trail.,0
"turn, turn, turn again -",0
until we're both one too many mornings and a thousand miles away.,0
darkness at the break of noon,-1
"hoofbeats like castanets on stone,",0
"you may be an ambassador to england or france,",0
"lord, i ain't going down to no racetrack see no sports car run.",0
"on this guitar i'm playing, on this banjo i'm flailing,",0
"she went with the man in the long, black coat.",0
"i've stepped in the middle of seven sad forests,",0
"go away from my window,",0
"she leave by the other and roam,",0
lay your hand upon my head.,0
"well, i'm trying to get closer, i'm still a million miles from you.",0
"cold, black glass don't make no mirror,",0
"i wish i a-was a magician,",0
when the jelly-faced women all sneeze.,0
find out something only dead men know.,0
but tonight no moonlight will shine on me.,1
"and they drove that car as far as they could, abandoned it out west,",0
are you ready?,0
somewhere so high above this wall.,0
"don't think of me and fantasize on what we've never had,",0
"if there's anyone that knows, is there anyone that cares?",0
"when the rivers freeze and summer ends,",0
"i don't wanna fake you out,",0
leave no stone unturned.,0
"gonna get low-down, gonna fly high,",0
"now, don't make me play this waiting-game.",0
as you stare into the vacuum of his eyes,0
you said you'd never compromise,0
"you angel, you, you're as f--got me under your wing,",1
"rock me, pretty baby, rock me all at once,",0
"hey, mr. tambourine man, play a song for me,",0
"true love, true love, true love tends to forget,",1
"she say, ""who gonna take away his license to kill?""",-1
"yeah, but i would not feel so all alone,",0
i believe i'm fixing to die.,0
"so, i done laid around, done stayed around this old town too long,",0
to see him obviously framed,0
"put in a prison cell, but one time he could've been the champion of the world.",0
i'm gonna let you pass,0
"well, i try my best to be just like i am,",0
"""but,"" says arthur, ""i wouldn't be proud of your clothes",0
"for the times, they are a-changing.",0
"and there he spied his darling bride in the arms of blackjack davey,",0
don't say i never warned you when your train gets lost.,0
"oh, angelina.",1
carry for you deep down inside.,0
"dust on my face and my cape,",0
"get back, write braille,",0
don't speak too soon for the wheel's still in spin,0
"oh, well, everybody says you're using voodoo, i've seen your feet walk by themselves,",0
"hey, mr. tambourine man, play a song for me,",0
before they're allowed to be free?,0
everybody must get stoned.,0
"yes, you're gonna have to serve somebody:",0
but now something has changed,0
"when the sad, silent song made the hour twice as long",0
and just set there waiting for me to come.,0
"yes, and only if she was lying by me,",0
"moonlight on the water, fisherman's daughter looking in to my room",1
"like a complete unknown,",0
high police get stack-a-lee and a-he jumped forty feet.,0
"yes, i could make it without you, honey, if i just did not feel so all alone.",0
when you go your way and i go mine.,0
"well, my baby went to illinois with some boy she could destroy,",0
all about that john b. stetson hat.,0
"as easy it was to tell black from white,",0
"don't have the inclination to look back on any mistake,",0
"i and i, one said to the other, ""no man see my face and lives.""",0
"and high office relations in the politics of maryland,",0
"come, writers and critics who prophesize with your pen,",0
"poor boy dressed in black,",0
"i once loved a woman - a child, i am told.",1
"folks lose their possessions, the folks are leaving town.",0
"and your long-time curse hurts, but what's worse is this a-pain in here,",-1
half asleep 'neath the stars with a small dog licking your face.,0
"i wanna be with you, girl, if you wanna be with me,",0
they're all gonna take on down by the bounded bank.,0
i'm in the kitchen with the tombstone blues.,0
she packed it all up in a suitcase.,0
"i love you, pretty baby,",1
i seen her on the stairs and i couldn't help but follow--,0
"well, so don't think twice, it's alright.",0
"i just wouldn't have a clue,",0
"yes, and how many times must the cannon balls fly",0
"and admit that the waters around you have grown,",0
across the swooping plain?,0
for tonight when i'll be staying here with you.,0
"now you don't talk so loud,",0
"i heard the roar of a wave that could drown the whole world,",0
"and it's a hard, it's a hard, it's a hard, it's a hard,",0
"there's more frost on the window glass with each new, tender kiss,",0
"doctor, can you hear me? i need some medicaid,",0
"if she's passing back this way, i'm not that hard to find,",0
my baby stole my heart from me.,0
are they lost or are they found? have they counted the cost it'll take to bring down,0
"well, my ruthie said come see her",0
"don't let her know,",0
you'll not see nothing like the mighty quinn!,0
i'll be your baby tonight.,0
didn't i rise above all the most unfortunate circumstances?,0
"come gather 'round, people, wherever you roam,",0
i ain't gonna work for maggie's pa no more.,0
"fools rush in where angels fear to tread,",1
maggie says that many say,0
"baby, is there anything left to tell?",0
for they're deep and they're wide and the world's on its side,0
"this situation can only get rougher,",0
"sometimes you gotta do like elvis did and shoot the damn thing out.""",0
"yes, now you're positive something's happening and you wish you knew what it was, don't you, mr. jones?",0
"i could feel the heat and the pulse of her as she bent down to tie the laces of my shoe,",0
how many of their brothers and sisters lingered in jail?,0
didn't i-didn't i try to love you?,1
i stood wondering which way to go.,0
"my only prayer is if i can't be there,",0
"well, i rapped upon a house with the u.s. flag upon display.",0
"i'm a stranger here and no one sees me, except you, yeah, you,",0
"like a needle in a haystack, i'm gonna find you yet,",0
"it's not dark yet, but it's getting there.",-1
"it was gravity which pulled us down and destiny which broke us apart,",0
"princess up on the steeple and all them pretty people,",0
"into her dark chamber she will greet you,",-1
"i went to tell everybody, but i could not get across.",0
i'm not sleepy and there is no place i'm going to.,0
to see him obviously framed,0
waiting on my burying ground.,0
"cat's moo and calf's meow, you know, i--i can recite them all,",0
"oh, but what a shame! if all we've shared can't last.",0
"idiot wind blowing through the buttons of our coat,",0
she knows too much to argue or to judge.,0
"i peeked behind the picture frame,",0
"not this time, baby, no more of this.",0
"well, the time will tell who has fell, who's been left behind,",0
"to jezebel, the nun, she violently knits",0
"i'm locked in tight, i'm outta range.",0
"billy, you're so far away from home,",0
"don't stand in the doorway, don't block up the hall",0
"darling, so it goes, some things were meant to be.",0
"pull man down in pulley hook, let 'em take me or take a look,",0
"oh, jewels and binoculars hang from the head of the mule,",0
not somebody that you play around with much.,0
"but it would not make me tremble for to see ten thousand fall,",0
"the line, it is drawn and the curse, it is cast,",0
i was sitting down thinking of you.,0
"all the tired horses in the sun,",0
"""there are many here among us who feel that life is but a joke,",0
"what i got ain't painful, it's just bound to kill me dead",-1
ever since i seen you there.,0
when he played and we didn't dance.,0
"well, they'll stone you when you're walking on the street,",0
"call him ""drunken"" ira hayes, he won't answer anymore,",0
"on the jugglers and the clowns when they all came down to do tricks for you,",0
"you know, i love her, yeah, i love her,",1
bid farewell forever.,0
maybe someday you will understand,0
"and his cheeks in a chunk, with his cheese in the cash,",0
"mama, take this badge off of me,",0
at the head of the chamber of commerce.,0
"and i always said, ""hang on to me, baby, and let's hope that the roof stays on.""",0
"i took you home from a party and we kissed in fun,",0
i do declare,0
"on the jugglers and the clowns when they all came down to do tricks for you,",0
"and, when we meet again, introduced as friends,",0
"i used to care, but things have changed.",0
"when they came for him in the garden, did they know?",0
before they're forever banned?,0
"lord, in my time of dying, don't want nobody to cry.",-1
"nasty, dirty, double-crossing, back-stabbing phony i didn't have to wanna have to deal with,",0
"the way you walk and the way you talk, i swear, it would make me sing.",0
"yes, but something's happening and you don't know what it is, do you, mr. jones?",0
i'm just sitting here thinking with my mind a million miles away.,0
"i lived with them on montague street, in a basement down the stairs,",0
"hey, mr. tambourine man, play a song for me,",0
"alfred bello laid this rap on the cops,",0
"all day long i hear him cry so loud,",-1
may you stay forever young.,1
and you know that we shall meet again if your memory serves you well.,0
"well, i need a woman to take my own,",0
"i been walking the road, i've been living on the edge,",0
"well, i'm pressing on,",0
"don't have the inclination to look back on any mistake,",0
"bird, fly high by the light of the moon,",1
"i heard ten thousand whispering and nobody listening,",0
"there was talk they killed their rivals, but the truth was far from that,",-1
with all memory and fate,0
"now, the history books tell it, they tell it so well:",0
"i used to care, but things have changed.",0
"you may like to gamble, you might like to dance,",0
"well, it may be the devil or it may be the lord,",0
just remember that death is not the end.,-1
"freedom, just around the corner for you,",0
i'm not sleepy and there is no place i'm going to.,0
"ring them bells, ye heathen, from the city that dreams,",0
was that the thunder that i heard?,0
"ten thousand miles away from home,",0
i just might have to come see you,0
and the national bank at a profit sells road-maps to the soul,0
"the cloak-and-dagger dangles,",0
"well, i'm driving in the flats in a cadillac car,",0
"oh, mama, ain't you gonna miss your best friend now?",0
"cop said, ""wait a minute, boys, this one's not dead!""",0
everybody must get stoned.,0
"when you gonna wake up, when you gonna wake up,",0
"hey, mr. tambourine man, play a song for me,",0
"roving gambler, he was very bored",0
"he tried his best to talk, but his mouth could hardly move",0
"felt that emptiness inside to which he just could not relate,",0
how does it feel?,0
you're the only love i've ever known.,1
"you don't have to yearn for love, you don't have to be alone,",1
"meanwhile far away in another part of town,",0
i seen a shooting star tonight and i thought of me.,0
try to avoid the scandals.,0
"well, i'm tired of talking, i'm tired of trying to explain,",0
"well, there's a woman on my block, she just sit there facing the hill,",0
she just acts like we never have met.,0
"oh, mama, can this really be the end -",0
in the jingle-jangle morning i'll come following you.,0
"madmen oppose him, your kindness throws him, to survive it you play deaf and dumb.",0
"the answer, my friend, is blowing in the wind,",0
take a woman like you to get through to the man in me.,0
as a crutch for her scenes and her society.,0
"take it to your heart, don't let it stray",0
all along the watchtower princes kept the view,0
"someone who will die for you and more,",0
"you want watered-down love,",1
"when he healed the blind and crippled, did they see?",0
"got a five-inch smile, but her breath is sweet.",1
i know a place where there's still something going on.,0
"yes, and i just gotta tell you i do intend",0
"that big, fat moon is gonna shine like a spoon, but we're gonna let it. you won't regret it.",0
"read books, repeat quotations,",0
"summer days, summer nights are gone,",0
"trouble in the city, trouble in the farm,",0
"bird, fly high by the light of the moon,",1
i'll be your baby tonight.,0
"i can hear a sweet voice steadily calling,",0
"the bridge at midnight trembles,",0
"""not me,"" said the boxing writer,",0
"they threw him in the hole one time for trying to stop a strike,",0
i wish she'd unlock,0
"past the aztec ruins and the ghosts of our people,",0
"well, i quit my job so i could work alone,",0
"i met a young girl - she gave me a rainbow,",0
"the hanging judge came in unnoticed and was being wined and dined,",0
"and, after every plan had failed and there was nothing more to tell,",0
"his name was willie o'conley and he gambled all his life,",0
with no attempts to shovel the glimpse,0
"oh, what would i do if not for you?",0
in the broken mirror of innocence on each forgotten face.,0
"come, senators, congressmen, please heed the call,",0
everything up to that point had been left unresolved -,0
"all inside the walls, the walls of red wing.",0
everything inside my pockets your uncle steals.,0
"see for me if her hair is hanging long,",0
its iron claws attached,0
"that whirlpool of life that's in your eye,",0
"prayed in the ghetto with my face in the cement,",0
blues wrapped around my head.,0
does that fire still burn? does that flame still glow?,0
watch the parking meters.,0
and it never seemed strange.,0
it'll soon shake your windows and rattle your walls,0
"come, mothers and fathers throughout the land,",0
"unto the shoe-less hunter who's gone deaf,",0
struck down by the strength of the will.,0
"but you're gonna have to serve somebody,",0
like a rolling stone?,0
"are you still my friend, baby? show me a sign.",0
"when my life is over and my time has run out,",0
"it's all just a dream, babe, a vacuum, a scheme, babe, that sucks you into feeling like this.",0
"knock--knock--knocking on heaven's door,",0
full of emptiness and wrath and the fire that burns in it.,0
"you lose yourself, you reappear,",0
"and i said, ""oh, i didn't know that, but then again there's only one i've met",0
"yes, i'm walking kind of funny, lord,",0
"or do you remember st. james street,",0
"it's getting dark, too dark to see,",-1
and look not for answers where no answers can be found.,0
i told 'em i was the editor of a famous etiquette book.,0
"and your father, to your sister he explains",0
"purple clover, queen anne lace, crimson hair across your face,",1
"they got mystery written all over their forehead,",0
you into thinking you're the one,0
"now, eisenhower, he's a russian spy,",0
"too weary to talk and too tired to sing,",0
"only one thing i did wrong,",-1
"yeah, from the stage they'll be trying to get water outta rocks,",0
"but you're drifting too far from shore, yeah,",0
"yes, and how many times must a man look up",0
"i said, ""my friend, john, brigitte bardot,",0
everybody telling me she's gone to my head.,0
unless they're from another world.,0
"she said, ""be easy, baby, ain't nothing worth stealing here.""",0
"because the cops don't need you and, man, they expect the same.",0
"silvio, i gotta go",0
i'd a-done anything for that woman if she'd only made me feel obligated.,0
tangled up in blue.,0
"someone to close his heart,",0
every empire that's enslaved him is gone -,0
and now people just get uglier and i have no sense of time.,0
"for me there is no other damsel than my blooming, bright star of belle isle.""",0
"feel like i'm drifting, drifting from scene to scene,",0
and don't criticize what you can't understand.,0
"agarrame, mi vida, soon the desert will be gone,",0
"baby, let me follow you down,",0
"you know i know the sun will always shine,",0
i can see what everybody in the world is up against.,0
"they'll stone you when you're trying to go home,",0
"in the darkness of my night,",-1
"four months later, the ghettoes are in flame,",0
"i'm thinking and wondering, walking down the road.",0
i can't provide for you no easy answers.,0
your loyalty is a-not to me but to the stars above.,0
everyone was there and nobody tried to hide.,0
"won't let go and i can't let go,",0
"if you want anymore, you can sing it yourself, uh-huh.",0
disillusioned words like bullets bark,0
"they've done a lot of research on it, but what it is they're still not sure.",0
"i see my light come shining from the west unto the east,",1
blowing like she's at my chamber door.,0
"is, baby, be friends with you.",0
"without a love of my own,",1
"well, i was looking everywhere for them god-darned reds,",0
he spoke with tears of fifteen years of how his dog and him just traveled all about.,0
hollow man looking in a cotton-field for dignity.,0
you can have your cake and eat it too.,0
and you turn and run farther when the fast bullets fly.,0
if'n you don't know by now.,0
"going down to see soft gut, going down some fun,",0
"how does it feel,",0
"leave your stepping-stones behind, there's something that calls for you,",0
"because he don't increase his worth at someone else's expense,",0
"and it's all over now, baby blue.",0
"yes, because you know something is happening, but you don't know what it is, do you, mr. jones?",0
"well, i'm forty miles from the mill, i'm dropping it into overdrive,",0
"and says, ""how does it feel to be such a freak?""",0
"who looked so fine at first, but left looking just like a ghost.",0
where these visions of johanna have now taken my place.,0
before you call him a man?,0
i'd gladly confess,0
"i seen the kingdoms of the world and it's making me feel afraid,",0
all except inside the gates of eden.,0
one more cup of coffee 'fore i go to the valley below.,0
"well, i'm trying to get closer, but i'm still a million miles from you.",0
"i must admit i felt a little uneasy when she bent down to tie the laces of my shoe,",0
"hey, mr. tambourine man, play a song for me,",0
"but i'm pressing on,",0
"for the times, they are a-changing.",0
not the whiskey-drinking indian or the marine who went to war.,0
"new morning,",0
charmed the heart of a lady.,0
"knock--knock--knocking on heaven's door,",0
did i hear someone's distant cry?,-1
the stars above the barren trees was his only audience.,0
and i'm leaving every day to run away,0
i guess i'll be leaving tomorrow,0
"outside the lights were shining on the river of tears,",1
"i thought that he was righteous, but he's vain,",0
"resent him to the bone,",0
"don't wear sandals,",0
"i'd like to get you to change your mind, but it looks like you won't.",0
"won't you come see me, queen jane?",0
"well, i was eating with the pigs off a fancy tray,",0
"well, i got here following the southern star,",0
"courage is a thing of the past,",0
but i wish there was something you would do or say,0
i know the kinds of things you like.,0
has the record been breaking? did the needle just skip?,0
"so, i'm a-walking down that long, lonesome road, babe,",0
"""there's something funny going on,"" he said, ""i can just feel it in the air.""",0
"'tis the song, the sigh of the weary,",0
you said you'd never compromise,0
and you're so kind and careful not to go to her too soon,0
"i have squandered my resistance for a pocketful of mumbles, such are promises",0
"you got all the love, a-honey baby, i can stand.",1
"saying, ""death to all those who would whimper and cry!""",-1
i came here to fulfill our last promise and hoped to give you a surprise.,0
there's always some new stranger in the night to lend a sympathetic ear.,0
and i'll stand over your grave till i'm sure that you're dead.,-1
"they'll stone you and then say, ""you are brave,""",0
i gaze into the doorway of temptation's angry flame,0
"for something that he never done,",0
"baby, let me follow you down,",0
"you'll play the fool and learn how to walk through doors,",0
"they shaved her head, she was torn between jupiter and apollo,",0
"windows were shaking all night in my dreams,",0
"well, frankie lee, he sat right down and put his fingers to his chin,",0
"but the joke was on me, there was nobody even there to bluff.",0
"resting in the fields, far from the turbulent space,",0
"give you delusions of grandeur and an evil eye,",0
"and that the ladder of law has no top and no bottom,",0
"come gather round, people, wherever you roam,",0
"stone you when you're waiting for a train,",0
he look so righteous while your face is so changed,0
"now, for recreation we went on a tramp",0
"saying, ""are you frankie lee, the gambler, whose father is deceased?",0
"and she aches just like a woman, but she breaks just like a little girl.",0
"tonight you got the power to take it, tomorrow you won't have the power to keep it.",0
our father would not like the way that you act,0
"and the saviors, who are fast asleep, they wait for you.",0
"two-wheeled, gypsy queen",0
then you better start swimming or you'll sink like a stone,0
"you angel, you, you got me under your wing,",1
"born in red hook, brooklyn, in the year of who knows when,",0
"the handmade blade, the child's balloon,",0
"wiggle, wiggle, wiggle, you got nothing to lose,",0
you'll not see nothing like the mighty quinn!,0
"tell me, is that my name in your book?",0
you say you're looking for someone,0
"the sun is beginning to shine on me,",0
"turn, turn to the rain and the wind.",0
for your weary toes to be a-touching,0
"chilly wind sharp as a razor blade,",0
"all i really wanna do,",0
"gon' walk down that dirt road until my eyes begin to bleed,",0
"any day now, oh, any day now, i shall be released,",0
"not the whiskey-drinking indian or the marine who went to war,",0
"""come in,"" she said, ""i'll give you shelter from the storm.""",0
"well, i need a woman [incomprehensible],",0
"that you'd have liked me to,",0
"dad's in the hallway looking hard for the fuze,",0
"nobody can get any sleep - you know, there's someone on everybody's toes;",0
"it felt out of place, my foot in his face,",0
"he's pulling her down and she's clutching onto his long, golden locks.",0
yet you know there is no answer fit,0
many times i've often prayed,0
"wiggle, wiggle, wiggle till the moon is blue,",0
"alberta, don't you treat me unkind,",0
"don't wanna treat nobody like they was dirt,",0
when you go your way and i go mine.,0
"for there's a slow - there's a slow, slow train coming.",0
"""come in,"" she said, ""i'll give you shelter from the storm.""",0
"i can hear him calling for my soul,",0
this place don't make sense to me no more!,0
"lay, lady, lay, lay across my big brass bed,",0
"and for each unharmful, gentle soul misplaced inside a jail,",0
"i wonder if that old oak tree's still standing,",0
"you spent your last, lone dollar on seven shotgun shells.",0
"oh, honey baby, don't leave me now,",0
"far past the frozen leaves,",0
"gotta step it up and go, yeah, go!",0
"that's the day you die, lord, lord,",0
"and the newspapers, they all went along for the ride.",0
"and every cause that ever i fought,",0
"their folks, they said their lives together sure was a-gonna be rough,",0
"bird, fly high by the light of the moon,",1
"now, you know, nothing was delivered",0
"well, i've heard newborn babies wailing like a mourning dove",0
"mama's in a factory, she ain't got no shoes,",0
"i saw them leaving,"" he says and he stops,",0
"is there a hole for me to get sick in?""",0
can i come home with you?,0
"to look up in the world from a hole in the ground,",0
"hollis brown, he lived on the outside of town,",0
"trust yourself,",0
"she knows where i'd like to be, but it doesn't matter.",0
"now, jack, he's gone a-sailing with trouble on his mind",0
"you will start out standing, proud to steal her anything she sees,",0
"the only thing i knew how to do was to keep on keeping on like a bird that flew,",0
"is, baby, be friends with you,",0
but you're gonna serve somebody.,0
"says he's got a bad cough,",0
"yes, i see you got your brand-new leopard-skin pill-box hat.",0
and so patty calls the cops,0
"yes, and how many years can a mountain exist",0
"i'm twenty miles outta town, cold irons bound,",0
"everybody moving - if they ain't already there,",0
"took me downtown and they dressed me in black,",0
at not getting their money's worth.,0
"a messenger arrived with a black nightingale,",0
"yonder stands your orphan with his gun,",0
"done laid around, done stayed around this old town too long",0
"to be on your own,",0
"i married isis on the fifth day of may,",0
"of two mules, trains, and rain.",0
while my conscience explodes.,0
"build me a cabin in utah,",0
"for the times, they are a-changing.",0
"it's all for the love of thee.""",1
"says, ""your wife."" i said, ""she's busy in the kitchen cooking.""",0
"said, ""hey, hey, man, can't you wait a little while?""",0
you have to pay to get out of going through all these things twice.,0
"well, my heart's in the highlands with the horses and hounds,",0
all inside the grounds of the walls of red wing.,0
"maggie comes fleet-foot,",0
"and they wouldn't hurt a fly - to hurt one, they would weep,",0
"never did get any golden globe award, never made it to synanon.",0
the answer is blowing in the wind.,0
"she takes just like a woman - yes, she does!",0
"beauty walks a razor's edge, someday i'll make it mine",0
"yes, i want you so bad,",0
"keep-a your hand on that plow, hold on!",0
"and he spoke through his cloak, most deep and distinguished,",0
"leaving the towns i love the best,",1
in ceremonies of the horsemen,0
so give me your hand and say you'll be mine.,0
"there's a pale, drooping maiden who toils her life away",0
"you used to ride the chrome horse with your diplomat,",0
"if tonight was not a crooked trail,",0
i can't find nobody so you'll have to do.,0
"and ride a horse along the trail,",0
"won't buy back the beat of a heart grown cold,",0
everybody must get stoned.,0
"working for a system i couldn't understand or trust,",0
"but my heart is not weary, it's light and it's free,",1
and louise holds a handful of rain tempting you to defy it.,0
a thousand miles from home and he never harmed no one,0
like a rolling stone?,0
from all the plans they do pursue,0
then send out for some pillars and cecil b. demille.,0
if you just let me follow you down.,0
"now you don't talk so loud,",0
"now, don't crowd me, lady, or i'll fill up your shoe,",0
"he crosses himself and then he clicks his high heels,",0
"i paid fifteen million dollars, twelve hundred and seventy-two cents,",0
will i be able to count on you or is your love in vain?,1
the empty-handed painter from your streets,-1
but she changed the subject every time money came up.,0
i crossed that river just to be where you are.,0
and that failure's no success at all.,0
"she took off her wig, said, ""how do i look?""",0
it's just a shadow you're seeing that he's chasing.,0
"i got those worried blues,",0
poor boy in a red-hot town,0
ever since i seen her smile.,1
you used to laugh about,0
that she's the same one,0
"""hush up, hush up, my parrot,"" she cried,",0
in the fury of the moment i can see the master's hand,0
"underneath that apple suckling tree, oh, yeah!",0
you kind of remind me of her when you laugh.,0
"but, when quinn the eskimo gets here, everybody's gonna doze.",0
"so don't think twice, it's alright.",0
"and, though this man could hardly see, they told him he could identify the guilty men.",0
if not for you.,0
"people'd call, say, ""beware, doll,",0
"reincarnation of paul revere's horse,",0
"city's just a jungle, more games to play,",0
leave at your own chosen speed.,0
"oh, mama, can this really be the end,",0
"there's a woman i long to touch and i'm missing her so much,",0
"she said, ""no, dear."" i said, ""your words aren't clear. you better spit out your plum.""",0
"i wanna thank you, lord,",0
"don't let her see,",0
"so, run here, baby, put your little hands in mine,",0
everybody must get stoned.,0
just gotta pick myself up off the floor.,0
"four in the morning and they haul rubin in,",0
"well, the desert is hot, the mountain is cursed,",0
"may be working in the wind down to the town,",0
"for he that gets hurt will be he who has stalled,",0
handing out free tickets to the wedding of his son.,0
with a cane that he twirled 'round his diamond ring finger,0
just like my own false love to me.,1
catch you when your troubles feel like they weigh a ton.,0
the hour that the ship comes in.,0
as the stars fell down and the moons fade away on black diamond bay.,0
"he let go a laugh, he let go a laugh, shook back his clothes all around.",0
"all i remember about it was it starred gregory peck,",0
and the sails are spread.,0
"find it on the doorsteps made of papier mache,",0
to know which way the wind blows.,0
but you're gonna have to serve somebody.,0
"going to ac--to see soft gut, going to have some fun,",0
there ain't nothing wrong in that.,-1
"you're a man of the mountains, you can walk on the clouds,",0
"went back home to the yard,",0
"sending his thoughts to a beloved maid,",1
"the beauty parlor is filled with sailors, the circus is in town.",0
"and the point is slick,",0
"i see-i see silhouettes in the window,",0
"nothing too very scientific,",0
"you should not treat me like a stranger,",0
"i'd give you the sky high above,",0
and discovered her invisible self.,0
"and give him back the time he's done,",0
how they blackmailed the sergeant-at-arms into getting up and leaving his post,0
"some warn victory, some downfall,",0
girl by the whirlpool's,0
your pawnbroker roared and also so did the landlord.,0
and wait for succeeding kings.,0
"yes, and how many times must the cannon balls fly",0
"oh, get born, keep warm,",0
"i got to leave you, baby, before my heart will break,",0
to try and make me change my mind and stay.,0
"walk like a duck, and smell like a skunk.",0
"god knows there's a heaven,",0
"oh, but what a shame! that all we've shared can't last.",0
"yes, you're gonna have to serve somebody:",0
"no more auction block for me, many thousand gone.",0
"in harmony with the cosmic sea, true love needs no company:",1
there are frail forms fainting at the door.,0
"for the times, they are a-changing.",0
"man gave names to all the animals in the beginning, in the beginning,",0
"you're a rascal, i know exactly where you're going,",0
but none of these and nothing else can touch the beauty,0
mine alone.,0
the time and the place that we'd part.,0
"i won't let go and i can't let go,",0
all the way from new orleans to jerusalem.,0
"the captain is down, but still believing that his love will be repaid.",1
how many seas must a white dove sail,0
"to try and make me change a-my mind and stay,",0
"if not for you,",0
and it's up to you to say,0
few things you find are worthwhile.,0
she stepped to the light as my silver strings spun.,1
"the ladies down in darktown, they're doing the darktown strut,",-1
but the second mother was with the seventh son,0
you'd be honest with me if only you knew.,0
guess it's too late to say the things to you that you needed to hear me say.,0
"to be so useless and all,",0
they took him to the hospital and they brought him upstairs.,0
"well, the book of leviticus and deuteronomy,",0
hava-na-,0
when he's standing in front of you?,0
know every song of love that-a ever has been sung.,1
the only thing i could do was be me and get on that train and ride.,0
"one bird-book and a buzzard and a crow,",0
"he'll put the priest in his pocket, put the blade to the heat,",0
"yes, and how many years can some people exist",0
shoot in the back,0
"yes, you're gonna have to serve somebody:",0
"hunts her down by the waterfront docks where the sailors all come in,",0
"and your feet can only walk down two kinds of roads,",0
flows out of their bodies and is buried in the mud.,0
the silver saxophones say i should refuse you.,0
let me forget about today until tomorrow.,0
won't you descend from the throne from where you sit?,0
"jokerman, dance to the nightingale tune,",0
"but there's a woman on my block, sitting there in a cold chill,",0
"two riders were approaching, the wind began to howl.",0
"the cops said, ""a poor boy like you could use a break -",0
"time is a jet plane, it moves too fast,",0
"hang around the ink-well,",0
i know you're gonna think this song is just a riff,0
as the present now will later be past.,0
"if anything is gonna sell,",0
"how does it feel,",0
"catfish, million-dollar-man,",0
under your brand-new leopard-skin pill-box hat.,0
"next to come in was mrs. cow, uh-huh,",0
"like a complete unknown,",0
"the iron ore poured as the years passed the door,",0
"i must admit, felt a little uneasy when she bent down to tie the laces of my shoe,",0
she did not see her soldier son in sight.,0
"may be a construction worker working on a home,",0
both of their futures so full of dread -- you don't show one.,0
"please understand me, i have no place i'm calling you to go,",0
"the night is pitch black, come and make my",0
"mama, take this badge off of me,",0
"come running down your stairs, combing back your yellow hair,",0
saying one of your friends is in trouble deep -,0
"used to work on mr. finley's farm, but the old man wouldn't pay,",0
"i'm a fool, but i love you, dear, yes, i will until the day i die,",1
"and admit that the waters around you have grown,",0
how they ever flood my soul!,0
i'll show them to you and you'll see them shine.,0
"people are crazy, times are strange,",0
"someone to close his eyes for you,",0
"felt around for the light switch, felt around for her face,",1
soon you will be dancing the fandango.,0
"over your senses you have no control,",0
"with all of his traveling, but i'm still on that road.",0
"sweat pouring down, i'm staring at the floor,",0
in the jingle-jangle morning i'll come following you.,0
everything inside is made of stone.,0
"rain would gather, too.",0
"daddy's in the alley, he's looking for food,",0
it's a hard rain's gonna fall.,0
"with the mystery tramp, but now you realize",0
said tweedle dum to tweedle dee.,0
"how can i live here, baby, lord, and feel at ease?",0
"i looked way up my chimney-hole,",0
i don't have the strength to get up and take another shot,0
"well, the fat's in the fire and the water's in the tank,",0
you're hearing my heart beat,0
many times i've often prayed,0
"""there must be some way outta here,"" said the joker to the thief,",0
"in the bitter dance of loneliness fading into space,",0
he really wasn't where it's at,0
but still remains,0
he's not selling any alibis,0
"no, no, no, it ain't me, babe,",0
i met the sons of darkness and the sons of light,1
"into my own parade,",0
"you think you know the smile on her lips,",1
and i'm walking down the line - my feet'll be flying - to tell about my troubled mind.,0
"""for a soldier, he leads a very fine life",0
"in the great unknown,",0
"felt that emptiness inside to which he just could not relate,",0
you used to laugh about,0
"broken threads, broken springs,",0
"i met a young child beside a dead pony,",0
"but you're gonna have to serve somebody,",0
"sorry, that's a-nothing you would need to know.",0
odeleyee-hoo-hoo-hoo.,0
i can't use it anymore.,0
"oh, baby, baby, baby blue,",0
"tomorrow's just one step beyond,",0
did you ever hear that coffin sound?,0
"well, it may be the devil or it a-may be the lord,",0
may you stay forever young.,1
build me a boat that can carry two,0
"saying, ""could you kindly leave my office now, please?"" -",0
"don't let me change my heart,",0
"and your long-time curse hurts, but what's worse is this pain in here.",-1
"""i was only robbing the register, i hope you understand!",0
"and joined the john birch society,",0
am i ready?,0
"they're all drinking and thinking that they got it made,",0
i need a shot of love.,1
and that is that there's a certain way we all must swim,0
"they're like babies sitting on a woman's knee,",0
i fought it full without regret or shame.,0
nobody's ever taught you how to live out on the street,0
out of the shower comes a football man,0
"and may you stay forever young,",1
"a few hard cases i will recall, though they all were brave and true.",0
on the way out of egypt through ethiopia to the judgment-hall of the christ.,0
to try and make me change my mind and stay.,0
"shadows are falling and i've been here all day,",0
"now, won't you tell me true,",0
i hope i'm ready.,0
"'round my bedside billy lyons has began to creep.""",0
"yet he walked right into the clubhouse of his lifelong, deadly foe,",0
"dreams of strangling me with a scarf,",0
"knock--knock--knocking on heaven's door,",0
i'm twenty miles outta town and cold irons bound.,0
"knock--knock--knocking on heaven's door,",0
"the night passed away so quickly,",0
"listen to that duquesne whistle blowing,",0
i'm calling you to-i'm calling you to please come home.,0
"she wears an egyptian ring, it sparkles before she speaks,",0
it's a shame the way she makes me scrub the floor.,0
"oh, yeah!",0
we're all gonna meet at that million dollar bash.,0
"no, and i ain't looking to fight with you,",0
"well, i soon lost track of my kids and wife,",0
"the way you walk and the way you talk, i swear, it would make me sing.",0
"god said, ""you can do what you want, abe, but",0
"when he died, i was hoping that it wasn't contagious,",0
"i couldn't tell her what my private thoughts were,",0
"oh, how can i explain? it's so hard to get on",0
"my hands can't feel to grip,",0
"well, the-the judge, he holds a grudge, he's gonna call on you.",0
that son-of-a-bitch is brave and getting braver.,0
"but you and i, we've been through that and this is not our fate,",0
"down the foggy ruins of time,",0
"my hands can't feel to grip,",0
"i ain't looking for you to feel like me,",0
"go lightly from the ledge, babe,",1
"the coachman, he hit me for my hook and--and he asked me my name,",0
and now you're better--you're gonna have to get used to it.,0
"you wanna ramble, yeah, to the break of dawn,",0
"stay, lady, stay, stay while the night is still ahead.",0
"no matter what you think about it, you won't be able to do without it -",0
the memory of you keeps calling after me like a rolling train.,0
i'll show them to you and you'll see them shine.,0
"now, the teen-preacher looked so baffled when i asked him why he dressed",0
and his brain has been mismanaged with great skill.,-1
she's a junkyard angel and she always gives me bread.,1
the only person on the scene missing was the jack of hearts.,0
"you told me that you'd be sincere,",0
"no more auction block for me, many thousand gone.",0
"i rambled out of new york town,",0
"oh, watered-down love,",1
"the drag lines and the shovels, they was humming",0
"one of us has got to hit the road, i guess it must be up to me.",0
and i'll rock you too.,0
"well, look over yonder to that burying ground!",0
"put your hand on my head, baby, do i have a temperature?",0
"and she aches just like a woman, but she breaks just like a little girl.",0
"said, ""ms. mouse, be you within?"" uh-huh.",0
"come on, baby...",0
"i keep listening for footsteps, but i ain't ever hearing any,",0
"i said, ""oh, kind miss, it most certainly does.""",0
"as we rode through the canyons, through the devilish cold,",0
you think he's just an errand boy to satisfy your wandering desires?,0
"whether you are right or wrong,",-1
"you angel, you, you're as f--got me under your wing,",1
where i'm bound i can't tell.,0
"shine your light, shine your light on me,",1
"oh, mama, can this really be the end,",0
"good god almighty, that stuff ain't real.""",0
how long must i suffer such abuse?,0
"someone showed me a picture and i just laughed,",0
"you may be rich or poor, you may be blind or lame,",0
from washington heights to harlem on down.,0
"well, god is in his heaven and we all want what's his,",0
got to do unto others like you'd have them--like you'd have them do unto you.,0
"written by an italian poet from the fifteenth century,",0
"now, the man on the stand, he wants my vote,",0
"silly nelly was there, she told him a yarn,",0
"that may be true, he's got a sentence to serve -",0
"and he was standing on the side of the road, rain falling on his shoes,",0
they gotta sleep together in a home they don't own.,0
"jokerman, dance to the nightingale tune,",0
mercury rules you and destiny fools you like the plague with a dangerous wink,0
"but you're gonna serve somebody,",0
"something is happening, but you don't know what it is, do you, mr. jones?",0
"she also keeps the cards that read ""have mercy on his soul"".",0
"just don't know what to do,",0
"they never did like mama's homemade dress, papa's bankbook wasn't big enough.",0
"skies are gray, i'm looking for anything that'll bring a happy glow,",1
"one more cup of coffee for the road,",0
"one more cup of coffee for the road,",0
"eh, see what you can do,",0
at the head of the chamber of commerce.,0
"i get up in the morning, but it's too early to wake,",0
"luck was with me when i crossed the borderline,",0
"you can come to me sometime, nighttime, daytime, any time you want.",0
"the cavalries charged, the indians fell,",0
"ooh-ee, are we gonna fly down into the easy chair!",0
i had something to protect.,0
and handed out strongly for penalty and repentance,0
throw my suitcase out there too.,0
"oh, oh, oh, jokerman.",0
"'cept the one that you can't see with your eyes,",0
"you wear a blue scarf upon your head,",0
"yes, i waited for you when you hated me.",-1
"oh, every girl that ever i've touched,",0
"the palace of mirrors, where dog-soldiers are reflected,",0
"the louder they come, the bigger they crack.",0
but tonight no moonlight will shine on me.,1
i'm in the kitchen with the tombstone blues.,0
"plants in the bed, but",0
"oh, when the dawn is nearing,",0
then i went back to find isis just to tell her i love her.,1
"pardon me if i'm sentimental when we say goodbye,",0
"seen you in the sunshine, i seen you in the dark,",-1
"alberta, what's on your mind?",0
i'm not sleepy and there is no place i'm going to.,0
"don't follow leaders,",0
"say, ""alright, i've had enough, what else can you show me?""",0
"your lover, who just walked out your door,",1
"""forsake, forsake your house carpenter",0
just the holy son of man i'll never understand.,0
"adios, mi corazon.",0
horseplay and disease is killing me by degrees,-1
i'll just bid farewell till we meet again.,0
"take me on a trip upon your magic, swirling ship,",0
"you look into the fiery furnace, see the rich man without any name.",0
"no llores, mi querida, dios nos vigila,",0
"any day now, any day now, i shall be released.",0
"nine by nine they drank the wine,",0
what can i say about claudette? ain't seen her since january.,0
"whole lotta people struggling tonight from the disease of conceit,",0
"and, when it's over, just as soon go on my way""--",0
when you're lagging behind and losing your pace,0
"mama's in a factory, she ain't got no shoes,",0
and pretend that he just doesn't see?,0
so i forced my hands in my pockets and felt with my thumbs,0
"well, i looked at my watch, i looked at my wrist,",0
"""no, i never did engage in this a-kinda thing before,",0
"now, your dancing child with his chinese suit, he spoke to me, i took his flute.",0
"she said, ""welcome to the land of the living dead"",",0
there's nothing in here moving,0
"what drives a-me to you is what drives me insane,",0
blowing like it's gon' kill me dead.,-1
"far away where the soft winds blow,",0
"jokerman, dance to the nightingale tune,",0
"now, every boy and girl's gonna get their bang",0
"but all the while i was alone, the past was close behind,",0
"stone you when you are young and able,",0
"he woke up, the room was bare, he didn't see her anywhere,",0
"""i will secretly accept you and together we'll fly south.""",0
i hear them semis rolling too.,0
i just don't think that i could handle it.,0
"but the time ain't tall,",0
"your mama's working, your mama's moaning.",0
"you got my money, now you're trying to break this date.",0
"they--they show me to the door,",0
"i want you so bad,",0
"as the present now will later be past,",0
there's seven breezes blowing all around the cabin door.,0
"well, i'll sing you a song - it ain't very long -",0
"""those are the hills of heaven, my love,",1
two men died 'neath the mississippi moon.,0
"and the sun will respect every face on the deck,",0
"you touched me and you knew that i was warm for you and, then,",0
"to disgrace, distract, and bother me,",0
but we just like to see a fight.,0
"everybody's out there feeding the pigeons out on the limb,",0
and don't criticize what you can't understand.,0
"you coulda done better, but i don't mind.",0
and a thousand telephones that don't ring.,0
"but it ain't me, babe,",0
"but don't think twice, it's alright.",0
but hope's just a word that maybe you said and maybe you heard,0
"i see pieces of men marching, trying to take heaven by force,",0
"feel like a prisoner in a world of mystery,",0
you find out now you're gonna have to get used to it.,0
just like you've always smiled before.,1
"with her picture books of the pyramid and her postcards of billy the kid,",0
"won't buy back the beat of a heart grown cold,",0
while they're beating the devil out of a guy who's wearing a powder-blue wig.,0
"no, you can't blame me at all.""",0
"idiot wind blowing every time you move your teeth,",0
they say that you're planning to put me down.,0
"mama's in the factory. she ain't got no shoes,",0
"hey, mr. tambourine man, play a song for me,",0
in the jingle-jangle morning i'll come following you.,0
"bow down to her on sunday, salute her when her birthday comes,",0
"well, he puts his cigar out in your face just for kicks,",0
"might be living in a mansion, you might live in a dome,",0
"give me some milk or else go home!""",0
"she makes love just like a woman - yes, she does!",1
"look out your window, i'll be gone,",0
that you'd be coming back in a little while.,0
"if i--i didn't have to guess,",0
why wait any longer for the one you love,1
and you hide in your mansion while the young people's blood,-1
like a rolling stone?,0
when he's standing in front of you?,0
"so, if you gotta go, it's alright,",0
"when the children were babies and played on the beach,",0
"won't sneak up into your room, tall, dark, and handsome,",-1
"she is good to me, there's a-nothing she doesn't see,",0
"oh, oh, are we gonna fly down in the easy chair!",0
before you call him a man?,0
"that hype you and type you, making you feel that you must be exactly like them.",0
"well, i had to go down and see a guy named mr. goldsmith,",0
when i paint my masterpiece.,-1
"silhouetted by the sea,",0
"why she did go,",0
"splitting up on a dark, sad night, both agreeing that it was best.",-1
or for what i didn't do? or for keeping it hid?,0
"oh, the shepherd is asleep where the willows weep",0
ain't it hard when you discover that,0
"come all without, come all within,",0
"put in a prison cell, but one time he could've been the champion of the world.",0
you got to be made to be wearing a telephone.,0
with the one who tries to hide what he don't know to begin with?,0
"i saw guns and sharp swords in the hands of young children,",0
how she told me that one day we would meet up again,0
"next to come in was mrs. cow, uh-huh,",0
"they're taking a streetcar named ""desire"",",0
'cause tonight i'll be staying here with you.,0
"i got eight carburetors, boys, i'm using 'em all.",0
it's a hard rain's gonna fall.,0
"nothing 'round here i care to try for, 'cept you, yeah, you,",0
"where do you look for this oil-well gushing,",0
i ain't different than anyone!,0
"saying, ""fist-fighting is here to stay,",0
"and, if anybody asks me,",0
"one by one they follow the sun,",0
"well, i saw you making love with him, you forgot to close the garage door.",1
"but, if you do right to me, baby, i'll do right to you too,",0
but with the country to where you're going.,0
i immediately tried to cool it with her dad,0
"it's people's games you got to dodge,",0
"may you stay forever young,",1
"i'd go crawling down the avenue,",0
or remember the sounds of my own name.,0
may you have a strong foundation a-when the winds of changes shift.,0
"i heard her say over my shoulder, ""we'll meet again someday on the avenue,",0
you used to be so amused,0
"sign on a door said ""no company allowed"",",0
"well, jumping judy can't go no higher,",0
"""the trial was bad enough, but this is ten times worse.""",0
"well, they were looking for somebody with a pompadour,",0
waiting to find out what price,0
"had to go to florida, dodging them georgia laws.",0
you used to laugh about,0
"i just kept looking at the side of her face in the spotlight so clear,",1
"but to search for love, that ain't no more than vanity.",1
"don't turn away, you'll create sorrow.",0
i love you more than ever and i haven't yet begun.,1
"smoke is in your eyes, you draw a smile",1
so i best be on my way in the early morning rain.,0
"one more weekend, one more weekend with you,",0
"you will start out standing, proud to steal her anything she sees,",0
"you might think he loves you for your money, but i know what he really loves you for,",1
till i come into new york town:,0
"and he was standing on the side of the road, rain falling on his shoes,",0
and the hoof-beats pound in his brain.,0
"and when i was through, i filled up my shoe and brought it to you.",0
as lady and i look out tonight from desolation row.,0
"so now i'm going on back again, maybe tomorrow or maybe next year,",0
just how much abuse will you be able to take?,0
"and give them kisses, one, two, three,",0
"well, it can't be no guitar player, it must be convent bells.",0
and to you always so grateful i will forever be.,0
"and your match-book songs and your gypsy hymns,",0
"sometimes feel so low-down and disgusted,",0
everybody must get stoned.,0
"if i have to beg, steal, or borrow,",0
"take me on a trip upon your magic, swirling ship,",0
"yes, i want you so bad,",0
"don't let her hear,",0
"that big, fat moon is gonna shine like a spoon, but we're gonna let it. you won't regret it.",0
"on this road i'm walking, on this trail i'm turning,",0
i'll take all the smog in ca-li-for-ni-a,0
you don't have to be afraid.,0
and he dropped his medals down into her hand.,0
in the pigpen,0
"i just can't do what i've done before,",0
"ruby just smiled and said, ""ah, you know some babies never learn.""",1
"""stop all this weeping, swallow your pride,",0
"dead man, dead man, when will you arise,",0
"""i was only robbing the register, i hope you understand!",0
"it ain't easy to swallow, it sticks in the throat,",0
"yes, and how many deaths will it take till he knows",-1
to be stuck inside of mobile with the memphis blues again?,0
"she said, ""you gonna stay?"" i said, ""if you want me to, yes!""",0
"it's just that i'll be sleeping soon and it'll be too dark for you to find the door,",-1
"well, he hands you a nickel, he hands you a dime.",0
"they'll stone you when you're walking on the floor,",0
"ring bell, hard to tell",0
"to satisfy, ensure you not to quit,",0
"i say, ""how much you want for that?"" i go into the store.",0
"poisoned in the bushes, blown out on the trail,",0
"it's gonna be the meanest flood that anybody's seen,",0
"to be on your own,",0
"we live in a political world,",0
"i wouldn't pay it any mind,",0
you want a watered-down love.,1
"the cat's in the well, the leaves are starting to fall,",0
"you know, i feel pretty good, but that ain't saying much.",0
"there are thousands in the phone booth, thousands at the gate,",0
"idiot wind blowing through the flowers on your tomb,",0
"you'll never know the hurt i suffered, nor the pain i'd rise above",-1
i thought that it was well-understood,0
"oh, can it be that i am slain?",0
"they paved paradise, they put up a parking lot",1
"just tell her kindly, ""there is the front door.""",0
wanna get married? do it now! tomorrow all activity will cease.,0
"you gone to the finest school, alright, ms. lonely,",0
"""remember that murder that you--happened in a bar?",0
"ah, my friends from the prison, they ask unto me,",0
just remember that death is not the end.,-1
"i helped her out of a jam, i guess, but i used a little too much force.",0
"well, i cried for you, now it's your turn, you can cry a while.",-1
"already the fiesta has begun,",0
as you stare into the vacuum of his eyes,0
and i try to harmonize with songs,0
"i'm just glad it's over, i'm seeing the real you at last.",0
one more cup of coffee before i go to the valley below.,0
the slow one now will later be fast,0
can i come home with you?,0
headed out for the western skies.,0
he's pointing to the sky and he's hungry like a man in drag.,0
"but something is happening here and you don't know what it is, do you, mr. jones?",0
"preoccupied with his vengeance,",0
"i heard the song of a poet who died in the gutter,",0
they bragged about her son with his uniform and gun,0
"like a complete unknown,",0
"maybe someday you'll hear a voice from on high,",0
"i'll take you 'cross the river, dear, you've no need to linger here,",0
"oh, hard times, come again no more.",0
"stone you when you're walking on the path,",0
"then he said, ""yes, i think it can be easily done.",0
in the courtroom of honor the judge pounded his gavel,0
"""oh, well,"" i said, ""it's a pretty big ship.",0
"""well, i got up and i walked around,",0
he really wasn't where it's at,0
when you're lost in the rain in juarez and it's easter-time too,0
"something is happening, but you don't know what it is, do you, mr. jones?",0
"well, don't know which one is worse - doing your own thing or just being cool,",0
"heart of mine,",0
there's nothing i'm wishing to be owning.,0
"honey, i want you.",0
"where you and i will unite.""",0
"now, there's a certain thing that i learned from jim",0
"with a crashing, but meaningless blow.",0
someone to get you flowers constantly,0
"that long, black cloud is coming down,",0
what it's like to be in society with a shackle on your hand.,0
"honeysuckle blooming in the wild-wood air,",0
now and then there's a fool--a fool such as i.,0
"lay down your weary tune, lay down, lay down the song you strum",0
he's singing his song for me at his own expense -,0
"shooting tin cans with a sawed-off shotgun,",0
and i'm one too many mornings and a thousand miles behind.,0
"atlantic city, by the cold, grey sea,",0
like a rolling stone?,0
where were you when it started? do you want it for free?,0
concerning myself and the first few friends i had.,0
for i can't help falling in love with you.,1
"riding first-class train, making the round,",0
"to be without a home,",0
"put in a prison cell, but one time he could've been the champion of the world.",0
"into my own parade,",0
on the fifth day of may in the drizzling a-rain.,0
where do you come from? where do you go?,0
"in his anger and his shame,",0
"winter would have no spring,",0
but you're gonna have to serve somebody.,0
"early in the morning, early in the morning",0
"man there said, ""come back some other day.",0
"and may you stay forever young,",1
"louis the king said, ""let me think for a minute, son.""",0
"the path you've endured has been rough,",0
"may be working in a barbershop, you may know how to cut hair,",0
got to do unto others like you'd have them--like you'd have them do unto you.,0
"we both heard voices for a while, now the rest is a-history.",0
i still can't remember all the best things she said.,0
"no, no, no, it ain't me, babe,",0
in a soldier's stance i aimed my hand,0
"i just ain't - can't face to tell 'em, honey, you just went away.",0
"ooh-ee, ride me high, tomorrow's the day that my bride's a-gonna come!",0
stand in one place till your feet begin to hurt.,0
by the saving grace that's over me.,0
"i said, ""sometime, not all the time."" then my neighbor, he blew his nose",0
"or, sad-eyed lady, should i wait?",0
tangled up in blue.,0
"yea heavy, and a bottle of bread!",0
"i got nothing to say, 'specially about whatever was.",-1
tangled up in blue.,0
alright!,0
"his bedroom window, it is made out of bricks.",0
"and ride a horse along the trail,",0
everybody must get stoned.,0
"it ain't in the cardboard-box house,",0
"now, i likes to do just like the rest, i like my sugar sweet,",0
"what's good is bad, what's bad is good, you find out when you reach the top",0
"when things go wrong, so wrong with you,",-1
"nicodemus came at night, so he wouldn't be seen by men,",0
"yeah, you'll not see nothing like the mighty quinn!",0
"i glanced into the chamber where the judges were talking,",0
"now, if you see saint annie, please tell her ""thanks a lot"",",0
"well, i'm hanging on",0
"you can't blame me at all.""",0
"it's alright, ma, i'm only sighing.",0
if i can't help falling in love with you?,1
the vagabond who's rapping at your door,0
"yes, come out your window!",0
"the night blows rainy,",0
"is there something you needed, something i don't understand?",0
but i'm already there in my mind and that's good enough for now.,0
"billy, you been running for so long.",0
"on a cold, dark night on the spanish stairs.",-1
i've seen all these decoys through a set of deep turquoise eyes and i feel so depressed.,0
"is it really any wonder,",0
"""would you forsake your house and home? would you forsake your baby?",0
"well, the real truth is that i may be afraid to find it.",0
"and she makes love just like a woman,",1
"she looked at him and he felt a spark tingle to his bones,",0
"this kind of love, i-i'm lovesick.",1
"if there's a poor boy on the street, then let him have my seat",0
"pointed threats, they bluff with scorn,",0
"and all the couples dancing cheek to cheek,",0
"he had a job in the old north woods working as a cook for a spell,",0
"i am a man of constant sorrow,",0
"i courted lovely flora some pleasure for to find,",1
"yes, call him ""drunken"" ira hayes, but his land is still as dry",0
everybody went down to that million dollar bash.,0
"i know i can't win,",0
"you don't want a love that's pure,",1
"on a night like this i'm so glad you're here to stay,",0
you don't have to be afraid.,0
"when your rooster crows at the break of dawn,",0
"rabbit running down across the road,",0
"and someone turns and says to him, ""my friend, you'd better leave.""",0
"for that reason i will have to stay.""",0
bringing everything that's near to me nearer to the fire.,0
"you'll say, ""what are you made of?""",0
"in the smoke of the twilight, on a milk-white steed,",1
i've still got the scars that the sun did not heal.,0
"i came in from the east with the sun in my eyes,",0
in the summertime when you were with me.,0
"there's a-mighty many people in the middle and all around,",0
"she smiled and she went right down, she looked up and all around,",1
for i can't help falling in love with you.,1
"you know, it's not even safe no more",0
i came in from the wilderness a creature void of form:,0
"his clothes are dirty, but his a-hands are clean",0
"when they asked him why it had to be that way, ""well,"" he answered, ""just because.""",0
the ghost of 'lectricity howls in the bones of her face,0
the silent night will shatter from the sounds inside my mind,0
that too many people have died?,0
"yes, i disobeyed his orders, i came to see you, but i found him there instead.",0
sometimes i wonder to just--what it's all coming to.,0
who's gonna let it down easy to save his soul?,0
"but, when quinn the eskimo gets here, everybody's gonna jump for joy.",1
how does it feel,0
"when he healed the blind and crippled, did they see?",0
"he's not selling any alibis,",0
"you got my attention, now go 'head, speak.",0
hold on to me so tight and heat up some coffee grounds.,0
i've been living the blues every night without you.,0
"don't let her know that you love her,",1
"past the tree of smoke, past the angel with four faces,",1
"she said, ""where you been?"" i said, ""no place special.""",0
"thank you, you're so very kind, you really are. we will play you this song - i wrote this also about fifteen years ago, it still means a lot to me, i know it means a lot to you, too.",0
"down the street the dogs are barking and the day is getting dark,",-1
"early one morning the sun was shining, she was lying in bed,",0
"that i just can't fit? yes, i believe it's time for us to quit.",0
but am i no longer a part of your plans or your dreams?,0
"the walls collide, mona cries.",0
"yet she's true like ice, like fire.",0
"down the street the dogs are barking and the day is getting dark,",-1
it sure is right on a night like this.,0
they'll stone you when you're playing your guitar.,0
"every little sound just might be thunder,",0
"the rats have got your flour, bad blood, it got your mare,",-1
"bow down to her on sunday, salute her when her birthday comes,",0
"out on runway number nine, big 707 set to go,",0
must've been old stack-a-lee stumbling in the dark.,-1
they'd probably put my head in a guillotine.,0
"i got nothing, ma, to live up to.",0
"i sat with my high-heeled sneakers on,",0
"i just can't beg you anymore,",0
"goodbye's too good a word, babe,",0
"they say the darkest hour is right before the dawn,",-1
"to your tambourine in time,",0
"you better duck down the alleyway,",0
"way out in the wilderness a cold coyote calls,",0
"wondering if she'd changed at all, if her hair was still red.",0
"won't you come see me, queen jane?",0
"this old airport's got me down, it's no earthly good to me",0
to make me think i'm wrong.,-1
heading for the gates of eden.,0
i fell asleep for to take my rest.,0
i had to rearrange their faces and give them all another name.,0
for an instant hand touched hand.,0
"the hysterical bride in the penny arcade,",0
"try to be a success,",0
crying like a fire in the sun.,-1
"you stole her love from me one day,",1
where the geese into the countryside have flown.,0
but then the crowd began to stamp their feet and the house lights a-did dim,1
tuba players now rehearse around the flagpole,0
"like a poor fool in his prime, yes, i know you can hear me walk.",0
"mercury, gravity,",0
"you stole my john b., now i'm bound to take your life.""",0
"teeth like pearls shining like the moon above,",0
"i've learned to hate the russians all through my whole life,",-1
"i'll walk to the depths of the deepest, dark forest,",-1
"i got my mind made up,",0
"when your rooster crows at the break of dawn,",0
"said, ""why'd you bring him in here for! he ain't the guy!""",0
i'm not sleepy and there is no place i'm going to.,0
"people are crazy, times are strange,",0
i'm gon' remember forever the joy we've shared.,1
"hunted like a crocodile, ravaged in the corn:",0
'cause i don't think about it.,0
"lord, protect my child.",0
and fades away like some morning dew.,0
blinded by sleep and in need of a bed.,0
"to be without a home,",0
"ever since you walked right in, the circle's been complete,",0
"you pressed me once, you pressed me twice,",0
"and with the whole ship's company he was willing to engage,",0
"you think that, when you rest at last, you'll go back from where you came,",0
"don't let yourself stumble,",0
"teeth like pearls shining like the moon above,",0
"now and then there's a fool--a fool such as i am over you,",0
he's sure got a lot of gall,0
lincoln county road or armageddon?,0
"a complete unknown,",0
"tears of rage, tears of grief, why am i always the one who must feel the thief?",0
"i shall be released,",0
"and that the ladder of law has no top and no bottom,",0
but you can never steal away,0
"father who build the mountain so high,",0
"i don't wanna meet your kin,",0
i didn't know that you'd be leaving -,0
"a bald wig for jack the ripper, who sits",0
"goodness hides behind its gates,",0
but i can't help falling in love with you.,1
"this is the key to the kingdom and this is the town,",0
yet i swear i see my reflection,0
"where ma rainey and beethoven once unwrapped their bedroll,",0
"cannot be happy without his mom and his pappy, let's stick together,",1
are free to drink martinis and watch the sun rise,0
"knock--knock--knocking on heaven's door,",0
am i ready?,0
"saying, ""name me someone that's not a parasite and i'll go out and say a prayer for him.""",0
but it's like i'm stuck inside a painting,-1
"it hurts me, too.",0
"father of time and father of dreams,",0
"i won't let go and i can't let go,",0
"as i stepped to the stage to pick up my degree,",0
"patriotism, materialism.",0
"got any papers, will you serve 'em to me?""",0
"saying, ""she'll stay all in sailor's clothes, her color shall be blue.",0
have beat out your destruction or your pain,-1
"and now the heart is filled with gold as if it was a purse,",0
only a fool here would think he's got anything to prove.,0
"you're too hot, darling.",0
"split up on a dark, sad night, both agreeing it was best.",-1
"my thoughts began to wander, but his voice was ringing loud.",0
"eight by eight they got to the gate,",0
"joey, joey,",0
"go get me my pistol, babe,",0
"rolling through the rain and hail, looking for the sunny side of love.",1
"well, i'm preaching peace and harmony, the blessings of tranquility,",0
"i believe in you even on the morning after,",0
"yes, you got your steam drill, now you're looking for some kid",0
"""you'd fail to understand,"" he said. ""why must you even try?""",0
dreams where the umbrella is folded,0
"if not for you,",0
"and ride a horse along the trail,",0
"woman that i love, she got a hook in her nose,",1
but you break just like a little girl.,0
"turned around to billy lyons, said, ""what are you doing here?""",0
"well, i see you got your brand-new leopard-skin pill-box hat,",0
"now, whenever i get up and",0
"well, my heart's in the highlands, i can only get there one step at a time.",0
"serve somebody,",0
tangled up in blue.,0
"feel the pulse and vibration and the rumbling force,",0
"yes, i'll do anything in this god-almighty world",0
late last night you come rolling across my mind.,0
and ye shall be changed.,0
"knock--knock--knocking on heaven's door,",0
"she turned around to look at me as i was a-walking away,",0
"thinking it was a trusty tree,",0
"cop said, ""wait a minute, boys, this one's not dead!""",0
there is a house down in new orleans they call the rising sun,0
"wallflower, wallflower, won't you dance with me?",0
does he pollute the moon and stars?,0
"i have no one to meet,",0
"and it ain't on a real rich kid's road-map,",0
"i dreamed i saw saint augustine, alive with fiery breath.",0
"i've dealt with your boss, who'd never known about loss,",0
"wondering if she'd changed at all, if her hair was still red.",0
"that long, black train is pulling down,",0
"but jumping qs and making haste, you know, it ain't my cup of meat.",0
"sorry if i touched the place where your secrets are hid,",0
"try to steal back your numbness, all your pain",-1
"i helped her out of a jam, i guess, but i used a little too much force.",0
and the boat drifts onto the shoreline,0
what's a sweetheart like you doing in a dump like this?,0
"trails of troubles, roads of battles,",0
"people'd call, say, ""beware, doll,",0
"where she held me in her arms one time and said, ""forget me not.""",0
how long must i keep my eyes glued to the door?,0
"don't walk on your tip-toes,",0
half-wracked prejudice leaped forth.,0
"i'll buy you a diamond ring,",0
"feel like a broke-down engine, ain't got no drive at all,",0
"there's a whole lotta people in trouble tonight from the disease of conceit,",0
"don't wanna buy nobody, don't wanna be bought,",0
"well, i lean into your hallway, lean against your velvet door.",0
"got all them buckets coming outta my ears,",0
"dead man, dead man, when will you arise,",0
"then sends out for the doctor, who pulls down the shade",0
just for a while 'cause they know it's in style,0
but you can't see in and i--it's hard looking out.,0
"rubin carter was a-falsely tried,",0
"nobody can get any sleep - you know, there's someone on everybody's toes;",0
she walks like bo diddley and she don't need no crutch.,0
"my dogs are barking, there must be someone around,",0
"well, six white horses that you did promise",0
she takes just like a woman - yes!,0
"and they'll raise their hands, saying, ""we'll meet all your demands"",",0
"now, if you see saint annie, please tell her ""thanks a lot"",",0
"ring them bells for the blind and the deaf,",0
"they say ""sing!"" while you slave -- i get bored, whoa-ohh!",0
"too late, too late, for his case, it is sealed -",0
"if i didn't have to guess,",0
"don't fall apart on me tonight,",0
"yes, you are, you're gonna have to serve somebody:",0
"so, if you got to go, it's alright,",0
"rubin's in south america, fighting for his name,",0
"man's ego's inflated, you know, his laws are outdated,",0
that duquesne train gon' rock me night and day.,0
"it's a part of me now, it's been cherished and saved,",0
trying to get a lead on,0
"he wasn't too small and he wasn't too big - ""ah, think i'll call it a pig.""",0
"i's just thinking of a series of dreams,",0
so i'm going to unpack all my things and sit before it gets too late.,0
is that a smile that i see on your face?,1
"and she aches just like a woman,",0
"they'll stone you just like they said they would,",0
"delia's daddy weeped, delia's mama moaned,",0
but sooner or later one of us must know,0
"i had no one for to go my bail,",0
"the light in this place is so bad, making me sick in the head,",1
"i saw a black branch with blood that kept dripping,",-1
i've still got the scars that the sun did not heal.,0
"she turned around to look at me as i was a-walking away,",0
"are you from heaven descended, abiding in cupid's fair throne?""",0
"the crystal ball upon the wall hasn't shown me nothing yet,",-1
"oh, even that couldn't make me go back.",0
"you that hide behind walls, you that hide behind desks,",0
"the multitude wanted to make him king, put a crown upon his head,",0
alright!,0
he asks you with a grin if you're having a good time;,0
"i'm going back to new york city, i do believe i've had enough.",0
"saying, ""i'll dress you up in sailor's clothes, your jacket shall be blue.",0
"honey, baby.",0
"mama, take this badge off of me,",0
"ooh, baby, ooh-ee,",0
"knock--knock--knocking on heaven's door,",0
"you have slayed me, you have made me.",0
"all that and more and then some,",0
i was dreaming i was sleeping in rosie's bed.,0
"a big, yellow bulldozer took away the house and land.",0
"cities on fire, phones outta order,",0
and don't criticize what you can't understand.,0
"i blowed inside out and upside down,",0
"cinderella, she seems so easy. ""it takes one to know one,"" she smiles,",1
the water smooth ran like a hymn and like a harp did hum.,0
will be fully aware of how precious she is.,0
"and, though they could not produce the gun,",0
"stake my future on a hell of a past,",0
"i had a job in the great north woods working as a cook for a spell,",0
"let the wind blow low, let the wind blow high,",0
"and both shall row, my love and i.",1
and a thousand telephones that don't ring -,0
"but these visions of johanna, they make it all seem so cruel.",0
"yes, indeed, you're gonna have to serve somebody:",0
look out your window and i'll be gone.,0
for tonight no moonlight will shine on me.,1
the phantom of the opera in the perfect image of a priest.,0
"my senses have been stripped,",0
"we eat and we drink, we feel and we think,",0
"vanished from my hand,",0
"may be a city councilman taking bribes on the side,",0
but he shoulda stayed where his money was green.,0
"saved,",0
and you're the best thing that he's ever seen.,0
i'm younger than that now.,0
"oh, jokerman, you don't show any response.",0
"the answer, my friend, is blowing in the wind,",0
who killed davey moore?,-1
"remember before you come, at least please first telephone.",0
"shine your light, shine your light on me,",1
at the corrida we'll sit in the shade,0
it was the best acting i saw anybody do.,0
so he packed his glove and took his arm and one day he just ran away.,1
"oh, come all without, yeah, come all within,",0
"a messenger arrived with a black nightingale,",0
keeping one step ahead from the persecutor within.,0
"trapped in the heart of it, trying to get away.",0
"i'm glad i fought, i only wish we'd won.",0
he bought your city on a one-way track.,0
"and, from where they stand, i'm sure it is,",0
"agarrame, mi vida, soon the desert will be gone,",0
don't it always a-go to show,0
"i went down in my praying ground, fell on my bended knee,",0
blowing like she's blowing right on time.,0
when she's better only time'll tell.,0
"i cursed her one time, then i rode on ahead.",0
"that the whole, wide world is watching.",0
how does it feel?,0
for your weary toes to be touching,0
the timeless explosion of fantasy's dream.,0
"no one doubted that he pulled the trigger,",0
"not the whiskey-drinking indian or the marine who went to war,",0
and if you hear vague traces of skipping reels of rhyme,0
like a rolling stone?,0
"i was raised in the country, i been working in the town,",0
"gon' walk down that dirt road till someone lets me ride,",0
"no, no, no, it ain't me, babe,",0
got what it takes just to make you hurt.,0
"i said, ""fee, fie, fo, fum, cassius clay, here i come.",0
"it's making you mad, it's making you mean,",0
"don't let her see,",0
"""come in,"" she said, ""i'll give you shelter from the storm.""",0
"farewell, angelina, the bells of the crown",1
from the crossroads of my doorstep my eyes begin to fade,0
i was riding in a buggy with ms. mary-jane -,0
man in the moon went home and the river went dry.,0
what good am i?,0
"just what you're gonna say when you get home,",0
and the boat drifts onto the shoreline,0
"when they came for him in the garden, did they know?",0
"and, in a matter of minutes, on bail was out walking.",0
"i cursed her one time, then i rode on ahead.",0
"come, let us fly, my magdalena,",0
at dawn my lover comes to me,1
"oh, mama, ain't you gonna miss your best friend now?",0
"i'm leaving today,",0
"makes no difference where she's been,",0
must be and that is all.,0
"and to come each time you call,",0
seen the arrow on the door-post saying this land is condemned,0
"not the whiskey-drinking indian or the marine who went to war,",0
"honey, baby.",0
god knows you can rise above the darkest hour of any circumstance.,-1
"there was music in the cafes at night and revolution in the air,",0
"tomorrow night, before the sun goes down,",0
tell you now that the whole town is empty.,0
but you're gonna have to serve somebody.,0
"i got shoved down, got pushed around,",0
and they're going out like a dinosaur.,0
who's a-gonna look you straight in the eye and hold your bad-luck hand?,0
"i believe in you when white turn to black,",0
the rich seduce the poor and the old are seduced by the young.,0
i wish to my soul i could see the gal i'm a-thinking of.,0
"""there must be some way out of here,"" said the joker to the thief,",0
"yep, she promised that she'd be right there with me",0
"gypsy davy with a blowtorch, he burns out their camps,",0
if you throw it all away.,0
muttering small talk at the wall,0
"to show me the kinda love that don't have to be condemned,",1
"three by three, it don't set on me,",0
"she wrote me a letter and she wrote it so kind,",0
"i got my walking shoes and i ain't a-gonna lose,",0
"threw the bums a dime in your prime, didn't you?",0
"still i just don't know what i'm gonna do,",0
"i once loved a woman - a child, i am told.",1
"you're bound to fall."" you thought they were all kidding you.",0
you were born with a snake in both of your fists while a hurricane was blowing.,0
"to curbs 'neath holes where babies wail,",0
i was so mistaken when i thought that she'd be true.,0
when a cop pulled him over to the side of the road -,0
to protect you and defend you,0
"buy you shoes and clothes, lord, lord,",0
"i might need a good lawyer, could be your funeral, my trial.",0
are you willing to risk it all or is your love in vain?,1
if only could hang on and just be her friend -,0
"now, they take him and they teach him and they groom him for life",0
"turn, turn to the rain and the wind.",0
went into the valley of dry-bone dreams.,0
"and it ain't no use in turning on your light, babe -",1
"in the night the grounds was groaning,",0
it's a shame the way she keeps a good man broke.,0
it's all in your eyes and the way that you move.,0
"sister's on the highway with that steel-driving crew,",0
"knock--knock--knocking on heaven's door,",0
i'm gonna take a trip on the big mcmillan.,0
"take the motherless children off the street,",0
please quit your low-down ways.,0
"hey, mr. tambourine man, play a song for me,",0
"pointed threats, they bluff with scorn,",0
"yes, and only if she was lying by me -",0
fifth daughter on the twelfth night,0
"look at the sun sinking like a ship,",0
we see this empty cage now corrode,0
"but you're gonna have to serve somebody,",0
"and your sidewalk starts curling and the street gets too long,",0
"you can listen to my story, you can listen to my song,",0
may you always do for others and let others do for you.,0
"and old men with broken teeth, stranded, without love -",1
"and, though i can't sleep at night for trying,",0
looking at his hands for the lines that were,0
"in each caress, in each tender kiss,",0
in the jingle-jangle morning i'll come following you.,0
"vanished from my hand,",0
"and i was born to be with you, you were born to be my bride?",0
"and you ask why i don't live here! honey, how come you have to ask me that?",0
"my love, she speaks softly,",1
"come on, darling.",0
"she was married when we first met, soon to be divorced,",0
"when just then a passing stranger burst upon the scene,",0
"unless you been inside a tunnel and fell down sixty-nine, seventy feet over a barbed-wire fence,",0
can't you hear that duquesne whistle blowing?,0
"i can see the unknown rider, i can see the pale white horse.",0
"hanging 'round the theaters,",0
"on this new morning, new morning,",0
you put your eyes in your pocket and you put your nose into the ground.,0
"you fight for the throne and you travel alone, unknown as you slowly sink",0
"""come in,"" she said, ""i'll give you shelter from the storm.""",0
we're both just one too many mornings and a thousand miles behind!,0
what looks like the easy way out.,0
"on the wheels of fire, but will offer no reward",0
"knock--knock--knocking on heaven's door,",0
in the empty lot where the ladies play blindman's bluff with the key-chain,0
"no more pint of salt for me, many thousand gone.",0
even deep down inside my toilet bowl.,0
"someday, everything is gonna be different",0
"""my--it wasn't me that knocked him down,",0
at not getting their money's worth.,0
"people disagreeing on just about everything, yeah, makes you stop and wonder why,",0
"shadows even the silver spoon,",0
she once was a true love of mine.,1
she speaks good english and she invites you up into her room,0
"when he knocked out a lynch mob, he was criticized,",0
"she talks to all the servants about man and god and law,",0
"where the winds hit heavy on the borderline,",0
i never saw the man again.,0
"i saw three ships sailing, they were all heading my way.",0
"done laid around, done stayed around this old town too long",0
has anybody seen my love?,1
"well, our captain fell in love with a lady like a dove.",1
"ring down when you're ready, baby, i'm waiting for you,",0
and there's no time to think.,0
"we wanna put his ass in the stir,",0
"screaming, she moans, ""i have just been made!""",0
"they say the darkest hour is right before the dawn,",-1
"i'd pour a drink for you, my dear mary ann,",0
"into the arms of judas priest, which is where he died of thirst.",0
ain't it hard when you discover that,0
"this song is called ""hurricane"". if you got any political pull at all, maybe you can help us get this man outta jail, back onto the streets.",0
"in the blinking stardust of a pale-blue light,",1
"the trial was a pig-circus, he never had a chance:",0
in a soldier's stance i aimed my hand,0
he's not selling any alibis,0
"i went out the other door, this englishman said ""fab!""",0
"with men in every walk of life, which took her everywhere,",0
"believe me, it ain't no fun, lord, lord,",0
"don't know how it all got started, i don't know what they're doing with their lives,",0
"bow down to her on sunday, salute her when her birthday comes,",0
they say that patriotism is the last refuge,0
why wait any longer for the world to begin?,0
"something in the moonlight still hounds him,",1
a-she takes just like a woman,0
"fat man looking in a blade of steel,",0
this place don't make sense to me no more!,0
everybody must get stoned.,0
a lover for your life - a-but what more?,1
i'll give you more gold than your apron can hold,0
i always thought that he was well.,0
"smell the tail of the dragon,",0
"most of the time i'm clear-focused all around,",0
take me as i am or let me go.,0
"hey, mr. tambourine man, play a song for me,",0
"honey baby, don't leave me now,",0
he's going to the carnival tonight on desolation row.,0
"saviors are fast asleep, wait for you.",0
"rosemary combed her hair and took a carriage into town,",0
"and i, in my armor, turning about",0
"our loves are gonna grow, ooh-wah, ooh-wah.'",1
"ah, how can i live here, baby, lord, and feel at ease?",0
for making your prayers known unto heaven for me,0
"baby, let me follow you down,",0
"judges will haunt you, the country priestess will want you, her worst is better than best,",0
"""well, i seen your cadillac window up-town.",0
"you hand in your ticket to go see the geek,",0
"i couldn't hear the robin sing,",0
"and the riot squad, they're restless, they need somewhere to go",0
"and it's all over now, baby blue.",0
"you're a soldier of mercy and you're cold and you curse, ""he who cannot be trusted must fall.""",0
"what's happening, baby, to make you act so strange?",0
then they'll stone you when you're there all alone.,0
"when a trembling, distant voice, unclear,",0
i ain't gonna work on maggie's farm no more.,0
"and say, ""do you wanna make a deal?""",0
"as human gods aim for their mark,",0
"i got a woman in jackson - oh, i ain't gonna say her name.",0
"to know that some other man is holding you tight,",0
"and, though the rules of the road have been lodged,",0
when a cop pulled him over to the side of the road -,0
"using every angle under the sun,",0
"and the saviors, who are fast asleep, they wait for you.",0
"well, you can laugh at salvation, you can play olympic games,",0
"with the mystery tramp, but now you realize",0
"i sung the song slowly as she stood in the shadows,",0
"ain't no reason to go in a wagon to town,",0
"we're all boxed in, nowhere to escape.",0
"ooh, baby, ooh-ee,",0
"got the message this morning, the one that was sent to me",0
"when he rose up from the dead, did they believe?",0
and get something quick to eat.,0
"through ice and snow, sleet and rain.",0
muttering small talk at the wall,0
"or maybe it's the weather or something like that,",0
"princess on the steeple and all the pretty people,",0
he owned a wrecking lot outside of town about a mile.,0
"yes, i cried for you, now it's your turn, you can cry a while.",-1
to be stuck inside of mobile with the memphis blues again?,0
she let go of my hand,0
"well, it may be the devil or it may be the lord,",0
"it gets discouraging at times, but i know i'll make it",0
is there something i can send you to remember me by,0
"with his candle lit into the sun,",0
"we'll both go off together.""",0
"handy-dandy, pour him another brandy.",0
"well, if i fall down dying, you know, she bound to put a blanket on my bed.",0
"let the smell of wildflowers flow free through my blood,",-1
"it's unbelievable, it's fancy-free,",0
"yeah, ninety miles an hour down a dead-end street.",0
"if i carry it out, it'll bring a good price.""",0
"but i would not feel so all alone,",0
to love and follow his direction?,1
i was too young to know you were doing it right,0
you're drifting too far from shore.,0
"you suddenly find you got nothing to fear,",0
"you try so hard, but you don't understand",0
"just then the order came to charge,",0
"oh, use your hands and legs, it won't ruin you.",0
"he'll say, ""nothing neither 'live nor dead.""",0
"i'm just waiting on the lord to rebuild and fill me up,",0
before she sleeps in the sand?,0
"winterlude, winterlude, my little apple,",0
"someday gonna need my help, someday.",0
"jumped into a white car with out-of-state plates.""",0
while my conscience explodes.,0
"i said, ""that's the best news that i've ever heard.""",0
disaster's getting closer at every time we meet,0
sometimes it's just plain stupid to get into any kind of wind.,0
"go lightly from the ledge, babe,",1
"i got the heart and you got the blood,",-1
it's just the old american way.,0
"my weariness amazes me, i'm branded on my feet,",0
when you were faked out and fooled while facing a four flush,0
"for, if the sailors prove false to you, well, the captain, he might prove true.",0
"i cannot move, my fingers, they're all even in a knot.",0
girls' faces formed the forward path,0
it's all much cleaner than the new york kind.,0
just like the time before and the time before that.,0
"you make love just like a woman - yes, you do!",1
"there stood rita, looking just like tony perkins.",0
"we'll play it out the best we know, whatever it is worth.",-1
"you can have the best there is, but it's gonna cost you all your love,",1
"take me disappearing through the smoke-rings of my mind,",0
"in the days of old, in the days of gold, how ofttimes i repine",0
"if i was a master thief perhaps i'd rob them,",0
"threw the bums a dime in your prime, didn't you?",0
i can still see the day you came to me on the painted desert,-1
"""it's hard to say, it's hard to tell,",0
"you're an idiot, babe, it's a wonder that you still know how to breathe.",0
"hang around the ink-well,",0
"a thousand miles from home,",0
i'll show them to you and you'll see them shine.,0
"forget the dead you've left, they will not follow you,",0
disillusioned words like a-bullets bark,0
"my love winks, she does not bother,",1
"long distance operator, place this call, it's not for fun,",0
but you're gonna have to serve somebody.,0
"if not for you,",0
"i hate myself for loving you and the weakness that it showed,",-1
"she wakes him up forty-eight hours later, the sun is breaking",0
the hour that the ship comes in.,0
"true love, true love, true love tends to forget,",1
"you're bound to fall"" - you thought they were all kidding you.",0
"through the mad, mystic hammering of the wild, ripping hail,",0
"light yourself a candle,",1
"the highway is for gamblers, better use your sense,",0
"and ye shall be a-changed,",0
and you can't find it either in the no-talent fools,0
"gonna serve somebody,",0
and the cards are no good that you're holding,0
"watch the river flow,",0
"filled up the hunger that had always been denied,",0
"keep-a your hand on that plow, hold on!",0
"blowing through the letters that we wrote,",0
"my god, they killed him!",-1
"he oversees his kingdom so no stranger does intrude,",0
"vomit and jealousy's all that he sells us, he's contented when you're under his thumb,",0
"the joint is jumping,",0
"telling everybody in the neighborhood,",0
to some righteous king who wrote psalms beside moonlit streams.,0
it's a hard rain's a-gonna fall.,0
"she's got everything she needs, she's an artist, she don't look back,",0
"i heard the sound of a thunder that roared out a warning,",0
"no, but that ain't your game, it ain't your race,",0
"oh, you got to trust yourself, yeah!",0
"the answer, my friend, is blowing in the wind,",0
obscenity - who really cares? - propaganda all is phony.,0
where the women can't follow and see what i spend.,0
"i'll apply them all to thee.""",0
"wedding bells're ringing, the choir is beginning to sing,",0
who's gonna let it roll?,0
"well, the nature of man is to beg and to steal,",0
"lord, i ain't got much more to lose.",0
"you try so hard, but you don't understand",0
everything about you is bringing me misery.,0
"silvio, silver and gold",0
"last night the wind was whispering, i was trying to make out what it was,",0
that's where you belong --,0
"well, the job that you used to have,",0
"now, every time, you know, when the well breaks down,",0
"someone who will die for you and more,",0
she said she would always stay.,0
"yes, and how many years can a mountain exist",0
"but you're gonna serve somebody,",0
"your grass is turning black, there's no water in your well,",0
"alberta, let your hair hang low,",0
"it's high above on the gallows tree the crows will pick your bones.""",0
"and split up on a dark, sad night, both agreeing it was best.",-1
"forever young, forever young,",1
"to be on your own,",0
"to have--be on your own,",0
"my head is vibrating, i feel a sharp pain.",-1
yeah! going to have some fun.,0
"don't wanna be a bum,",0
"ma, wipe the blood from my face,",-1
the answer is blowing in the wind.,0
the law of the jungle and the sea are your only teachers.,0
"father of cold and father of heat,",0
i just can't fight 'em anymore.,0
"there she goes, my friend, she's a-rolling down at last.",0
"saved by the blood of the lamb,",-1
now yonder stand with me in this lonely crowd,0
"give me spots on my apples, but leave me the birds and the bees please.",0
while the eyes of the idol with the iron head are glowing.,0
how long can you hate yourself for the weakness you conceal?,-1
"i can write you poems, make a strong man lose his mind,",0
"sweet melinda, the peasants call her the ""goddess of gloom"",",0
got to do unto others like you'd have them--like you'd have them do unto you.,0
soon the horse will take us to durango.,0
how many seas must a white dove sail,0
unless they're from another world.,0
"when you asked me how i was doing, was that some kind of joke?",0
"you know, we made a vow not to leave one another, never.",0
"a woman shot her lover down, murder in the second degree.""",1
"dark beauty, with that long night's journey in your eyes.",-1
"and make promises by the hours,",0
and pretend that he just doesn't see?,0
"daddy's in the hallway looking for the fuze,",0
"gypsy gal, the hands of harlem",0
but it won't be over till they clear his name,0
"""eternity?"" said frankie lee with a voice as cold as ice.",0
and you know that we shall meet again if your memory serves you well.,0
"'cause something is happening and you don't know what it is, do you, mr. jones?",0
"your sons and your daughters are beyond your command,",0
need that woman straight and true.,0
"now, it's king for king, queen for queen,",0
mr. empire sits up as high as a bird,0
was it me that shot him down in the cantina?,0
"she's in santa fe, dear, dear, dear, dear, dear santa fe,",0
"and the windows are rattling and breaking, your rooftops're shaking,",0
"but whatever you wish to keep, you'd better grab it fast,",-1
will it buy you forgiveness? do you think that it could?,0
"now, what you wanna go and do that for?",0
"""thought you'd never say hello,"" she said, ""you look like the silent type.""",0
"don't let me change my heart,",0
"""there are many here among us who feel that life is but a joke,",0
"""the sun not yellow, it's chicken!""",0
with all memory and fate,0
"""i got forty red, white, and blue shoestrings",0
it won't matter who loves who - you'll love me or i'll love you -,1
"i'd do it myself, it's not so unreal.",0
you'll understand i'm only a man doing the best that i can.,0
he must have loved me oh! so much to send me someone as fine as you.,1
"then they drove that car as far as they could, abandoned it out west,",0
i'm everybody's brother and son.,0
"yes, i know that highway like i know the back of my hand.",0
"businessmen, they drink my wine, plowmen dig my earth,",0
in her fog with her amphetamine and her pearls.,0
"then ""lonesome"" would mean nothing to you at all.",0
"i need your love so bad, turn your lamp down low,",1
"well, the last thing i remember before i stripped and kneeled",0
"speaking to some french girl, who says she knows me well.",0
"i got my back to the sun 'cause the light is too intense,",1
rita mumbled something 'bout her mother on the hill.,0
"you can either go to the church of your choice,",0
"ever since i been a child,",0
the answer is blowing in the wind.,0
"you've been with professors, they've all liked your looks,",0
with a mind that multiplied the smallest matter.,0
"who's never weak but always strong,",0
"and, though they could not produce the gun,",0
"sometimes i have a nickel and sometimes i have a dime,",0
"they sat together in the park as the evening sky got dark,",-1
that it is not he or she or them or it that you belong to.,0
"oh, oh, oh, jokerman.",0
"turned her eyes up towards the heavens, said, ""nearer, my god, to thee.""",0
"underneath that tree there's just gonna be you and me,",0
"listen to that duquesne whistle blowing,",0
"well, there's a woman on my block, she'll just sit there facing the hill,",0
i didn't commit no ugly sin -,0
"our conversation was short and sweet,",0
the engineer gone through the hole in the wall.,0
"i've been wading through the high, muddy water",0
"little by little you turn in the middle,",0
"for all those who have eyes and all those who have ears,",0
"oh, baby, time for a new transition,",0
"don't you and your one true love ever part.""",1
"don't think twice, it's alright, babe,",0
"and have it on highway 61.""",0
"though you might hear laughing, spinning, swinging madly across the sun,",0
"there's something i got to do tonight, you go inside and stay warm.",0
as they follow each other back up the hill.,0
"two by two they stepped into the ark,",0
"i know that fortune is waiting to be kind,",0
"""what should the wedding supper be?"" uh-huh,",0
"to push fake morals, insult, and stare",0
"yes, you do, you know you do...",0
for the child that cries when the innocence dies.,0
"you say you told me that you wanna hold me, but you know you're not that strong.",0
"keep-a your hand on that plow, hold on!",0
"silly nelly was there, she told him a yarn,",0
at the old dance hall on the outskirts of town.,0
"go melt back in the night,",0
"i went into the city, went into the town,",0
i can still hear the sounds of those methodist bells -,0
"if you're looking to get silly, you better go back to from where you came",0
there's a wall between you--what you want and you got to leap it:,0
"and your eyes get swimmy from the tears in your head,",0
"resent him to the bone,",0
"i don't carry dead weight, i'm no flash in the pan,",0
wiggle till the moon sees you.,0
"don't you tell henry, apple's got your fly.""",0
"the sword swallower walks up to you and then he kneels,",0
let me forget about today until tomorrow.,0
"there was little to say, there was no conversation",0
"and swear-words and sneering and his tongue, it was a-snarling",0
you've had time to think about it for a while.,0
"going ninety miles an hour down a dead-end street,",0
"oh, oh, oh, jokerman.",0
"put your body next to mine and keep me company,",0
"you've never learned to read or write, there's no books upon your shelf,",0
you're the kinda woman drives a man insane.,0
"but don't think twice, it's alright.",0
"""no reason to get excited,"" the thief, he kindly spoke,",0
lost time is not found again.,0
and the mountains are filled with lost sheep.,0
i've been trying to get as far away from myself as i can.,0
if you just let me come home with you.,0
"romeo, he said to juliet, ""you got a poor complexion. it doesn't give your appearance a very youthful touch.""",0
"striking for the guardians and protectors of the mind,",0
"queen mary, she's my friend. yes, i believe i'll go see her again.",0
"she was standing there in back of my chair, said to me, ""don't i know your name?""",0
he really wasn't where it's at,0
"he's pulling her down and she's clutching onto his long, golden locks.",0
drinking man listen to the voice he hears,0
"come over here from over there, girl.",0
"please, mrs. henry, mrs. henry, please!",0
judge had the papers in his hand -,0
"gypsy undertaker sighs, the lonesome-organ grinder cries,",0
"wise men say only fools rush in,",0
then he staggered out into the streets of little italy.,0
"friend to the martyr, a friend to the woman of shame,",0
"not a word was spoke between us, there was little risk involved,",0
"once upon a time you dressed so fine,",0
"you're invisible now, you got no secrets to conceal.",0
and the flowerpot's from pakistan.,0
and all your raging glory.,0
i was alright till i fell in love with you.,1
"i want you,",0
it's that million dollar bash.,0
things would be different the next time we wed,0
"jokerman, dance to the nightingale tune,",0
"the empress attracts you, but oppression distracts you, it makes you feel violent and strange.",0
"knock--knock--knocking on heaven's door,",0
you wanna ramble to the break of dawn.,0
"send for the doctor, who pull down the shade,",0
"he was only a hobo, but one more is gone,",0
"a foreign sound to your ear,",0
until my dying-day.,0
"he told himself he didn't care, pushed the window open wide,",0
"i been double-crossed now for the very last time and now i'm finally free,",0
"wallflower, wallflower, won't you dance with me?",0
and rivers that ran through every day.,0
"tell me, tell me, i've got to know,",0
"i was burned out from exhaustion, buried in the hail,",0
i coulda stopped it in the eighth,0
"but you're gonna have to serve somebody,",0
"and my best friend, the doctor, he won't even tell me what it is that i've gots.",0
lost time is not found again.,0
"i fell down to my bended knees,",0
"yes, call him ""drunken"" ira hayes, he won't answer anymore,",0
"none of them along the line know what any of it is worth.""",0
"idiot wind blowing every time you move your mouth,",0
"we live in a political world,",0
"lay, lady, lay, lay across my big brass bed,",0
"he walks with a swagger and he says to the bride,",0
"well, i see you got your brand-new leopard-skin pill-box hat,",0
"lord, i'm a-going where i never been before.",0
but i wish there was something you would do or say,0
"you say, ""oh, my god, am i here all alone?""",0
"but the enemy i see wears a cloak of decency,",0
and then complains,0
"when my last dream exploded, i noticed your light.",1
"bow down to her on sunday, salute her when her birthday comes,",0
"hey, woody guthrie, but i know that you know",0
if not for you.,0
then he fine you every time you slam the door.,0
"you hand in your ticket and you go watch the geek,",0
"here's to cisco, and sonny, and leadbelly too,",0
"baby, please stop crying, stop crying, stop crying,",-1
"oh, though the earth may shake me,",0
how'm i supposed to get any riding done?,0
"and we made a football of his rowdy-dow-dow,",0
"well, he got no allies to really speak of,",0
"well, i feel just like that rooster, honey, you treat me so unkind.",0
"let me know, babe, that--will you surround me? -",0
"is, baby, be friends with you.",0
"seven days,",0
"i want you so bad,",0
"he's got a new one out now, i don't even know what it's about,",0
how does it feel?,0
you got a heart of stone.,0
"mama's in the factory, she ain't got no shoes,",0
"saying, ""tell me, great hero, but please make it brief,",0
like a rolling stone?,0
"all of us at times, we might work too hard to have it too fast and too much.",0
she had chrome-brown eyes that i won't forget as long as she's gone.,0
"i saw a black branch with blood that kept dripping,",-1
"wisdom is thrown into jail,",0
"there's not much more to be said, it's the top of the end,",0
"i must admit, felt a little uneasy when she bent down to tie the laces of my shoe,",0
"oh, mama, can this really be the end -",0
"when i leave new york, i'll be standing on my feet.",0
most of the time.,0
"a man in the corner approached me for a match,",0
let me die in my footsteps before i go down under the ground.,0
"but, baby, please stop crying 'cause it's tearing up my mind.",-1
i can't hear you anymore.,0
i can't even remember what it was i came here to get away from.,0
"they say every man must fall,",0
"i believe i'm fixing to die, fixing to die.",0
to get you facts when someone attacks your imagination.,0
"i got a long-haired woman, she got royal indian blood.",-1
you're the prettiest darned girl i ever seen-i-o!,0
"that's the day you die, lord, lord,",0
"the conductor, he's weary, he's still stuck on the line,",0
"face full of black soot,",0
"looking for a new fool,",0
"in a twinkling of an eye when the last trumpet blows,",0
"in the image of someone you used to know,",0
and nailing her in the ruins of her pettiness.,0
every urge is so satisfied as long as you're with me.,0
"you walk into the room like a camel and you frown,",0
"i ain't gonna work on maggie's farm no more,",0
"who shapeth the cloud up in the sky,",0
"no, no, no, it ain't me, babe,",0
"for the wild, unknown country where i could not go wrong.",-1
"all this for lovely flora, the lily of the west.",1
please don't let on a-that you knew me when,0
"tell me,",0
"idiot wind blowing through the flowers on your tomb,",0
as you stare into the vacuum of his eyes,0
"and you say, ""what's mine?"" and somebody else says, ""where what is?""",0
"and your gravity's down and negativity don't get you through,",0
i can't fight them anymore.,0
"and the ancient, empty street's too dead for dreaming.",0
"early in the morning, early in the morning",0
that chilly wind will soon begin and i'll be on my way,0
but i'll just sit down on this bank of sand and watch the river flow.,0
"one day they blew him down in a clam bar in new york,",0
private reasons - great or small -,0
but wouldn't tell me what it was that i got.,0
"where the home in the valley meets the damp, dirty prison",0
"that old oak tree, the one we used to climb.",0
"the girls all say, ""you're a worn-out star.""",0
"hey, mr. tambourine man, play a song for me,",0
"it's a price i have to pay,",0
"relationships of ownership,",0
and accept it that soon you'll be drenched to the bone.,0
"i can bite like a turkey, i can slam like a drake.",0
"may be a city councilman taking bribes on the side,",0
and if my love is real,1
"senor, senor, can you tell me where we're heading,",0
but i'll be with you when the deal goes down.,0
"willie's cards fell on the floor, they were aces backed with eights.",0
"i see the morning light, i see the morning light,",1
"you never understood that it ain't no good,",0
"trapped in the heart of it, trying to get away.",0
"well, that big dumb blonde with her wheel gorged,",0
"you may call me anything, don't matter what you say,",0
"we sat in an empty theater and we kissed,",0
"it ain't me you're looking for, babe.",0
"like an ancient river so wide and so deep,",0
"humility, simplicity.",0
love to spend the day with peggy night.,1
you can have what's left of me where we were born in time.,0
"everybody must give something back for something they get.""",0
"you see me on the street, you always act surprised,",0
while arthur dexter bradley's still in the robbery game,0
"now, i've always been the kind of person that doesn't like to trespass,",0
"it ain't me you're looking for, babe.",0
"oh, angelina,",1
"she was a backwoods girl, but she sure was realistic,",0
only a matter of time till night comes stepping in.,0
"lying next to her by the ocean,",0
"that, if god's on our side, he'll stop the next war.",0
"and later on, when the crowd thinned out, i was just about to do the same,",0
"i didn't see you around.""",0
"there's only one step down from here, baby,",0
"i can't be good, baby,",0
"short pants, romance, learn to dance,",0
"gypsy gal, you got me swallowed.",0
all my powers of expression and thoughts so sublime,0
"i want you,",0
it's a hard rain's gonna fall.,0
"your lips are so tender, your heart is beating fast,",0
"yes, you're gonna have to serve somebody:",0
"everybody wants you to be like them,",0
"woman that i love, she got two flat feet,",1
"now, the bricks lay on grand street, where the neon madmen climb.",0
don't have to look no further - you're the soul of many things.,0
but it's hard to think on,0
"the way, it is long, but the end is near,",0
like i see through the water that runs down my drain.,0
"well, there's one kind of favor i'll ask of you,",0
"i ain't gonna work for maggie's pa no more,",0
"but i don't sense affection, no gratitude or love,",1
"ring bar, hard to tell",0
"i'm living in a foreign country, but i'm bound to cross the line,",0
"it's really something,",0
there's just one last favor i'll ask of you:,0
"and pretend that you never have met.""",0
and try to avoid the scandals.,0
trying to read a note somebody wrote 'bout dignity.,0
"but we never did too much talking, anyway.",0
"a man with a badge skips by,",0
"this time i'm asking for freedom,",0
"but, oh, mama, you gonna miss your best friend now,",0
"bankers' nieces seek perfection,",0
"now there's a wall between us, something there's been lost,",0
and because time was on his side and because i,0
"you'll never get rid of me as long as you're alive,",0
"""it's my work,"" he'd say, ""and i do it for pay",0
i wish-i wish-i wish in vain,0
"oh, how does it feel",0
let's take a chance - who really cares?,0
"baby, let me follow you down,",0
"rubin could take a man out with just one punch,",0
it seems there was an earthquake that left nothing but a panama hat and a pair of old greek shoes.,0
you just want to be on the side that's winning.,0
the law of the jungle and the sea are your only teachers.,0
"whose screams filled the arena loud,",0
"but it grieves my heart, love, to see you trying to be a part of a world that just don't exist.",1
but it ain't like changing horses in midstream.,0
the silver saxophones say i should refuse you.,0
but deep inside my heart i know i can't escape.,0
why don't you know you got nothing to prove?,0
"""come in,"" she said, ""i'll give you shelter from the storm.""",0
you can go back to him any time you want to.,0
"you're an idiot, babe, it's a wonder that you still know how to breathe.",0
"yes, and you, you just sit around and ask for ashtrays. can't you reach?",0
of your useless and pointless knowledge.,0
"no, i do not feel that good when i see the heartbreaks you embrace,",0
i hope that you can hear--,0
"yes, nobody has any respect, anyway they already expect",0
"i wanna thank you, lord,",0
maggie says that many say,0
"sara, sara, beautiful lady so dear to my heart.",1
"the hostages were trembling when they heard a man exclaim,",0
"they called joe ""crazy"", the baby they called ""kid blast"",",0
"knock--knock--knocking on heaven's door,",0
mary wore three links of chain.,0
"may be a construction worker working on a home,",0
"well, it ain't no use in calling out my name, babe,",0
"way out in the distance i know you're with some other man,",0
that hype you and type you and making you feel that you gotta be just like them.,0
"no, you can't find it neither in no night-club, no yacht club,",0
"well, i was feeling sad and kind of blue,",0
"and a longtime, golden-haired stripper onstage",0
"well, my heart's in the highlands, gentle and fair,",0
take the rag away from your face! now ain't the time for your tears.,0
"yes, i'd pour a drink for you, my dear mary ann.",0
when the night comes falling from the sky.,0
for we were the lads who'd a-give them hard clouts and bid them look sharp in the morning.,0
and old howard just pointed off with his gun:,0
"so, all you rambling gamblers, wherever you might be,",0
and she'll only know he's dead.,0
"turn, turn, turn again -",0
"with my head bowed down to my shoes,",0
the man the authorities came to blame,0
"to gather flowers constantly,",0
"and go out in your country where the land meets the sun,",0
betty ross!,0
there's something i've gotta do tonight - you go inside and stay warm.,0
"you may be rich or poor, you may be blind or lame,",0
i can't stay in here - ain't it clear,0
"let us not talk falsely now, you know the hour's getting late.""",0
"all the laughter is just making me sad, the stars have turned cherry-red.",0
"and old men with broken teeth, stranded without love -",1
"all the tired horses in the sun,",0
"it's getting dark, too dark to see,",-1
"how does it feel,",0
so i picked up my guitar and began the next song.,0
how'm i supposed to get any riding done?,0
"just pointed out stack-a-lee, said, ""now what have you done?",0
i seen a lot of women but she never escaped my mind and i just grew,0
"i wouldn't be ashamed to be seen with you anywhere,",0
"rubin's in south america, fighting for his name,",0
"but you who philosophize disgrace and criticize all fears,",0
if you'll only let your hair hang low.,0
and forgot about a simple twist of fate.,0
"stay, lady, stay, stay with your man awhile.",0
"well, john the baptist, after torturing a thief,",0
feeling like a stranger nobody sees.,0
"""i think i'll call it america,"" i said as we hit land.",0
you don't need a weatherman,0
"won't let go and i can't let go,",0
"don't try no doz,",0
"""i didn't do it!"" he says and he throws up his hands,",0
"genghis khan and his brother, don, couldn't keep on keeping on:",0
"any minute of the day the bubble could burst,",0
tangled up in blue.,0
"knock--knock--knocking on heaven's door,",0
"hey, mr. tambourine man, play a song for me,",0
"something is happening and you don't know what it is, do you, mr. jones?",0
i just walk and watch you talk with your memory on my mind.,0
"she was with big jim, but she was leaning to the jack of hearts.",0
"abe said, ""where you want this killing done?""",-1
"i feel i'm knocking on heaven's door,",0
"whatever colors you have in your mind,",-1
"one summer's day he came passing by,",0
"gather there together, ain't room for no more.",0
"you may like to gamble, you might like to dance,",0
was that the thunder that i heard?,0
don't say i never warned you if your train gets lost.,0
"look out, kid,",0
"going ninety miles an hour down a dead-end street,",0
"she starts to speak, but he walks away",0
"if she ain't feeling well,",0
about having to be scrounging your next meal.,0
"when i saw that my partner was just being friendly,",0
"senor, senor, i can see that painted wagon,",-1
"well, they got old stack-a-lee and they lied him right back in jail,",0
"none of them along the line know what any of it is worth.""",0
"she's delicate, she seems like the mirror,",0
tweedle dum and tweedle dee.,0
so happy just to be alive underneath the sky of blue,1
i'll remember you,0
"may you grow up to be righteous, may you grow up to be true,",0
"but overlooked a hundred times or more,",0
"now, the judge and the jury, they took their stand,",0
"""oh, i'm sailing away, my own true love,",1
maybe someday you'll remember what you felt,0
and because time was on his side and because i,0
"tell your mama not to worry because, yes, they're just my friends.",0
"i'm in boston town in some restaurant,",0
and the answer is blowing in the wind.,0
"to anyone passing by, that's who they're talking to.",0
"going down the back roads, heading south,",0
"don't know if i saw you if i would kiss you or kill you,",-1
"well, i ride on a mail-train, baby, can't buy a thrill,",0
when everything that i'm saying you could say it just as good.,0
meantime life outside goes on all around you.,0
is cinderella sweeping up on desolation row.,0
"that come knocking and tapping in christmas wrapping,",0
"but, baby, please stop crying--it's tearing up my mind.",-1
"standing on a corner a-just ringing my bell,",0
"yes, i went down to the river on a saturday morn,",0
the changes we put on each other's heads?,0
to the shadows of the mesa she will greet you -,0
"look out, kid,",0
"you'll know all about it, love, it'll fit you like a glove",1
"yes, and only if my own true love was waiting",1
"when the judge saw reilly's daughter,",0
i got trouble in my mind.,0
"yes, and how many times must a man look up",0
but my heart is telling me i love you still.,1
"exchanging all precious gifts,",0
that it is not he or she or them or it that you belong to.,0
to be stuck inside of mobile with the memphis blues again?,0
"go lightly from the ledge, babe,",1
when the rain is blowing in your face,0
with a cane that he twirled 'round his diamond ring finger,0
that might be all that you got,0
"some trigger-happy fool willing to take chances,",1
"oh, your love comes on so strong and i've waited all day long",1
with a fantastic collection of stamps,0
"frog went a-courting and a-he did ride, uh-huh,",0
"with the mystery tramp, but now you realize",0
"and, though this man could hardly see, they told him he could identify the guilty men.",0
"i give her my heart, but she wanted my soul,",0
"and i see you in the street, i begin to swoon,",0
"but nothing really matters much, it's doom alone that counts",0
"i just kept looking at the side of her face in the spotlight so clear,",1
"you that hide behind walls, you that hide behind desks,",0
"you know, i love her, yeah, i love her,",1
"my right hand drawing back while my left hand advances,",0
"if not for you,",0
"my faith keeps me alive, but i still be weeping",0
why did he slip away to a quiet place instead?,0
tell her she can look me up if she's got the time.,0
"won't let go and i can't let go,",0
"if not for you, my sky would fall,",0
"well, well, well, so i can die easy,",0
for all eternity i think i will remember,0
"hmm, i hope that you can hear,",0
"knock--knock--knocking on heaven's door,",0
"she never stumbles, she's got no place to fall,",0
"the reason for fighting i never did get,",0
i don't know how much longer i can wait.,0
you think you'll find a heaven of bliss,0
must meet the dawn,0
"gon' walk on that dirt road till everything becomes the same,",0
"somebody got murdered on new year's eve,",0
"well, i quit my job so i could work alone,",0
"still, i wish there were something you would do or say",0
whatever you got to say to me won't come as any shock.,-1
"talk about salvation, people suddenly get tired,",0
soon shattered as a child to the shadows.,0
turned on my record player.,0
lincoln county road or armageddon?,0
the drunken politician leaps upon the street where mothers weep,0
"it's a shadowy world, skies are slippery gray,",0
who falls in love with wealth itself and turns his back on me.,1
"you got to serve somebody,",0
"and the good samaritan, he's dressing, he's getting ready for the show.",0
"on the very next day with a nose full of pus,",0
if not for you.,0
"oh, mama, can this really be the end,",0
"well, i'm hanging on",0
"and you chosen me to be among the few,",0
"my senses have been stripped,",0
tried to create a next world war.,0
"and there's one last favor i'll ask of you,",0
but we're all gonna make it at that million dollar bash.,0
that every hair is numbered like every grain of sand.,0
you're gonna make me lonesome when you go.,0
"and you say, ""for what reason?"" and he says, ""how?""",0
"a real suicide case, but there was nothing i could do to stop it.",-1
he just stood there staring at that big house as bright as any sun,0
i don't have to go far,0
back-alley sally's doing the american jump.,0
"i saw a white ladder all covered with water,",0
you need something to make it known,0
soon you will be dancing the fandango.,0
a song will lift as the mainsail shifts,0
"i want you,",0
"oh, her skirt, it swayed as the guitar played,",0
"she gave her heart to the man in the long, black coat.",0
to be stuck inside of mobile with the memphis blues again?,0
"and sometimes i'm in the mood, i wanna change the whole world around,",0
serve somebody:,0
"by the way, that's a cute hat",0
you used to laugh about,0
"baby, please stop crying, stop crying, stop crying,",-1
"each one of them suffering from the failures of their day,",0
when the roses fade,0
"just remember that death is not the end,",-1
to keep her from the howling winds.,0
"across the street they've nailed the curtains, they're getting ready for the feast,",0
"said, ""why'd you bring him in here for! he ain't the guy!""",0
"sign on a porch says that ""three's a crowd"".",0
"i got my mind made up, yeah!",0
"yes, i want you so bad,",0
"plays wasted words, proves to warn",0
the man in the coon-skin cap,0
i find complete love;,1
"written by an italian poet from the fifteenth century,",0
"handy-dandy, sitting with a girl named nancy in a garden feeling kind of lazy.",0
would let me know if i should go back to ship or back to jail.,0
"bound by her boredom, her pride to protect,",0
"and all the people say, ""there goes tom moore,"" in the days of '49 -",0
see the groom still waiting at the altar.,0
no one ever knew for sure where they were really at.,0
so many things that we never will undo;,0
three bodies lying there does patty see,0
she should still be there sleeping when i get back.,0
they're dripping with garlic and olive oil.,0
"that of all the eyes out there i could see none,",0
"well, it may be the devil or it may be the lord,",0
it was all over by a quarter past.,0
"she screamed till her face got so red, then she fell on the floor,",0
"nothing 'round here to me that's sacred, 'cept you, yeah, you,",0
the judge spoke out of the side of his mouth -,0
"bird, fly high by the light of the moon,",1
are you ready?,0
"but it ain't me, babe,",0
"someone got a hold of my heart,",0
"i will wear new boots and an earring of gold,",0
"all the women came and went, barefoot servants too.",0
"you're very-well read, it's well-known.",0
i kissed goodbye the howling beast on the borderline which separated you from me.,0
and they're beating the devil out of a guy who's wearing a powder-blue wig.,0
then you better start swimming or you'll sink like a stone,0
"well, i don't know why i love you like i do -",1
"where the home in the valley meets the damp, dirty prison",0
"lord, protect my child.",0
"""i was feeling kinda lonesome and blue,",0
like the red rose of summer that blooms in the day,0
"she said that for over an hour and i hung up.""",0
"keep a clean nose,",0
"knock--knock--knocking on heaven's door,",0
"you think she's yours to have and to hold,",0
"i'm crossing the street to get away from a mangy dog,",0
"i'm locked in tight, i'm outta range,",0
"saddle me up my big, white goose, tie me on her and turn her loose -",0
where men bathed in perfume and practiced the hopes of free speech.,0
"my captain, he's decorated, he's well schooled, and he's skilled,",-1
"i said, oh, babe, i'm in the mood for you.",0
"you're going to sodom and gomorrah,",0
"i need something strong to distract my mind,",0
"it's a shadowy world, skies are slippery gray,",0
you said you'd never compromise,0
you'd come back and you'd stay -,0
to be stuck inside of mobile with the memphis blues again?,0
everyone is either making love or else expecting rain.,1
"i can't find my knees.""",0
i will only let you down.,0
"silhouetted by the sea,",0
you are there in the flickering light,1
may you have a strong foundation when the winds of changes shift.,0
"darkness was everywhere, it smelled like a tomb.",-1
"and it's ride, willie, ride,",0
"and i'll stand on the ocean until i start sinking,",0
won't you meet me with another pair?,0
about a man riding 'cross the desert and it starred gregory peck.,0
"well, it may be the devil or it may be the lord,",0
"babe, i'd lay awake all night,",0
"well, i'll do anything in this god-almighty world",0
"but don't think twice, it's alright.",0
"i could be learning, you could be yearning to see behind closed doors,",0
"or was it a day? i truly don't know -,",0
at napoleon in rags and the language that he used.,0
"and says, ""here's your throat back. thanks for the loan.""",0
"i give her my heart, but she wanted my soul,",0
down along my restless palms.,0
"and i'm just like that bird,",0
"if anything is gonna sell,",0
"this is called ""talkin' john birch paranoid blues"". this is a fictitious story.",0
"""i didn't do it!"" he says and he throws up his hands,",0
i'd sure like to know,0
a-she takes just like a woman,0
"cobwebs in your mind, dust upon your eyes?",0
what's anybody indebted to him for?,0
"he said, ""are you looking for something easy to catch?""",0
"i'll be homeward bound, i'll be homeward bound.",0
her voice once and talk,0
to kill with no pain.,-1
"""no reason to get excited,"" the thief, he kindly spoke,",0
oftentimes he could be seen returning,0
of every man who put me here.,0
"i wouldn't pay it any mind,",0
what's a sweetheart like you doing in a dump like this?,0
one more night i will wait for the light,1
"you may call me bobby or you may call me zimmy,",0
i'm gonna go down to the river and get some stone.,0
far down the street we stray.,0
"mr. jinx and ms. lucy, they jumped in the lake,",0
don't even have anything for myself anymore.,0
going down in the valley and sing my song.,0
"baby, baby.",0
must everybody bow?,0
"don't let yourself stumble,",0
why and what's the reason for?,0
'bout the madness of becoming what one was never meant to be.,0
now you don't seem so proud,0
suddenly i turned around and she was standing there,0
once that the cops have chased after and caught 'em,0
"winterlude, let's go down to the chapel,",0
"but, when quinn the eskimo gets here, them pigeons'll go to him.",0
"i fought with my twin, that enemy within,",0
"lord, i'm walking down the line - my feet'll be flying - to tell about my troubled mind.",0
"that could hold you, dear lady, from going insane,",0
"he was her man, he done her wrong.",-1
"now, the winds in chicago have torn me to shreds,",0
"oh, in somebody's room,",0
way down in mexico you went out to find a doctor and you never came back.,0
and i covered her up and then thought i'll go look through her drawer.,0
blood on your saddle.,-1
so i cut off my hair and i rode straight away,0
my money comes and goes and rolls and throws and rolls and flows,0
"try to be a success,",0
you gonna have to serve somebody.,0
"if not for you,",0
"as great as you are a man, you'll never be greater than yourself.""",0
all the friends i ever had are gone.,0
"when i saw that my partner, he was just being friendly,",0
the geometry of innocent flesh on the bone,0
"no one has any respect, anyway they expect",0
way down in mexico you went out to find a doctor and you never came back.,0
"well, i see you got a new boyfriend, no, i never seen him before.",0
"it's alright,",0
"i met little sadie and i blowed her down,",0
"goodbye's too good a word, babe,",0
"or have done something wrong,",-1
he's sure got a lot of gall,0
and the wind blows high above the tree.,0
"i met little sadie and i blowed her down,",0
"maybe someday there'll be nothing to tell,",0
"where black is the color, where none is the number,",0
"i said, ""oh, come on, now,",0
just like you i'm wondering what's going on.,0
"and muttered underneath his breath, ""nothing is revealed.""",0
"come flowing down so free?""",0
"and, if you don't like me, you can leave me alone.",0
are you ready?,0
"it ain't me you're looking for, babe.",0
"may be noisemaker, spirit-maker,",0
"and your long-time curse hurts, but what's worse is this pain in here.",-1
where she was born on midsummer's eve near the tower.,0
"it'll never do, somehow.",0
"saying, ""master, tell me why a man must be born again.""",0
"there's a place--they call it heaven, a place where there is no pain of birth,",-1
"is, baby, be friends with you.",0
"put in a prison cell, but one time he could've been the champion of the world.",0
the fog is so thick that you can't even spy the land.,0
and maybe say hello with just a glance.,0
"i wouldn't mistreat you, baby, nothing in this world is like you.",0
"if there's a traveller on this road, then let him have my load",0
"it's hard times, from the country, living down in new york town.",0
"outside in the distance a wildcat did growl,",0
"i like to spend some time in mozambique,",0
"i feel i'm knocking on heaven's door,",0
"""where?"" ""downtown."" ""when?"" ""last night."" ""hmm, gee, that's too bad.""",0
"too serious to fool,",0
"love is so simple, to quote a phrase,",1
and every window made of glass.,0
"underneath that tree there's just gonna be you and me,",0
"i'm gonna spare the defeated, i'm gonna speak to the crowd,",0
forty-one years to wear the ball and the stripes -,0
"she said, ""you look a-different."" i said, ""well, i guess.""",0
jumped into a white car with out-of-state plates.,0
"there'll be a time, i hear tell,",0
"i ain't gonna work on maggie's farm no more,",0
he punched me out!,0
"my love winks, she doesn't bother,",1
she'll be flying over my home in about three hours' time.,0
she just acts like we never have met.,0
now you don't seem so proud,0
"nations are angry, cursed are some,",0
"your lips on mine are like sweet, sweet wine,",0
"[incoherent] on the avenue, oh, yeah!",0
"makes no difference where she's been,",0
"seven by seven they headed for heaven,",0
"you may be the heavyweight champion of the world,",0
"you must leave now, take what you need, you think will last,",0
"whether you are right or wrong,",-1
ring them bells so the world will know that-a god is one.,0
"god don't call it wrong,",-1
everything inside is made of stone.,0
"get back, write braille,",0
"well, i cried for you, now it's your turn to cry a while.",-1
"i've stepped in the middle of seven sad forests,",0
"dad's in a hallway looking hard for the fuze,",0
"don't the moon look good, honey, shining through the trees?",0
were finally delivered down to the penitentiary.,0
and to you always so grateful i will forever be.,0
"well, if i die on top of the hill",0
"when the night comes falling,",0
"they'll stone you when you're walking on the floor,",0
it's unbelievable the day would finally come.,0
"""what kind of house is this,"" he said, ""where i have come to roam?""",0
"it ain't me you're looking for, babe.",0
"he tried to find a way back into the life he left behind,",0
"you got something i want plenty of,",0
"you say you disturb me and you don't deserve me, but you know sometimes you lie.",0
"here comes the story of the ""hurricane"",",0
"you make love just like a woman - yes, you do!",1
"but i never did like it all that much and one day the ax just fell,",0
"i said, ""some of 'em, not all of 'em."" he said, ""you always help out around here with the chores?""",0
"hey, mr. tambourine man, play a song for me,",0
democracy don't rule the world --,0
this is from the mojave desert.,0
"they'll stone you just like they said they would,",0
"they just do what's most convenient, then they repent.",0
for deep in my heart i know there's no help i can bring.,0
i had to rearrange their faces and give them all another name.,0
while them that defend what they cannot see,0
or maybe i'm one up on you.,0
"you used to ride on the chrome horse with your diplomat,",0
"but still something's happening and you don't know what it is, do you, mr. jones?",0
'bout the shape that he's in.,0
"so i drifted down to new orleans where i lucky was to be employed,",0
"i seen better times, but who has not?",0
"i get my sweet reward,",0
"you can mislead a man, you can take a hold of his heart with your eyes,",0
"time is piling up, we struggle and we scrape,",0
behind every beautiful thing there's been some kinda pain.,1
"so interchangeable, so delightful to see.",1
"don't stand in the doorway, don't block up the hall",0
i got a head full of ideas that are driving me insane.,0
"you will start out standing, proud to steal her anything she sees,",0
when they rode with villa into torreon.,0
"when you think you're too old, too young, too smart, or too dumb,",0
"and keep him good company.""",0
"and give him back the time he's done,",0
i had to say something to strike him very weird,0
"i took a deep breath. i fell down, i could not stand.",0
"with a sword and a pistol by his side, uh-huh.",0
"well, our train leaves at a-half past ten,",0
if you were just here by my side to show me how.,0
at my window with a broken wing.,0
"rubin carter was falsely tried,",0
"einstein, disguised as robin hood, with his memories in a trunk,",0
"many try to stop me, shake me up in my mind,",0
"and our ship was high upon the sea when pirates came along,",0
"i want you,",0
"my hands can't feel to grip,",0
"ten thousand men digging for silver and gold,",0
you say you're looking for someone,0
two doors down the boys finally made it through the wall,0
"""well, there's nothing we can do about it,"" said the neighbor, ""just something we're gonna have to forget.""",0
"but i would not feel so all alone,",0
"high police walked on to stack-a-lee, he was lying fast asleep,",0
"please see she has a coat so warm,",0
he was shot down by a hungry kid trying to make a name for himself.,0
"knock--knock--knocking on heaven's door,",0
"they say every man must fall,",0
"tell me now with a glance or a sigh,",0
"the tuxedo that you're wearing, the flower in your lapel,",0
"if it's information you want, you can get it from the police.",0
"we grew up together from the cradle to the grave,",-1
jesus gonna make up my dying bed.,0
are you so fast that you cannot see that i must have solitude?,0
"made before the foundation of--of the world,",0
"that the laws are with him,",0
"you can play with fire, but you'll get the bill.",0
"trouble, trouble, trouble, nothing but trouble.",0
"i believe in you when winter turns--turns to summer,",0
"you walk into the room with your pencil in your hand,",0
"she never stumbles, she's got no place to fall,",0
and we slept near the alamo - your skin was so tender and soft.,0
"and sometimes i'm in the mood that i'm bound to lose again,",0
"i'll be on my way,",0
he'll see by his grave,-1
i would only let you down.,0
"my woman got a face like a teddy bear,",0
you say my eyes are pretty and my smile is nice?,1
i seen a lot of women but she never escaped my mind and i just grew,0
"joey, joey,",0
then i rode back to find isis just to tell her i love her.,1
"satan got you by the heel, there's a bird's nest in your hair.",0
there's nothing in here moving,0
"and i'll stand on the ocean until i start sinking,",0
"he said, ""ok, boys, i'll see you tomorrow.""",0
"to shine in through,",0
the man the authorities came to blame,0
the ones on hootenanny!,0
stone you and they'll be back again.,0
"stay, lady, stay, stay while the night is still ahead.",0
"daddy's in the alley, he's looking for food,",0
"unto the shoe-less hunter who's gone deaf,",0
"distant ships sailing in through the mist,",0
"oh, oh, oh, jokerman.",0
and louise holds a handful of rain tempting you to defy it.,0
"you been through all of f. scott fitzgerald's books,",0
"i can hear a sweet voice steadily calling,",0
the slow one now will later be fast,0
lenny bruce moved on and yet the ones that killed him are gone.,-1
"laying low,",0
"you got something better,",0
build me a boat that can carry two,0
i'm not sleepy and there is no place i'm going to.,0
"oh, get born, keep warm,",0
"life is in mirrors, death disappears",-1
all inside the grounds of the walls of red wing.,0
redeemed men who have escaped from the noose,0
"ten thousand dollars at the drop of a hat,",0
beyond here lies nothing,0
"oh, the benches were stained with tears and perspiration,",0
"ooh, baby, ooh-ee,",0
"poor boy, where you been?",0
"sara, sara, sweet virgin angel, sweet love of my life,",1
so she bargained with the sailor boy all for a piece of gold.,0
"i heard her say over my shoulder, ""we'll meet again someday on the avenue,",0
"i say, ""yes, i could, but i don't know where my pencil is at.""",0
"once i had a sweetheart, she was fine and good-looking,",0
how does it feel,0
"oh, see what you can do,",0
"bird, fly high by the light of the moon,",1
what looks large from a distance close up ain't never that big.,0
i'm in the kitchen with the tombstone blues.,0
she pretends like we never have met.,0
"they'll stone you when you're at the breakfast table,",0
"well, i'm just thumping.",0
"where i will always be renewed,",0
"you're gon' quit me, baby,",0
"you're still gonna have to serve somebody,",0
"""i've come to win some money,"" gambling willie says.",0
it was raining from the first and i was a-dying out there of thirst so i came in here.,0
everybody that was hanging out.,0
i run right home and i went to bed,0
lay dead beside him there.,0
and to think of how she left that night it still brings me a chill,0
may you stay forever young.,1
"""peace will come with tranquility and the splendor",0
'cause i don't be like they'd like me to,0
"i'm forty miles from the mill, i'm dropping it into overdrive,",0
"when things go wrong, so wrong with you,",-1
"all your reindeer armies, they're all going home,",0
each one wishing for what the other has got.,0
"but he ain't no criminal and his crime, it is none -",0
but most of all she was thinking 'bout the jack of hearts.,0
for the loser now will be later to win,0
"poor boy laying 'em straight,",0
"oh, you five- and ten-cent women with nothing in your heads,",0
"god knows when,",0
"beating for the dead that rise,",0
"i see the turning of the page, curtain rising on a new age,",0
"a question in your nerves is lit,",0
"even the butler, he's got something to prove.",0
"you'll see that seaport town of canadee-i-o.""",0
"it's too late to listen to that warning voice,",0
"without your love i'd be nowhere at all,",1
as the present now will later be past.,0
and like goliath they'll be conquered.,0
"a true love of mine,",1
seen a shooting star tonight and i thought of you.,0
i wish someone'd come and push back the clock for me.,0
and if you hear vague traces of skipping reels of rhyme,0
"four months later, the ghettoes are in flame,",0
knock--knock--knocking on heaven's door.,0
"i could make you happy, make your dreams come true,",1
knock--knock--knocking on heaven's door.,0
"if you're looking to get silly, you better go back to from where you came",0
"the city fathers, they're trying to endorse",0
"bertha mason shook it, broke it, then she hung it on a wall,",0
the way you walk and the way you talk - i feel i could almost sing.,0
"i'm walking through streets that are dead,",0
"well, my temperature rises and my feet can't walk so hot,",0
"come down the [incomprehensible], don't leave me behind,",0
"his room was dark and crowded, lights were low and dim.",1
"you will start out standing, proud to steal her anything she sees,",0
"has taken all his blankets from the floor,",0
"masters of the bluff and masters of the proposition,",0
dreams where the umbrella is folded,0
"well, i got back, took the parking ticket off the mast.",0
you only got ten.,0
"who knocked me out and robbed my boots, and i was on the street again.",0
"you hurt the ones that i love best, then cover up the truth with lies,",1
"and i'm a-sure he's a fine, young man.""",0
"know that sometimes satan, you know, he come as a man of peace.",0
"ooh, i can't stand it, i can't stand it,",0
"there's nothing 'round here to me that matters, 'cept you, yeah, you.",0
"john brown went off to war to fight on a foreign shore,",0
if you'll only let your hair hang low.,0
"babe, come crawl out your window,",0
but it won't be over till they clear his name,0
"well, i return to the queen of spades and talk with my chambermaid,",0
soul to soul our shadows roll,0
won't let go and i can't let go.,0
"ooh, you want watered-down love,",1
"in the bitter dance of loneliness fading into space,",0
'cause today i'll be staying here with you.,0
"i want you,",0
"'cept the one that you can't see with your eyes,",0
"while all the women came and went, barefoot servants too.",0
soon the horse will take us to durango.,0
"the sky too is folding under you,",0
"brownsville girl with your brownsville curls,",0
she knocked upon it anyway,0
"to the white folks who watched he was a revolutionary bum,",0
i think this time we should escape.,0
you cast your spell and i went under.,0
it doesn't matter inside the gates of eden.,0
"she was working in a topless place and i stopped in for a beer,",0
and that even the nobles get properly handled,0
"renegade priests and treacherous, young witches",0
"yeah, the locusts sang and they were singing for me.",0
'bout having to be scrounging for your next meal.,0
before she sleeps in the sand?,0
but he never did like to talk about it all that much.,0
"oh, you never turned around to see the frowns",0
"with a dream of beauty that they cannot take away,",0
you can't roll away the stone if your hands are tied.,0
"but you who philosophize disgrace and criticize all fears,",0
"well, the walls of pride are high and wide,",0
"one day you'll be in the ditch, flies buzzing around your eyes,",0
"you better chew gum,",0
"no llores, mi querida, dios nos vigila,",0
"may you grow up to be righteous, may you grow up to be true,",0
can get me a woman quick as you can get a man.,0
"lord, i'm sitting on top of the world.",0
"when the night comes falling,",0
"by rivers of blindness,",0
for the loser now will be later to win,0
"how does it feel,",0
"read books and repeat quotations,",0
said i ain't gonna work on maggie's farm no more.,0
somewhere so high above this wall.,0
"babe, i couldn't find the door,",0
"yet every distance is not near,",0
"i knew right away he was not ordinary,",0
"i made a good run, but i run too slow:",0
"the crime was murder one, guess who testified?",0
"i didn't know whether to duck or to run, so i ran.",0
but you're gonna have to serve somebody.,0
"tell me,",0
"cries out, ""my god, they've killed 'em all!""",-1
till suddenly we found that the brakes were gone.,0
"and what did you see, my darling young one?",0
"'cause the times, they are a-changing.",0
with all memory and fate,0
"to be without a home,",0
"dividing line ran through the center of town,",0
"tweedle dee and tweedle dum,",0
tumbled all down into pieces.,0
late last night you come rolling across my mind.,0
"you'll look back and wonder 'bout the bridges you have burned,",0
and that smile's so hard to resist.,1
"knock--knock--knocking on heaven's door,",0
"the haunted, frightened trees,",0
his voice was low with pain.,-1
"i married isis on the fifth day of may,",0
"i'm breathing hard, standing at the gate,",0
and i hear her name a-here and there as i go from town to town,0
with a fantastic collection of stamps,0
"a gypsy with a broken flag and a flashing ring,",0
"they'll stone you when you're trying to go home,",0
"oh, what did you meet, my blue-eyed son?",0
"one more weekend, one more weekend with you,",0
we banged the drum slowly,0
in the pigpen,0
"knock--knock--knocking on heaven's door,",0
muttering small talk at the wall,0
"teeth like pearls shining like the moon above,",0
"but you'd better take your diamond ring down and pawn it, babe.",0
"circled by the circus sands,",0
"she gone with the man in the long, black coat.",0
"turn, turn, turn again -",0
"now, he's hell-bent for destruction, he's afraid and confused",0
"i don't blame him too much, though. he didn't know me.",0
is that his name wasn't henry porter.,0
"i ain't gonna work on maggie's farm no more,",0
"i got to know, babe, if it's you i'm wanting,",0
"she said, ""your debutante knows what you need,",0
"i had a dream about you, baby,",0
it only goes to show,0
"the cabaret was quiet except for the drilling in the wall,",0
until i threw it all away.,0
"where the pellets of poison are flooding their waters,",0
"silvio, i gotta go,",0
"may god bless and keep you always, may your wishes all come true,",0
"and, after finding that i'd forgotten my shirt, i went back and knocked.",0
"the newspapers, they all went along for the ride.",0
through the holes in the pockets in my clothes.,0
"the empty rooms, where her memory is protected,",0
i got knocked down and my head was swimming -,0
"for her to arrive,",0
thank you.,0
"finally had to give her up 'bout the time she begin to want me,",0
"finally had to give her up 'bout the time she begin to want me,",0
i'm gonna take a trip on the big mcmillan.,0
"it was raining from the first and i was dying there of thirst, so i came in here",0
"hoofbeats like castanets on stone,",0
'cause sometimes you hear 'em when the night times come creeping,0
"well, it's you and you only i've been thinking about,",0
"screaming, she moans, ""i have just been made!""",0
"i was lying down in the reeds without any oxygen,",0
"eh, and you are on dry land,",0
"but you changed my life, came along in a time of strife,",0
"where i'm bound i can't tell,",0
half-wracked prejudice leaped forth.,0
half asleep 'neath the stars with a small dog licking your face.,0
"covenant woman, intimate, little girl,",0
"i said, ""where are we going?"" he said we'd be back by the fourth.",0
"every time you leave and go off some place,",0
"look up, look up, seek your maker 'fore gabriel blows his horn.",0
"in paterson, that's just the way things go:",0
the liquor tasted good and the women all were fast -,0
soon you will be dancing the fandango.,0
"not the end, not the end,",0
my pockets are loaded and i'm spending every dime.,0
little did i realize,0
"all the tired horses in the sun,",0
"dropping a barbell, he point to the sky.",0
"sea breeze blowing, there's a hell-hound loose,",0
"you know, i can't believe we've lived so long and are still so far apart,",0
not as tight as the corner that i painted myself in.,-1
it was raining from the first and i was dying of thirst so i came in here.,0
for the loser now will be later to win,0
all the friends i ever had are gone.,0
then he fines you every time you slam the door.,0
"said, ""why'd you bring him in here for! he ain't the guy!""",0
you could be known as the most beautiful woman,1
"you raise up your head and you ask, ""is this where it is?""",0
"or have done something wrong,",-1
"praise be to nero's neptune, the titanic sails at dawn,",0
wants to get it paid off.,0
like a corkscrew to my heart,0
"lord, protect my child.",0
"i can't cross the line, you know,",0
twenty years of schooling and they put you on the day shift.,0
"get dressed, get blessed,",0
"go melt back in the night,",0
"you may be an ambassador to england or france,",0
"is, baby, be friends with you.",0
"and, if whiskey don't kill me, then, i don't know what will.",-1
"i'm not the one you want, babe,",0
"he said, ""i dance now at every chance at honky-tonks for drinks and tips,",0
"you're right from your side, i'm right from mine,",0
"down boulevards of broken cars,",0
"jokerman, dance to the nightingale tune,",0
"sarah jane, sarah jane,",0
i got into the driver's seat,0
"one push of the button, then a shot the world wide,",0
"it's just a ragged clown behind,",0
"don't know how it all got started, don't know what they're doing with their lives,",0
before they're allowed to be free?,0
"(oh, my goodness!)",0
"followed some clues from my detective bag,",0
but even the president of the united states sometimes must have to stand naked.,0
"you been rolling your eyes, you been teasing me.",0
"and didn't even talk to the people at the table,",0
"but goodbye's too good a word, babe,",0
why did they have to come blow you away?,0
"that'd ease you, dear lady, from going insane,",0
"but, if you got to go, go now or else you got to stay all night.",0
"and the rocks on the sand will proudly stand,",0
and ezra pound and t.s. eliot fighting in the captain's tower,0
you say you're looking for someone,0
nobody's ever taught you how to live out on the street,0
"i said, ""oh, no, no! i've been through this movie before!""",0
"curtis said to the judge, ""what might be my fine?""",0
"i saw guns and sharp swords in the hands of young children,",0
the answer is blowing in the wind.,0
then they'll stone you and then they'll come back again.,0
"your daddy, he's an outlaw and a wanderer by trade,",0
"and i want you to be that woman, yes, i do,",0
"no more auction block for me, no more, no more,",0
"sometimes i'm in the mood, i wanna leave my lonesome home,",0
and i saw the old man's limousine head back towards the grave -,-1
"use your hands and legs, it won't ruin you.",0
"well, they sent for the ambulance and one was sent.",0
"seem like, every time you stop and turn around,",0
"ooh-ee, ride me high, tomorrow's the day my bride's gonna come!",0
"hey, mr. tambourine man, play a song for me,",0
"honey baby, don't leave me now,",0
"of this i can't say very much,",0
"groundhog running by the country stream,",0
alright!,0
"a man in the corner approached me for a match,",0
how many years can a mountain exist,0
"i'm no pig without a wig, i hope you treat me kind.",0
i'd a-done anything for that woman if she'd only made me feel obligated.,0
the lonesome sparrow sings.,0
"well, i go to pet your monkey, i get a face full of claws.",0
"""pull off, pull off them high-heeled shoes all made of spanish leather,",0
you don't have to be afraid.,0
"lord, if i can't come in here, baby, then just let me sit down in your door,",0
"the answer, my friend, is blowing in the wind,",0
"you can run down to the desert,",0
"but you're gonna have to serve somebody,",0
"come on, come on, stick together,",0
"i wish i could write you a melody so plain,",0
the ghost of 'lectricity howls in the bones of her face,0
they gave it to somebody down in el salvador.,0
"ring bell, hard to tell",0
"yes, i never did feel this way before,",0
"you can do about it, so let us just agree to agree.""",0
as you sit on the box you keep him in,0
"well, i been pacing 'round the room hoping maybe she'd come back,",0
"next to come in was a little, black tick, uh-huh,",0
"the man standing next to me, his head was exploding -",0
"like a complete unknown,",0
"so let us not talk falsely now, the hour's getting late.""",0
and you see why it's so unique to be,0
"and she aches just like a woman, but she breaks just like a little girl.",0
"was that trainload of fools bogged down in a magnetic field,",0
sound like it's on a final run.,0
"mr. jinx and ms. lucy, they jumped in the lake,",0
to remember the times when i was your only man,0
"they say that pat garrett's got your number,",0
i've made shoes for everyone -- even you -- while i still go barefoot.,0
number one contender for the middleweight crown,0
throw my ticket out the window.,0
"stripping away at it all,",0
she rolling up a lots of bread to toss away.,0
"sometimes somebody wants you to give something up and, tears or not, it's too much to ask.",0
"they'll stone you and then say, ""you are brave,""",0
"too noble to neglect,",0
she's a-drinking down her troubles over courting some other man.,0
true love can make a blade of grass,1
i'm younger than that now.,0
to those condemned to act accordingly,0
"if i didn't have to guess,",0
"forget the dead you've left, they will not follow you,",0
"when i left my home and family, i was no more than a boy",0
"who knows those most secret things of me that are hidden from the world,",0
"""there are many here among us who feel that life is but a joke,",0
"i just don't know what to do,",0
wherever you're a-gambling now nobody knows.,0
"well, you know--even before i learned her name,",0
to protect you and defend you,0
"oh, hard times, come again no more.",0
"till the tombstones of damage read no questions but, ""please,",0
"summer's almost gone, winter's coming on, yes, it is,",0
"for the times, they are a-changing.",0
"my daddy, he made whiskey, my granddaddy, he did, too,",0
"you might be rich or poor, may be a parasite too,",0
"mr. frog went a-hopping up over the brook,",0
he went down to oxford town.,0
"hey, mr. tambourine man, play a song for me,",0
"walk upside-down inside handcuffs,",0
tangled up in blue.,0
that's the day you die.,0
"oh, the locusts sang off in the distance,",0
"he got a brother named james, don't forget faces or names,",0
where the nights are always sadder than the day.,0
peggy day stole my poor heart away.,0
everybody must get stoned.,0
for i can blow my plum and break my rum,0
"next to come in was the juney bug,",0
but rather get you down in the hole that he's in.,0
"won't buy back the beat of a heart grown cold,",0
"on the road to glory where the story never ends,",0
in the dime-stores and bus-stations,0
"god said, ""no."" abe said, ""what?""",0
but lately i see her ribbons and her bows have fallen from her curls.,0
"into her dark hall where she will lead you,",-1
"now, the union central is pulling out, the orchids are in bloom,",0
"pressing on,",0
she put down in writing what was in her mind.,0
"it ain't me you're looking for, babe.",0
"buckets of moonbeams in my hand,",0
"for the times, they are a-changing.",0
"the waitress, he was handsome. he wore a powder-blue cape.",0
"spreading their wings 'neath the falling leaves,",0
"they were in the air, they were on the ground,",0
i wish i could write you a melody so plain,0
see that my grave is kept clean.,-1
"knock--knock--knocking on heaven's door,",0
you know-a sometimes satan'll come as a man of peace.,0
"may be a construction worker working on a home,",0
"look out, kid,",0
"i want you,",0
do you think we can talk about it some more?,0
i don't have any regrets - they can talk about me plenty when i'm gone.,0
"grandma said, ""boy, go and follow your heart",0
"senor, senor, you know, their hearts're as hard as leather,",0
"flung down by corpse evangelists,",1
"now everything's a little upside down - as a matter of fact, the wheels have stopped,",0
"idiot wind blowing every time you move your mouth--teeth,",0
"says, ""how does it feel to be such a freak?""",0
"got a little girl, she stays upstairs,",0
"meantime, life outside goes on all around you.",0
only yesterday i know that you've been flirting,0
"but mona lisa musta had the highway blues, you can tell by the way she smiles.",1
wouldn't know the difference between a real blonde and a fake.,0
things should start to get interesting right about now.,0
the answer is blowing in the wind.,0
and the ladies treat me kindly,0
how does it feel,0
i'm younger than that now.,0
"stripped of all virtue as you crawl through the dirt, you can give but you cannot receive.",0
he asks you with a grin if you're having a good time;,0
"but there's nothing, really nothing to turn off,",0
and try to avoid the scandals.,0
"stick around, baby, we're not through, don't look for me, i'll see you",0
and left me here facing the wall.,0
"and i'm still carrying the gift you gave,",0
ain't gonna work for maggie's brother no more.,0
"and she don't wanna remind me, she knows this car would go out of control.",0
"i'll always a-do my best for her, on that i give my word:",0
humming all the drivers with my lullaby.,0
'cause tonight i'll be staying here with you.,0
"gonna sing it loud, sing it strong,",0
to the falling gods of speed and steel.,0
"any day now, any day now, i shall be released.",0
"you kiss me, baby, in the coffee shop,",0
just to think that it all began on a noneventful morn:,0
"i struggled to my feet, i rode past destruction in the ditches",0
but tonight no moonlight will shine on me.,1
"friend to the martyr, a friend to the woman of shame,",0
all he ever wanted was somebody to trust.,0
"but you'd better take your diamond ring, you'd better pawn it, babe.",0
'cause i never had too much money and i never been quite satisfied,0
"and, though her eyes are fixed upon noah's great rainbow,",0
one day the little boy and little girl were baked in a pie.,0
"call him ""drunken"" ira hayes, he won't answer anymore,",0
"he nearly went mad in baton rouge, he nearly drowned in delacroix.",0
"shining like some diamonds, like some diamonds in the sky?",0
"how does it feel,",0
"new morning,",0
"there's a way to get there and i'll figure it out somehow,",0
you will seek me and you'll find me in the wasteland of your mind,0
"ring them bells, st. catherine, from the top of the room,",0
try imagining a place where it's always safe and warm:,0
"you're a bad man, bad man, stack-a-lee.""",0
"i'd ask him what the matter was, but i know that he don't talk.",0
for her parasite sister i had no respect.,0
"later on, when the crowd thinned out, i was getting ready to leave,",0
"you got something i want plenty of,",0
in the jingle-jangle morning i'll come following you.,0
"and it's a hard, it's a hard, it's a hard, and it's a hard,",0
"inside the museums infinity goes up on trial,",0
i've followed the river and i got to the sea.,0
but he was never known to hurt an honest man.,0
just another holy man who dared to make a stand.,0
"but you're doing it again,",0
"in her fog, with her amphetamine and her pearls.",0
"and keep your eyes wide - the chance won't come again,",0
"i believe in you even though i be outnumbered,",0
"hide from the feelings that are buried inside,",0
how'm i supposed to get any riding done?,0
"frighten you or up-tighten you,",0
"his clothes are dirty, but his--his hands are clean",0
"if you throw it all away,",0
in the early morning rain with a dollar in my hand,0
"it wasn't me that made him fall,",0
i followed the winding stream.,0
looking for my lo and behold!,0
"don't know what i could say about claudette wouldn't come back to haunt me,",0
"going back to pittsburgh, count up to thirty,",0
"mama, take this badge off of me,",0
and into the path you are hurled,0
"i need a shot of love,",1
"laid him low in a cloud of mist,",0
"couldn't even see the floor,",0
"he was on the baseball team, he was in the marching band,",0
why wait any longer for the world to begin?,0
"don't know how it looked to other people, i never slept with her even once.",0
i see my light come shining from the west out to the east.,1
"but it ain't gonna do no good,",0
"yeah, i see my light come shining from the west out to the east,",1
"i'm short on gas, my motor's starting to stall.",0
the lonesome sparrow sings.,0
"but i know god has mercy on them who're slandered and humiliated,",0
and i would leave so soon that your man won't never know.,0
hoping you'll come through too.,0
"sugar baby, get on down the road, you ain't got no brains no how,",0
"the priest wore black on the seventh day, sat stone-faced while the building burned,",0
"step lightly from the ledge, babe,",1
"to be so useless and all,",0
"if i clean up, sweet mama, can i stay all night with you?",0
in the palace of the pope.,0
"cries out, ""my god, they've killed 'em all!""",-1
"lord, i'm walking down the line, walking down the line,",0
"a change in the weather is known to be extreme,",0
find out something only dead men know.,0
"but i would not feel so all alone,",0
everybody that was hanging out.,0
i couldn't find any.,0
"strange things have happened than ever before,",0
your children are so hungry that they don't know how to smile.,1
"all except for cain and abel and the hunchback of notre dame,",0
"yeah, and the locusts sang off in the distance,",0
i put my fingers against the glass and bowed my head and cried.,0
"in the tune i'm humming, in the words that i'm thinking,",0
"she never stumbles, she got no place to fall,",0
people bending broken rules.,0
how many tomorrows have they given away?,0
"to be without a home,",0
hope i don't find out too much!,0
"well, the marshal, now, he beat that kid to a bloody pulp",-1
"jokerman, dance to the nightingale tune,",0
"and something is happening, but you don't know what it is, do you, mr. jones?",0
let me forget about today until tomorrow.,0
"nothing can hold you down, nothing that you lack.",0
"because he's not afraid of trying, say he's got no style,",0
you turn around to take a final peek,0
"sky that cries and a bird that flies, a fish that walks and a dog that talks.",0
"don't walk on your tip-toes,",0
but you're gonna have to serve somebody.,0
the only decent thing i did when i worked as a postal clerk,0
"she was standing there in back of my chair, said to me, ""what's your name?""",0
"you're invisible now, you got no secrets to conceal.",0
"oh, the years passed again and the giving was good,",0
just like so many times before.,0
"pull man down like a county hook, my man,",0
"knock--knock--knocking on heaven's door,",0
william zantzinger with a six-month sentence.,0
"in the lonely night,",0
"you may be standing there with a tear in your eye,",0
"underneath the bridge where the water flowed through,",0
at the man whose clothes and shoes were torn.,0
"well, i sailed through the storm strapped to the mast,",0
"and i need you, ah.",0
"i walked out to the valley, i turned my head up high,",0
the drunken politician leaps upon the street where mothers weep,0
all along the watchtower princes kept the view,0
"lay, lady, lay, lay across my big brass bed.",0
"oh, to see ten thousand fall.""",0
all i really wanna do,0
how many more without any reward?,0
"and big jim was standing there - you couldn't say - surprised,",0
i'm on the pavement,0
"won't let go and i can't let go,",0
"trust yourself,",0
i'm not sleepy and there is no place i'm going to.,0
"his voice, it trembles as he calls out for another plate of food.",0
"""the soles of my feet, i swear they're burning.""",0
"hysterical bride in the penny arcade,",0
"for me he was chastised, for me he was hated,",-1
"silvio, silver and gold",0
"for she ain't the same,",0
time passes slow when you're searching for love.,1
"listen to that duquesne whistle blowing,",0
"honey, just allow me one more chance, i'll do anything for you.",0
"well, i'll do anything in this god-almighty world",0
"that sailed through the air and came down through the room,",0
"at delilah, who's sitting worthlessly alone,",0
"new morning,",0
thought i was a communist.,0
"you used to ride on the chrome horse with your diplomat,",0
"you know what they say about being nice to the right people on the way up,",0
"no use to apologize, what difference would it make?",0
"billy, you're so far away from home.",0
"you used to ride on the chrome horse with your diplomat,",0
not the whiskey-drinking indian or the marine who went to war.,0
"mr. frog went a-hopping up over the brook, uh-huh,",0
"i heard her say over my shoulder, ""we'll meet again someday on the avenue,",0
"""there are many here among us who feel that life is but a joke,",0
"frighten you or up-tighten you,",0
"whose screams filled the arena loud,",0
"""there are many here among us who feel that life is but a joke,",0
"thinking 'bout rosemary and thinking about the law,",0
by the man who invented iron and disappeared so mysteriously.,0
"it ain't that i'm questioning you to take part in any kinda quiz,",0
"ah, you fake just like a woman - yes, you do!",0
"blackness was a virtue and the road was full of mud,",0
"and you start getting chills and you're jumping from sweat,",0
everyone still talks about,0
are you anybody someone prays for or cries?,0
"west of the jordan, east of the rock of gibraltar,",0
"early one morning the sun was shining, i was laying in bed,",0
"no, you can't blame us at all.""",0
"it's like the earth just opened and swallowed him up,",0
"there's a black mercedes rolling through the combat zone,",0
"made the woods around him ring and he charmed the heart of a lady,",0
see like me or be like me.,0
"swords piercing your side, blood and water flowing through the land.",-1
"so let us not talk falsely now, the hour is getting late.""",0
"you're gonna make me wonder what i'm doing,",0
"without ideals or violence,",0
"oh, i know where i can find you,",0
"turn, turn, turn again -",0
"'twas in the spring one summer's day,",0
"cop said, ""wait a minute, boys, this one's not dead!""",0
moving with a simple twist of fate.,0
"trouble,",0
"he rode right up to ms. mousey's door, uh-huh,",0
"lord, i ain't got much more to lose.",0
if the wind got you sideways with one hand holding on,0
"is it rolling, bob?",0
ring them bells from the sanctuaries cross the valleys and streams,0
"agarrame, mi vida, soon the desert will be gone,",0
"and keep your eyes wide - the chance won't come again,",0
as they rode him in custody down to the station,0
"well, my back's been to the wall so long it seem like it's stuck.",0
someone's watching over you.,0
"hard times, hard times, come again no more.",0
"he got his big, bushy tail dragging all over the ground.",0
"look, mrs. henry, there's only so much i can do,",0
"i hear the ancient footsteps like the motion of the sea,",0
hmm.,0
the crashing waves like cymbals clashed against the rocks and sands.,0
you're gonna make me lonesome when you go.,0
"he was her man, he done her wrong.",-1
then send out for some pillars and cecil b. demille.,0
"with no direction home,",0
you used to be so amused,0
"well, the road is rocky and the hillside's mud,",0
"two riders were approaching, the wind began to howl.",0
we'll drink tequila where our grandfathers stayed,0
"look away, you rolling river,",0
"you tried and tried, you made me slide, you left me reeling with this feeling.",0
"said i'm pressing on,",0
they got away!,0
"from silver and gold, from what man cannot hold, you changed my life.",0
and ye shall be a-changed.,0
you smiling through the fence at me,0
"wondering if she'd changed at all, if her hair was still red.",0
while one who sings with his tongue on fire,0
"they'll stone you when you are young and able,",0
"it was then that i got up to leave, but she said, ""don't forget,",0
"i give her my heart, but she wanted my soul.",0
he's not selling any alibis,0
a man who swears he's not to blame.,0
"already the fiesta has begun,",0
will soon shake your windows and rattle your walls,0
praise the good lord to get her out of your mind.,0
but he's badly-built and he walks on stilts - watch out he don't fall on you.,0
before you call him a man?,0
why wait any longer for the one you love,1
"hey, mr. tambourine man, play a song for me,",0
"you used to ride the chrome horse with your diplomat,",0
"but it will be back in the same old spot again,",0
with half-damp eyes i stared to the room,0
"i long to see you in the morning light,",1
"and, when the fight was over and old glory raised,",0
"well, the deputy walks on hard nails and the preacher rides a mount,",0
"four in the morning and they haul rubin in,",0
alone you stand with nobody near,0
"who eats, but is not satisfied, who hears, but does not see,",0
"i saw ten thousand talkers whose tongues were all broken,",0
and these visions of johanna that conquer my mind.,0
"thank you, lord,",0
"life is sad, life is a bust,",0
"blood drying in my yellow hair as i go from shore to shore,",-1
"shenandoah, i will not deceive you -",0
right now i'm having trouble.,0
"bird, fly high by the light of the moon,",1
like cain i now behold this chain of events that i must break.,0
"but now we've got weapons of a-chemical dust,",0
just carry yourself back to me unspoiled,0
"strong men belittled by doubt,",0
on the back of the fish truck that loads,0
"yes, you do, you know you do.",0
there was an old man and he lived in the moon,0
leave at your own chosen speed.,0
i got love for you and it's all in vain.,1
and i tell 'em all wherever i may go just so they'll know,0
the man in me will do nearly any task,0
we flung them as far as we could in the tide.,0
"stay, lady, stay, stay with your man awhile.",0
"and you fear they might catch you sleeping,",0
it's that million dollar bash.,0
"but you changed my life, came along in a time of strife,",0
stayed in mississippi a day too long.,0
then i'd lie in my bed once again.,0
"we always did feel the same, we just saw it from a different point of view,",0
"from silhouetted anger to manufactured peace,",0
"he was her man, but he done her wrong.",-1
'cause tonight i'll be staying here with you.,0
"next to come in was the juney bug, uh-huh,",0
"babe, please come crawl out your window,",0
"best never to think these thoughts and never to let them kinda thoughts gain ground,",0
tomorrow's gonna be another day.,0
"the city fathers, they're trying to endorse",0
they said a mass in the old church near the house where he was born.,0
"oh, jokerman, you know what he wants,",0
"i don't want to meet your kin,",0
"who's gonna throw that minstrel boy a coin,",0
"tombstone bay dog can't get it done,",0
"well, i'm sitting on my watch so i can be on time,",0
"leaves are rustling in the wood, things are falling off the shelf,",0
before they're allowed to be free?,0
"handy-dandy, just like sugar and candy.",0
national bank is selling road-maps to the soul,0
there was an old man and he lived in the moon,0
"""stop all this weeping and swallow your pride,",0
"light yourself a candle,",1
"if anything is gonna sell,",0
"you will not die, it's not poison!""",0
"now, the rain-man gave me two cures, then he said, ""jump right in.""",0
"come on, come on, let's stick together,",0
"let me eat when i'm hungry, let me drink when i'm dry,",0
"but you're gonna have to serve somebody,",0
"his dog up and died, he up and died, and after twenty years he still grieves.",0
"i've been out in front of a dozen dead oceans,",0
"judge said to the jury, ""plain as a thing can be,",0
"next to come in was a big, black snake, uh-huh,",0
"at night i dream of bells in the village steeple,",0
so they took him to the infirmary,0
"for something that he never done,",0
"for there's a slow - there's a slow, slow train coming.",0
"gave to him her lily-white hand and say good-bye forever,",0
how long are we gonna be riding?,0
and ye shall be changed.,0
"every nerve in my body is so vacant and numb,",0
"and you search in vain to find just one law-abiding citizen,",0
but i would never do you wrong.,-1
"he went to hollywood to see peter o'toole,",0
"""is it easy to forget?""",0
there he still sits on top of the hill.,0
the hour that the ship comes in.,0
"well, i don't mind dying,",0
"trying to prove that your conclusions should be more drastic,",0
"if i carry it out, it'll bring a good price.""",0
"and i always said, ""hang on to me, baby, and let's hope that the roof stays on.""",0
"one hand is tied to the tight-rope walker, the other is in his pants.",0
some kinda things you can never kill.,-1
where i'm bound i can't tell.,0
"it all seemed so proper, it all seemed so elite,",0
see the primitive wallflower freeze,0
"they'll stone you when you try to take a bath,",0
"what's the matter with me? i don't have much to say,",0
"well, the rifleman's stalking the sick and the lame,",0
"and, if my thought-dreams could be seen,",0
"but it's alright, ma, if i can't please him.",0
"listen to the engine, listen to the bell",0
i'm in the kitchen with the tombstone blues.,0
"she say, ""who gonna take away his license to kill?""",-1
"like some mystery,",0
"i said, ""i got no money, man."" he said, ""that ain't necessary.""",0
"i saw you in the wilderness among the men,",0
"but, if you got to go, go now or else you got to stay all night.",0
"you say, ""impossible!"" as he hands you a bone.",0
"if it's not that, then what is it you're trying to conceal?",0
do you ever wonder just what god requires?,0
"let's try to get beneath the surface waste, girl,",0
"winterlude, winterlude, oh, darling,",0
"thrown in like bandits and cast off like criminals,",0
toiling in the danger and in the morals of despair.,0
i'm still punching cattle in the pay of diamond joe.,0
and they were both out on highway 61.,0
"you know, it balances on your head just like a mattress balances on a bottle of wine,",0
you say you're looking for someone,0
"yes, and how many years can some people exist",0
"love that's pure hopes all things,",1
and the sun is a-going down upon the sacred cow.,0
a crash on the highway flew the car to a field -,0
one more time for a simple twist of fate?,0
"well, you must tell me, baby, how your head feels under something like that,",0
i've been to babylon and i got to confess,0
"lay, lady, lay, lay across my big brass bed.",0
i ain't gonna work on maggie's farm no more.,0
"no llores, mi querida, dios nos vigila,",0
"to make your time more easy-passing?""",0
"well, i wanna be your lover, baby, i don't wanna be your boss.",1
"mama, put my guns in the ground,",0
everybody must get stoned.,0
neighborhood bully.,0
"may be working in a barbershop, you may know how to cut hair,",0
"where another man's life might begin, that's exactly where mine ends.",0
'cause tonight i'll be staying here with you.,0
"summer days and the summer nights are gone,",0
and you figured you failed in yesterday's rush,0
it always does when you're with me.,0
"""gentlemen,"" he said, ""i don't need your organization,",0
"don't stand in the doorway, don't block up the hall",0
"they say every man needs protection,",0
"you came down on me like white thunder,",0
"if not for you,",0
"you're gonna need - you're gonna need my help someday,",0
"well, sweet, pretty things, they're in bed now of course,",0
"if you're black, you might as well not show up on the street 'less you wanna draw the heat.",0
"stay, lady, stay, stay while the night is still ahead.",0
"and you start walking backwards though you know that it's wrong,",-1
"saved,",0
"my hands can't feel to grip,",0
"you're gonna make me wonder what i'm saying,",0
"they're selling postcards of the hanging, they're painting the passports brown,",-1
who don't how to do you wrong.,-1
"""i've had too much of your company,""",0
"and, when we meet again, introduced as friends,",0
"i'll shoot those tyrants one and all, i'll gun the floggers down.",0
"she's 68, but she says she's 54.",0
"but all the while he was alone, the past was close behind,",0
"alberta, let your hair hang low,",0
"condemned to drift or else be kept from drifting,",0
"i'm in the wrong town, i should be in hollywood,",-1
"but he never did like it all that much and one day it just a-went to hell,",0
even though rita moved away and got a job at a motel.,0
but you know you only used to get juiced in it.,0
"i saw a highway of diamonds with nobody on it,",0
"with no direction home,",0
"honey, 'cause the world's gone wrong.",-1
all inside the grounds of the walls of red wing.,0
she knows that she's not afraid to look at her.,0
"big jim was no one's fool, he owned the town's only diamond mine,",0
"here's a simple love story, happened to me.",1
"he had the reputation as the gamblingest man around,",0
"once upon a time you dressed so fine,",0
i got nothing but affection for all those who've sailed with me.,0
darkness at the break of noon,-1
"trouble,",0
"they say everything can be replaced,",0
you'll not see nothing like the mighty quinn!,0
"got the message this morning, the one that was sent to me",0
"and their old, rusty rapiers that hung by their sides,",0
"well, they were sailing about two weeks -",0
there was a little boy and there was a little girl,0
"there's not even room enough to be anywhere,",0
"none of them along the line know what any of it is worth.""",0
"honey, i want you.",0
"yes, i guess i loved him too, i can still see him in my mind climbing that hill.",1
no one tried to say a thing when they carried him out in jest -,0
i's looking around just to see who was born.,0
"and the all-night girls, they whisper of escapades out on the d train,",0
"we're idiots, babe, it's a wonder we can even feed ourselves.",0
how does it feel?,0
"but it ain't me, babe,",0
"i've seen pretty people disappear like smoke,",0
"i glanced at my guitar and played it, pretending",0
"four months later, the ghettoes are in flame,",0
"won't buy back the beat of a heart grown cold,",0
"that i just don't fit? yes, i believe it's a-time for us to quit.",0
"who among them, do you think, could resist you,",0
who killed davey moore?,-1
and to see an eye for an eye and a tooth for a tooth.,0
all the money you made will never buy back your soul.,0
i used to be among the crowd you're in with.,0
"when you're through running over things like you're walking 'cross the tracks,",0
how long are we gonna be riding?,0
"and they--they look at me and frown,",0
nobody stops to ask why.,0
private reasons - great or small -,0
he's not selling any alibis,0
"to hang and to lynch,",0
"going to acapulco, going on the run,",0
"next to come in was a big, black snake, uh-huh,",0
and ain't in the ones that ain't got any talent but think they do,0
"the deputy walks on a-hard nails and the preacher rides a mount,",0
"hmm, tell me.",0
staring out the window to the stars high above -,0
until the break of day let me see you make him smile.,1
"won't fall upon them naturally, life sometimes must get lonely.",0
i know a place where there's still something going on.,0
in the pigpen,0
"come, baby, find me, come, baby, remind me of where i once begun,",0
"precious memories, how they linger,",0
"oh, lose your inhibition [incomprehensible] -",0
"a-me and my cousin, one arthur mcbride,",0
you're not free to belong to me,0
while i'm in the hall.,0
when you go your way and i go mine.,0
you're on the bottom.,0
"ah, but you were right, it was perfect as i got in behind the wheel.",0
"when your foot of pride come down, ain't no going back.",0
"so swiftly the sun sets in the sky,",0
"night or day, it doesn't matter where i go anymore, i just go.",0
and she never done nothing to william zantzinger.,0
"""how are you?"" he said to me, i said it back to him.",0
"that's the day you die, lord, lord,",0
"i saw a newborn baby with wild wolves all around it,",0
"but me, i'm still on the road, heading for another joint,",0
"looks up at his hero, the commander-in-chief,",0
"ain't complaining 'bout what i got,",0
"""one of us had better call up the cops.""",0
so now i'm home investigating myself!,0
"and pretend that we never have touched,",0
yet i swear i see my reflection,0
that he'll live by the rules that the world makes for him.,0
take a woman like you to get through to the man in me.,0
"and i feel like i'm knocking on heaven's door,",0
the geometry of innocent flesh on the bone,0
"well, mack the finger said to louis the king,",0
on the jugglers and the clowns when they all came down to do tricks for you.,0
"if i just turn away when i see how you're dressed,",0
"you can always come back, but you can't come back all the way.",0
"someone to close his eyes for you,",0
but everybody still talks about how badly they were shocked.,0
he just took the folks in high places and he shined a light in their beds.,1
"i followed you beneath the stars, hounded by your memory",0
"please, mrs. henry, mrs. henry, please!",0
strange how people who suffer together have stronger connections,0
"one more night the stars are in sight,",0
it's a shame the way she makes me scrub the floor.,0
"baby, let me follow you down,",0
i can't hear the echo of my footsteps,0
"i'm going, i'm going, i'm gone.",0
"unthought of, though, somehow.",0
"but, yes, i think it can be very easily done.",0
our father would not like the way that you act,0
"and every one of them words rang true and glowed like burning coal,",0
i'm down on my knees and i ain't got a dime.,0
"wintertime is coming, the windows are filled with frost,",0
"strangers all give me the news,",0
"i want you so bad,",0
"i got no reason to be there, but i imagine it would be some kinda change.",0
and one deserving of affection?,0
how can i live for you?,0
that you just did what you're supposed to do.,0
"neighborhood bully, been driven out of every land,",0
"well, howling wolf will howl tonight, a king snake will crawl,",0
tangled up in blue.,0
"she said, ""son, this ain't a dream no more, it's the real thing.""",0
"come on, give it to me, i'll keep it with mine.",0
"wiggle till you're high, wiggle till you're higher,",0
"somebody got lucky, but it was an accident.",0
"if your time to you is worth saving,",0
"god said, ""on highway 61.""",0
because everybody must get stoned.,0
"cities on fire, phones outta order,",0
"and later on, when the crowd thinned out, i was just about to do the same,",0
"my toes, too numb to step, wait only for my boot-heels to be wandering.",0
"stone you when you're set down in your grave,",-1
"put in a prison cell, but one time he could've been the champion of the world.",0
"it's a shadowy world, skies are slippery gray,",0
at midnight all the agents and the superhuman crew,0
"put your hand on my head, baby, do i have a temperature?",0
"says he's got a bad cough,",0
"forever young, forever young,",1
food was flying everywhere - i left without my hat.,0
she lit a burner on the stove and offered me a pipe.,0
"these memories i got, they can strangle a man.",0
"fools rush in where angels fear to tread,",1
"and also by his feet,",0
"come to the door, he couldn't get in",0
crying out that he been framed.,-1
"ah, but i was so much older then,",0
"pistol-shots ring out in the barroom night,",0
"and it's a hard, it's a hard, it's a hard, and it's a hard,",0
he's the neighborhood bully.,0
"and make all kinds of money and chicks,",0
"and not going through any great extreme,",0
got to do unto others like you'd have them--said like you'd have them do unto you.,0
wouldn't've been so bad if the poor girl died at home.,0
"it's getting dark, too dark to see,",-1
"how does it feel,",0
"well, i'm standing in line in the rain to see a movie starring gregory peck,",0
"oh, the gates are cast iron and the walls are barbed wire,",0
you can make it too.,0
if you don't a-wanna be a brokenhearted lover.,1
"well, i've sung you my song - it ain't very long -",0
you got the ways of a devil sleeping in a lion's den -,0
i'm crashing my car trunk-first into the board.,0
"it's been nice seeing you, you read me like a book.",0
"but me, i'm still on the road, a-heading for another joint,",0
but what do you care? ain't nobody there would want to marry your sister!,0
see like me or be like me.,0
"in the shadows of the mesa she will lead you,",0
if i ride back again.,0
"we'll just lay there by the juniper while the moon is bright,",0
hmm.,0
"""well, are you weeping for your house and home",0
for that's the way i remember her best.,0
"that somebody someplace oughtta be hearing,",0
take off your heavy make-up and your shawl.,0
i'm looking for a woman with a head mixed up like mine.,0
when i've forgotten all the rest.,0
"and, even if the flesh falls off of my face, i know someone will be there to care.",0
"""it's my work,"" he'd say, ""and i do it for the pay.",0
"that's the day you die, lord, lord,",0
"i looked at a ho and i saw a mule,",0
but i ain't gonna hear it said no more.,0
"badge out, laid off,",0
"turn, turn to the rain and the wind.",0
to be alone with you.,0
"we'll just lay there by the juniper while the moon is bright,",0
did you ever have a dream that you couldn't explain?,0
"king of the streets, child of clay,",0
and watched out for a simple twist of fate.,0
hmm.,0
"she fell in love with a sailor boy, it's true she loved him well",1
"and my best friend, my doctor, won't even say what it is i've got.",0
she takes just like a woman - yes!,0
to lie in the gutter and die with no name?,0
"and i know what you're thinking of,",0
"alfred bello had a partner and he had a rap for the cops,",0
everything inside is made of stone.,0
who carried on his shoulder a siamese cat -,0
"oh, oh, we gonna fly down to the easy chair!",0
"a gypsy with a broken flag and a flashing ring,",0
"we'll go out and see it sometime, we'll both just sit there and stare,",0
"to a solid rock,",0
"i feel i'm knocking on heaven's door,",0
"but, if he was sick, he shoulda said.",0
"you just kinda wasted my precious time,",0
"now, mark what followed and what did betide for it being on christmas morning.",0
"he was only a hobo, but one more is gone,",0
"and the sooner you come up with them,",0
the man the authorities came to blame,0
"i tried to be loving and treat you kind,",0
somebody is out there beating on a dead horse.,0
"advertising signs, they con,",0
then time will tell who has fell and who's been left behind,0
"yeah, the locusts sang and they were singing for me,",0
"where a woman, she slaved for sure,",0
"got a magnifying glass like sherlock holmes,",0
or else your hearts must have the courage for the changing of the guards.,0
"we drove that car as far as we could, abandoned it out west,",0
but you're gonna serve somebody.,0
"oh, jokerman, you know what he wants,",0
in the night the price was paid.,0
"you see, you're just like me. i hope you're satisfied.""",0
"i do not pace the floor bowed down and bent, but yet,",0
all i really wanna do,0
"she sticks my boots in the washing machine,",0
with no attempts to shovel the glimpse,0
"may be an actor in a plot,",0
"the answer, my friend, is blowing in the wind,",0
"well, i'm crying to the lord, trying to be meek and mild.",-1
"""oh, for life, jim jones, i'm sending you across the stormy sea,",0
"gonna have to serve somebody,",0
"oh, no, i don't need any reminder",0
"but he never did like it all that much and one day the ax just fell,",0
if not for you.,0
"now, i come in on a ferris wheel and, boys, i sure was slick,",0
advertising signs that con,0
"well, the moon going up like wildfire, i feel the breath of the storm,",0
in the empty lot where the ladies play blindman's bluff with the key-chain,0
"cat's in the well and the horse is going bumpety-bump,",0
like a rolling stone?,0
i'd like to know.,0
"out to the windy beach,",0
"she'll never see that seaport town called canadee-i-o.""",0
"if he wanted to dance, he had a face like a mask.",0
as if a wedding vow.,0
i jumped a fallout shelter! i jumped a string bean! i jumped a tv dinner! i jumped a shotgun!,0
billy lyons and stack-a-lee had one terrible fight.,0
"turn, turn, turn again -",0
"watch waterfalls of pity roar,",0
with my suitcase in my hand.,0
let me die on this land 'fore i die underground.,0
"like a fool, you're not gonna hear me say,",0
ha-va-,0
"to be without a home,",0
and if you hear vague traces of skipping reels of rhyme,0
i still can remember the way that you smiled,1
"the triangle tingles, the music plays slow,",0
"wise man looking in a blade of grass,",0
think you'd like to play ball with the law?,0
"yes, to dance beneath the diamond sky with one hand waving free,",0
"so, all you newsy people, spread the news around,",0
johnny's in the basement,0
"early one morning the sun was shining, i was a-laying in bed,",0
who carried on his shoulder a siamese cat.,0
"i had a woman down in alabama,",0
"bird, fly high by the light of the moon,",1
hoping to find one circumstance of dignity.,0
"well, georgia sam, he had a bloody nose,",-1
police at your back.,0
i can walk anytime around the block.,0
"with its pale ghost retreating between the king and the queen of swords.""",0
"no, i wasn't very cute to him, was i?",0
"it's a restless, hungry feeling that don't mean no one no good",0
suck that pig and bring it on home.,0
at dawn my lover comes to me,1
hollow man looking in a cotton-field for dignity.,0
"i had a pony, her name was lucifer,",0
let me feel your love one more time before i abandon it.,1
"saying, ""christ, do i gotta be like that?",0
"i'm strumming on my gay guitar,",0
"she was working in the blinding light and i stopped in for a drink,",1
"shall i stay, would it be a sin",0
you just want to be on the side that's winning.,0
"she never stumbles, she got no place to fall,",0
and i feel like i just a-want to travel on.,0
"it's alright,",0
i wandered again to my home in the mountain,0
i can't shoot them anymore.,0
"wiggle, wiggle, wiggle like a rolling hoop,",0
but i had to sit in back of the tub.,0
"what happened to the real you? you've been captured, but by whom?",0
"then she opened up a book of poems and handed it to me,",0
make me proud to know you wear the gun.,0
"will there be any comfort there, senor?",0
"take me on a trip upon your magic, swirling ship,",0
"the wounded man looks up through his one, dying eye,",0
but they got a lot of forks and knives -,0
"look out your window and i'll be gone,",0
and if you hear vague traces of skipping reels of rhyme,0
"i need someone to talk to and a new hiding place,",0
"and sometimes i'm in the mood, i wanna walk the road again,",0
has anybody seen my love?,1
"lenny bruce is dead, but his ghost lives on and on,",0
"i know you've suffered much, but in this you are not so unique.",0
"and about how she was thinking of bumming a ride back to from where she started,",0
oh!,0
"don't stand in the doorway, don't block up the hall",0
it don't matter anyhow.,0
if you just let me come home with you.,0
"i went to the church house, every day i go an extra mile.",0
ease you and cool you and cease the pain,-1
"spiritual advisors and gurus to guide your every move,",0
"didn't come close to a mountain,",0
"knock--knock--knocking on heaven's door,",0
"it's people's games that you got to dodge,",0
"ooh, baby, ooh-ee,",0
"may god bless and keep you always, may your wishes all come true,",0
"poisoned in the bushes and blown out on the trail,",0
"you could make me cry, never say goodbye,",-1
she murdered mortal he.,0
but i know that you know that i know that you show something,0
"and it seems like i've gotta travel on,",0
"i want you,",0
"threw the bums a dime in your prime, didn't you?",0
"come, mothers and fathers throughout the land,",0
"i met one man who was wounded in love,",1
you used to be so amused,0
"in the wee hours of youth, my mother took sick",0
"my toes, too numb to step, wait only for my boot-heels to be wandering.",0
and your deck of cards missing the jack and the ace,0
you can fall down on your knees,0
"i lived with them on montague street, in a basement down the stairs,",0
the townspeople wanted to crush that kid down and string him up by the neck.,0
"i got a long-haired woman, she got royal indian blood.",-1
"country'll grow.""",0
"that long, black cloud is coming down,",0
who always was too proud to beg.,0
"swamp's gonna rise, no boat's gonna row.",0
"and in the darkness of the room there was only jim and him,",-1
"but my heart is telling me i love you, but you're strange.",1
"well, the high tide's rising, mama, don't you let me down,",0
"""it's all been designed,"" he said, ""to make you lose your mind",0
how does it feel?,0
"wasn't falling for any intricate scheme,",0
"who's gonna throw that minstrel boy a coin,",0
"you better chew gum,",0
like i see through the water that runs down my drain.,0
"and the ladies treat me kindly and they furnish me with tape,",0
nobody has to guess that baby can't be blessed,0
but you're gonna have to serve somebody.,0
"when they tried to strangle larry, joey almost a-hit the roof,",0
"don't get up, gentlemen, i'm only passing through.",0
"don't turn away, you'll create sorrow.",0
"how much do i know, to talk out of turn?",0
"mama, you know, awaits the news",0
"out to the windy beach,",0
we sit here stranded though we all do our best to deny it,0
like a rolling stone?,0
"well, the devil's shining light, it can be most blinding,",1
she's wearing a multi-thousand dollar gown.,0
"any day now, any day now, i shall be released.",0
"ten thousand men looking so lean and frail,",0
girl by the whirlpool's,0
he's singing his song for me at his own expense -,0
"shadows are falling and i've been here all day,",0
"leave your stepping-stones behind, something calls for you,",0
"it's like my whole life never happened, when i see you it's as if i've never had a thought,",0
fearing not i'd become my enemy,0
"but, baby, please stop crying, stop crying, stop crying,",-1
and he wore a metal brace around his waist.,0
"cobwebs in your mind, dust upon your eyes?",0
"round that horn and ride that herd, gonna thread up.",0
"yes, indeed, you're gonna have to serve somebody:",0
she puts it to me plain as day,0
"and when the whistle blows, i got to go - baby, don't you know?",0
"how does it feel,",0
"my attempts to please you, they were all in vain.",0
"but it ain't me, babe,",0
then i see the bloody face of ramon.,-1
"my last deal gone down, she's smelling sweet like the meadows",0
both of their futures so full of dread -- you don't show one.,0
as the last fire-truck from hell,0
"she said, ""now, don't you tell henry,",0
"and you'll give it to me now, i'll take it anyhow",0
why am i walking? where am i running?,0
it's all new to me,0
"well, i risked my neck for you. didn't i take chances?",0
"the poor little chauffeur, though, she was back in bed",0
"i gave him my blanket and he gave me his word,",0
why wait any longer for the world to begin?,0
every new messenger bringing evil report,0
"the haunted, frightened trees,",0
"dark beauty, won't you move over and give me some room?",-1
but the pennsylvania line's in an awful mess and the denver road is about to melt.,0
anyone with any sense had already left town;,0
"when all the people passed, she saw her son at last.",0
"wondering if she'd changed at all, if her hair was still red.",0
you'd be honest with me if only you knew.,0
"takes too much skill, takes too much will, it's too revealing.",-1
"they pass by so silently,",0
"he said, ""come over here, girl, step into the light.""",1
"""no, there's nothing you can send me, my own true love,",1
the gray-flannel dwarf to scream,0
"well, my pa he died and left me, my brother got killed in the war,",-1
"sleeping in the saddle, sleeping in a king-size bed,",0
you'll not see nothing like the mighty quinn!,0
one more cup of coffee 'fore i go to the valley below.,0
wives would keep their husbands home when willie came to town.,0
"neither one gonna turn and run,",0
"there's an iron cross still hanging down from around her neck,",0
everybody went down to that million dollar bash.,0
"she ate so much she made us sick, uh-huh.",0
not the whiskey-drinking indian or the marine who went to war.,0
"my love, she laughs like the flowers,",1
"till one day all of his slaves ran free, something inside of him died.",0
crying out that he been framed.,-1
"but, if he was sick, he shoulda said.",0
i can see the day coming when even your home garden,0
"and it's been the ruin of many a poor girl - and me - oh, god! - i'm a one.",0
may you have a strong foundation when the winds of changes shift.,0
"it don't bother me, times are hard everywhere, we'll just have to see how it goes.",0
"make promises by the hour,",0
"yes, and how many times must the cannon balls fly",0
will you let me be myself or is your love in vain?,1
"and with all the ship's company they were willing to engage,",0
"i'm going, i'm going, i'm gone.",0
bringing everything that's near to me nearer to the fire.,0
"you may be somebody's landlord, you may even own banks,",0
but i forgot more than you'll ever know about her.,0
he could've been an accountant or a tennis star.,0
take the rag away from your face! now ain't the time for your tears.,0
throw my letters in the sand 'cause you got to understand,0
"now there's nothing that reminds me of that old, familiar chime, except you, yeah, you.",0
you can make it too.,0
"i don't care about economy, i don't care about astronomy,",0
sweet lady.,0
"oh, the tree of life is growing where the spirit never dies",0
"i ain't saying you treated me unkind,",0
trouble...,0
"jokerman, dance to the nightingale tune,",0
"it's hard times, in the country, living down in new york town.",0
you will seek me and you'll find me in the wasteland of your mind,0
the number one contender for the middleweight crown,0
they'll kick you when you're up and knock you when you're down.,0
"""my complexion,"" she said, ""is much too white.""",0
"three angels up above the street,",1
"and my wig-hat was falling in my face,",0
the order is rapidly fading,0
"bird, fly high by the light of the moon,",1
behind a man's brain.,0
"ring them bells for the blind and the deaf,",0
"if you're traveling in the north country fair,",0
when a can of black paint did fell on my head.,-1
"curtis in the jailhouse drinking from an old tin cup,",0
"""turn him loose, let him go, let him say he outdrew me fair and square.",0
seen a shooting star tonight and i thought of me.,0
"this is called ""a sacrilegious lullaby in--in d minor"". (strums some strings.) that's the d minor. no, in all seriousness-- (audience member interjects: ""why'd you pick it?"") well, i don't know why. this is, this a love song. it's called the ""gates of eden"".",1
"everybody knows baby's got new clothes,",0
"on a night like this i can't get any sleep,",0
"""let's blow this place to kingdom come, let con edison take the blame.""",0
"well, everybody's building their boats,",0
"but i never did like it all that much and one day the ax just fell,",0
"every step of the way we walk the line,",0
"little rooster crowing, there must be something on his mind,",0
"as the present now will later be past,",0
"can i cast it aside, all this loyalty and this pride?",0
ain't it just like the night to play tricks when you're trying to be so quiet?,0
it's nothing - it's something i learned over in england.,0
and now you're gonna have to get used to it.,0
and the national bank at a profit sells road-maps for the soul,0
it must have been don pasquale making a 2 am booty call.,0
"lady luck, who shines on me, will tell you where i'm at,",0
"he's the property of jesus,",0
"take me down to california, baby!",0
"when you ain't got nothing, you got nothing to lose.",0
everybody must get stoned.,0
"well, it's one foot on the platform and the other foot on the train.",0
"oh, if there's an original thought out there, i could use it right now,",0
but i can't get close to her at all.,0
"till one morning's wake the bed, it was bare",0
"i saw them leaving,"" he says and he stops,",0
"she inherited a million bucks and, when she died, it came to me -",0
"be careful of the clean clothes,",0
i ask you how things could get much worse -,0
"across the street they've nailed the curtains, they're getting ready for the feast,",0
for they're deep and they're wide and the world's on its side,0
you had no faith to lose and you know it.,0
"resting in the fields, far from the turbulent space,",0
"you suddenly find you got nothing to fear,",0
"watching the river flow,",0
"the bridge at midnight trembles,",0
"well, the cuckoo is a pretty bird, she warbles as she flies,",0
"i'll be back in a minute, you can get it together by then.",0
i could never figure out why you chose that particular place to meet -,0
to show that all's equal and that the courts are on the level,0
ring them from the fortress for the lilies that bloom.,0
"stay, lady, stay, stay with your man awhile,",0
and so patty calls the cops,0
we carried you in our arms on independence day,0
"well, it's sundown on the union and what's made in the usa.",0
we chopped through the night and we chopped through the dawn.,0
"i see the turning of the page, curtain rising on a new age,",0
they'll stone you when you're playing your guitar.,0
everything stays down where it's wounded,0
"and, if things don't change soon, he will.",0
"farewell, angelina, the sky's flooding over and i must go where it is dry.",1
"little boy lost, he takes himself so seriously,",0
"but it's alright, ma, i can make it.",0
"early one morning the sun was shining, i was laying in bed,",0
"i feel displaced, i got a low-down feeling:",0
and i will always be emotionally yours.,0
"may you grow up to be righteous, may you grow up a-to be true,",0
"at the mongrel dogs who teach,",0
"hey, mr. tambourine man, play a song for me,",0
"cop said, ""wait a minute, boys, this one's not dead!""",0
"sleeping in the [incomprehensible] on the back of the dust,",0
"her folks, they said our lives together sure was gonna be rough,",0
"you got something better,",0
her voice once and talk,0
tangled up in blue.,0
"bird, fly high by the light of the moon,",1
"i had a job in the great north woods working as a cook for a spell,",0
nobody's ever taught you how to live out on the street,0
my mind is breaking.,0
if it just don't make me hurts.,0
"ah, but i was so much older then,",0
"madams light the candles,",1
remember you said you saw the getaway car?,0
"she say, ""you can't repeat the past."" i say, ""you can't?",0
"in another i witnessed a crime,",0
"he's got a new one out now, i don't even know what it's about,",0
jesus gonna make up-jesus gonna make up-,0
"from a clear, blue sky and turn it off again,",0
"bird, fly high by the light of the moon,",1
"i came to a high place of darkness and light,",1
going down from god's distant shore.,0
"they say everything can be replaced,",0
"she wrote me a letter and she wrote it so kind,",0
"cat's in the well and the servant is at the door,",0
"go lightly from the ledge, babe,",1
"neighborhood bully, standing on a hill,",0
"you're still gonna have to serve somebody,",0
on this new morning with you.,0
"well, if you are, there's a fellow calling you down the road and they say his name is priest.""",0
"might be living in a mansion, you might live in a dome,",0
"she say, ""who take away his license to kill?""",-1
beyond here lies nothing,0
"knock--knock--knocking on heaven's door,",0
it nearly swept me off of my feet -,0
"baby, i'm under your spell.",0
"""there's too much confusion, i can't get no relief.",0
"i'm singing you the song, but i can't sing enough",0
"will he know you when he sees you or will he say, ""depart from me""?",0
like the red rose of summer that blooms in the day,0
said i ain't gonna work for maggie's pa no more.,0
"yea heavy, and a bottle of bread!",0
"get out of here before i break your bone! i ain't your pop!""",0
"serve somebody,",0
and there's no time to think.,0
"oh, oh, oh, jokerman.",0
we'll drink tequila where our grandfathers stayed,0
"i used to care, but things have changed.",0
"with a long-distance look her eyes was on fire,",0
william zantzinger with a six-month sentence.,0
"without your love i'd be nowhere at all,",1
"you need something to open your eyes,",0
"hey, mr. tambourine man, play a song for me,",0
"i'm locked in tight, i'm outta range,",0
"king of the streets, child of clay,",0
"but you who philosophize disgrace and criticize all fears,",0
"and someone says, ""you're in the wrong place, my friend, you'd better leave.""",-1
to protect you and defend you,0
"don't steal, don't lift,",0
"if you want somebody you can trust, trust yourself.",0
"you've known it all the time, i'm learning it these days -",0
but you know you only used to get juiced in it.,0
"yes, it sure has been a long, hard climb.",0
"where ma rainey and beethoven unwrapped their bedroll,",0
"well, phaedra with her looking glass,",0
i been wondering all about me,0
"with no direction home,",0
sold my guitar to the baker's son,0
"sad-eyed lady of the lowlands,",0
"the guilty undertaker sighs, the lonesome organ-grinder cries,",0
"you're the sweetest, gone mama that this boy's ever gonna get -",0
i'll remember you.,0
"he drank coca-cola, he was eating wonder bread,",0
"they say i shot a man named gray and took his wife to italy,",0
"graveyards, false goals, i scuff",-1
"they said, ""listen, boy, you're just a pup"",",0
"but you're gonna have to serve somebody,",0
"listen to the engine, listen to the bell",0
johnny's in the basement,0
"did they know he was the son of god, did they know that he was lord?",0
"well, well, well, so i can die easy,",0
"works up to her britches, up to her neck,",0
"god knows when,",0
how does it feel?,0
"there's a whole lotta hearts breaking tonight from the disease of conceit,",0
"to be on your own,",0
"watered-down love,",1
"the wildest cat from montana passes by in a flash,",0
"i didn't realize just what i did hear,",0
"with the mystery tramp, but now you realize",0
"ooh, pressing on to the higher calling of my lord.",0
"they say everything can be replaced,",0
visions of your chestnut mare shoot through my head and are making me see stars.,0
is just looking for a needle that's lost in the sand.,0
"next to come in was the old, gray cat,",0
"you may be a businessman or some high-degree thief,",0
man is opposed to fair play:,0
"i want you,",0
means another poor boy is dead and gone.,0
"i'm just like him, the same as you.",0
how does it feel,0
"the bridge at midnight trembles,",0
the sentence is passed and it cannot be repealed -,0
it sure feels right on a night like this.,0
and crime don't have a face.,0
"we live in a political world,",0
outside the crowd was stirring - you could hear it from the door;,0
both of their futures so full of dread -- you don't show one.,0
"they say ""sing!"" while you slave and i just get bored.",0
"but don't think twice, it's alright.",0
"i know you're long gone, i guess it must be up to me.",0
"""lay at your bed, sally sue brown,",0
"i put down my robe, i picked up my diploma,",0
i'm sailing away in the morning.,0
"leaving nobody to carry him home,",0
to keep her from the howling winds.,0
"they said that he was sick 'cause he didn't play by the rules,",0
we're both one too many mornings and a thousand miles behind.,0
"a whore will pass the hat, collect a hundred grand, and say thanks.",0
"now, mark what followed and what did betide for it being on christmas morning.",0
"knock--knock--knocking on heaven's door,",0
"it's late, i'm trying to walk the line.",0
"yes, and i just got to thank you once again",0
"that, while life's pleasures be few,",0
"listen to that duquesne whistle blowing,",0
"lay, lady, lay, lay across my big brass bed,",0
"the cold-blooded moon, the captain waits above the celebration,",-1
"and you want somebody you don't have to speak to,",0
"by losers, cheaters,",0
"i went out last night to take a little round,",0
"oh, this feeling's still here in my heart.",0
"she was there in the meadow where the creek used to rise,",0
"nine hundred miners had laid their money down,",0
maggie says that many say,0
they all fall there so perfectly - it all seems so well-timed.,0
i think this time we should escape.,0
"and pretend that you never have met.""",0
"yesterday's gone, but the past live on,",0
"and an aching in my heart and my pockets full of sand,",0
"may be a city councilman taking bribes on the side,",0
the hour that the ship comes in.,0
"the ocean wild like an organ played, the seaweeds wove its strands,",0
to understand you know too soon there is no sense in trying.,0
"and come every time you call,",0
"it could even be like a myth,",0
"just as long as you stay with me,",0
"i got my hammer ringing, pretty baby, but the nails ain't going down.",0
through the darkness on the pathways of life.,-1
"you gotta look some other place,",0
flashing for the refugees on the unarmed road of flight,1
"i can hear your trembling heart beat like a river,",0
but they wouldn't let me on the tennis court.,0
when you're lost in the rain in juarez and it's easter-time too,0
"i can still hear that voice crying in the wilderness,",-1
"oh, yes, they did.",0
"they'll stone you when you are walking home,",0
"i would not feel so all alone,",0
"but i would not feel so all alone,",0
i can hear that whistle blowing.,0
the vagabond who's rapping at your door,0
now you can seal up the book and not write anymore.,0
"they say that you've been seen with some other man,",0
"god said, ""you can do what you want, abe, but",0
"turn you into a piece of meat, the disease of conceit.",0
"well, you've done it all and there's no more anyone can pretend to do,",0
"and uncle remus can't tell you and neither can santa claus,",0
"""pray for peace!"" he said, you could feel it in the crowd.",0
"yes, i'd tell you what it means if i just didn't have to try so hard.",0
"try to be a success,",0
because my dreams are made of iron and steel,0
"oh, lord, oh, lord,",0
"and i--i don't mind the pain,",-1
"and laughter down on elizabeth street,",0
"may you always be courageous, stand upright and be strong,",0
"with rich, wealthy parents who provide and protect him",0
"oh, what did you see, my blue-eyed son?",0
and into every masterpiece of literature for dignity.,0
"my toes, too numb to step, wait only for my boot-heels to be wandering.",0
"with their humorless smile so easy to see through,",1
"it's the ways of the flesh to war against the spirit,",0
"i see the turning of the page, curtain rising on a new age,",0
"well, i don't look much like a lover,",1
"the peddler now speaks to the countess who's pretending to care for him,",0
"i want you,",0
in the jingle-jangle morning i'll come following you.,0
"i muttered something underneath my breath, she studied the lines of my face,",0
"but all the while i was alone, the past was close behind,",0
to be stuck inside of mobile with the memphis blues again?,0
nobody feels any pain tonight as i stand inside the rain.,-1
being sacrificed to it while lullabies are being sung.,0
have died - have died in battle or in vain,0
"when the cities are on fire with the burning flesh of men,",0
"lay, lady, lay, lay across my big brass bed.",0
six big horses and a rubber-tired hack,0
"combing his hair back, his future looks thin,",0
"a lover for your life and nothing more,",1
so i look like a walking mountain range,0
to remember the times when i was your only man,0
the vagabond who's rapping at your door,0
in the precious winds they rot,0
"we set beside bridges and walk beside fountains,",0
go lightly on the ground.,1
"great, big, furry back and furry hair - ""ah, think i'll call it a bear.""",0
"hey, mr. tambourine man, play a song for me,",0
"took ms. mousey on his knee, uh-huh,",0
"come to me now, you know, we're so alone and life is brief.",0
the empty-handed painter from your streets,-1
"i don't build up illusion till it makes me sick,",0
"i met another man who was wounded in hatred,",0
"lord, i'm sitting on top of the world.",0
three bodies lying there does patty see,0
"well, it's king for king and it's queen for queen,",0
until the break of day let me see you make him smile.,1
"i know the reason that you talk behind my back,",0
there's just one kind of favor i'll ask of you:,0
before they're allowed to be free?,0
my woman said she'd meet me there and of course i knew she would.,0
"these be seven curses on a judge so cruel,",0
welfare department wouldn't give him no clothes.,0
find out something only dead men know.,0
"shut the eyes of the dead not to embarrass anyone,",0
"come gather 'round, people, wherever you roam,",0
"'stead of learning to live, they are learning to die.",0
i need a shot of love.,1
"i wouldn't pay it any mind,",0
"well, i got the fever down in my pockets.",0
blowing like my woman's on board.,0
"with a time-rusted compass blade,",0
"and may you stay forever young,",1
like a rolling stone?,0
"when i saw that my partner was just being friendly,",0
"some pretty, little girl in cornersville",0
"oh, what dear daughter would--'neath the sun--would treat her father so?",0
"any day now, any day now, i shall be released.",0
"and the other starts slipping and the feeling is gone,",0
"no, i have heard nothing about the man that you seek, angelina,",1
"hold your bad-luck hand, babe, hold your bad-luck hand,",0
with all these promises you left for me.,0
suddenly i'm like crawled up in my side,0
"you got something to say, speak or hold your peace,",0
and place them at the feet of a harlot.,0
you don't have to worry any more.,0
"baby, can i come home with you?",0
"and they're waiting for spring to come, smoking down the track.",0
"all that's gold wasn't meant to shine,",0
"saying, ""take good care of your daddy while i'm gone",0
"someone there in the shadows, someone that i might've missed?",0
"when he healed the blind and crippled, did they see?",0
don't even remember what her lips felt like on mine,0
that's the way i remember her best.,0
just like so many times before.,0
"but darting fumes and making haste, it ain't my cup of meat.",0
"my weariness amazes me, i'm branded on my feet,",0
"silvio, i gotta go",0
"stay in my kitchen, have a [unintelligible], have a picnic in my bathroom.",0
"got to start some place, baby. can you explain?",0
"the holy one called jesus christ,",0
"turn, turn, turn again -",0
all lies and jest;,0
"just remember that death is not the end,",-1
i'd gladly confess,0
"high water rising, the shacks are sliding down,",0
"any day now, any day now, i shall be released.",0
you're a big girl all the way.,0
"my weariness amazes me, i'm branded on my feet,",0
i can't help it if i'm lucky.,0
there's nothing you can say or do,0
"and a piece of an old ship that lies on the shore,",0
but i forgot more than you'll ever know about her.,0
"it was raining from the first and i was dying there of thirst, so i came in here",0
"she said, ""welcome to the land of the living dead"",",0
she once was a true love of mine.,1
"with no direction home,",0
of your useless and pointless knowledge.,0
the enemy is subtle: how be it we're deceived,0
"you give me something to think about, baby, every time i see you.",0
"if i'm a fool, you can have the night - you can have the morning, too.",0
"believe me, it ain't no fun, lord, lord,",0
you could make me cry if you don't know.,-1
stayed in mississippi a day too long.,0
the number one contender for the middleweight crown,0
"businessmen, they drink my wine, plowmen dig my earth,",0
and the cards are no good that you're holding,0
"come on, baby, give our love a try, let's stick together,",1
leave at your own chosen speed.,0
"and it's a hard, it's a hard, it's a hard, and it's a hard,",0
"i said, ""where we going?"" he said we'd be back by the fourth.",0
"""i know my waist is slender and my fingers, they are small,",0
i will only let you down.,0
"some people, they ain't human, they got no heart or soul.",0
then the padre will recite the prayers of old,0
you used to laugh about,0
"i could make you happy, make your dreams come true,",1
"ruby was in the backyard hanging clothes, she had her red hair tied back,",0
for he that gets hurt will be he who has stalled.,0
"fools, they made a mock of sin,",0
"the snow is so cold, but our love can be bold, winterlude, this dude thinks you're fine.",1
but everybody wants you to be just like them.,0
"bird on the horizon sitting on a fence,",0
"i know i'm 'round you, but i don't know where.",0
i'm longing for that sweet fat that sticks to your ribs.,0
is what this thing here is for.,0
i'm ready for to fade,0
"when things go wrong, so wrong with you,",-1
"hey, mr. tambourine man, play a song for me,",0
"they're full of cheating, misery, low-down lies.",0
"he saw an animal that liked to snort, horns on his head and they weren't too short,",0
"well, the book of leviticus and deuteronomy,",0
but i can't remember why i was in it or what part i was supposed to play.,0
how does it feel?,0
"the sky too is folding over you,",0
"where hunger is ugly, where the souls are forgotten,",0
watch them jugs a-filling in the pale moonlight.,1
"you know i won't be next to you, you know i won't be near,",0
with the lunch bucket filled every season.,0
foundationed deep somehow.,0
all that foreign oil - american soil -,0
"kick my legs to crash it off,",0
"hey, mr. tambourine man, play a song for me,",0
when a trusty shillelagh came over their head and bid them take that as fair warning.,0
"there is nothing to prove, everything still is the same.",0
before they're forever banned?,0
"when the bottle gets empty, it sure ain't worth a damn.",0
"you made it there somehow,",0
"the summer is gone, the ground's turning cold.",0
"it ain't me you're looking for, babe.",0
"oh, angelina,",1
"feel like falling in love with the first woman i meet,",1
"oh, mama, can this really be the end -",0
"people are crazy, times are strange,",0
"don't even hear a murmur of a prayer,",0
"when you played your cards with willie, you never really knew",0
"or disgrace you or displace you,",0
i got nothing but affection for all those who've sailed with me.,0
past a place called hyde park where people talk,0
you can fall down on your knees,0
"yes, i'm one too many mornings and a thousand miles behind.",0
"i was thinking about turquoise, i was thinking about gold,",0
"i went into the red, went into the black,",0
before he can see the sky?,0
"to a solid rock,",0
"no one doubted that he pulled the trigger,",0
"preacher was a-talking, there's a sermon he gave,",0
"down over the window come the dazzling, sunlit rays",0
just then the whole kitchen exploded from boiling fat.,0
"you know i love you and, furthermore,",1
"everybody's in despair, every girl and boy.",0
"oh, how does it feel",0
"where black is the color, where none is the number,",0
"it's not dark yet, but it's getting there.",-1
"like a complete unknown,",0
"on a night like this i can't get any sleep,",0
"maybe someday you'll be satisfied,",0
"no, no, no, it ain't me, babe,",0
"once upon a time you dressed so fine,",0
don't even have anything for myself anymore.,0
"you may be somebody's landlord, you may even own banks,",0
"god bless them pretty women, i wish they was mine,",0
reality has always had too many heads.,0
"""oh, son, you look so fine, i'm glad you're a son of mine,",0
looking for my lo and behold!,0
who carried on his shoulder a siamese cat.,0
"there's a lawman on your trail like to surround you,",0
"and every one of them words rang true and glowed like burning coal,",0
"arthur dexter bradley said, ""i'm really not sure.""",0
"you're blowing down the shaky street,",0
"leaving men wholly, totally free",0
what's wrong with you this time?,-1
"well, i been mistreated and i swear i don't mind dying.",0
"with faces hidden as the walls were tightening,",0
"oh, so why not you and me?",0
"i ain't looking to block you up,",0
everything was exactly the way that it seems.,0
i long to reach for you in the night.,0
are you ready?,0
the fortune-telling lady has even taken all her things inside.,0
all along the watchtower princes kept the view,0
"but me, i expected it to happen, i knew he'd lost control",0
"for the misdemeanor outlaw, chained and cheated by pursuit,",0
that the one road we traveled would ever shatter or split.,0
"come all without, come all within,",0
"it's not dark yet, but it's getting there.",-1
"ten thousand men on the move,",0
for the loser now will be later to win,0
"oh, oh, oh, jokerman.",0
nobody has to guess that a-baby can't be blessed,0
go lightly on the ground.,1
"over the hills and far away,",0
nobody's ever taught you how to live out on the street,0
see him at play makes me smile.,1
"shut the light, shut the shade.",1
"and pray to the lord, pretty mama,",0
"she said, ""boy, without a doubt, gotta quit your mess and straighten out,",0
think you'd like to play ball with the law?,0
i can't see through it anymore.,0
"""i was only robbing the register, i hope you understand!",0
just like a rolling stone?,0
"don't turn away, you'll create sorrow.",0
"doing ninety miles an hour down a dead-end street,",0
"one day the little boy and the little girl were both baked in a pie,",0
the only thing we knew for sure about henry porter,0
"""it's only you that he does crave",0
"knock--knock--knocking on heaven's door,",0
"and a drunken man is at the wheel,",0
"oh, i miss that woman so, i didn't mean to see her go,",0
"bullet holes and rifles in their cases,",0
"he's had twenty-seven children, yet he's never had a wife.",0
"well, i'm hanging on",0
so i ran down most hurriedly,0
don't it always go to show,0
on the jugglers and the clowns when they all did tricks for you.,0
"i went down to scrub and rub,",0
"come all without, come all within,",0
"get the loot, don't be slow, we're gonna catch a trout!",0
"agarrame, mi vida, soon the desert will be gone,",0
"they say every man must fall,",0
i just want you to know i can a-see through your mask.,0
"for the wild, unknown country where i could not go wrong.",-1
"the wind knocks my window, the room, it is wet.",0
"we live in a political world,",0
"if'n you don't know by now,",0
"i wouldn't pay it any mind,",0
"all for a moment's glory and it's a dirty, rotten shame.",0
"bring the whole kids."" yippee!",0
"i was thinking about diamonds and the world's biggest necklace,",0
"someone to close his eyes for you,",0
"my ears are ringing, ringing like empty shells,",0
'cept pat me on the back one time when i was on my knee.,0
got a shock from my feet that hit my brain.,0
and so patty calls the cops,0
"and, though the rules of the road have been lodged,",0
"so i'll just say ""fare thee well"".",0
"bow down to her on sunday, salute her when her birthday comes,",0
who's gonna let it roll?,0
you say you're looking for someone,0
"the boiler busted and the whistler squalled,",0
"baby, let me follow you down,",0
"somebody got murdered on new year's eve,",0
"i'm drifting in and out of dreamless sleep,",0
"brownsville girl, you're my honey, love.",1
"and say, ""do you want to make a deal?""",0
"west of the jordan, east of the rock of gibraltar,",0
why and what's the reason for?,0
"flashing for the warriors whose strength is not to fight,",0
"my existence led by confusion boats,",0
"and your long-time curse hurts, but what's worse is this pain in here.",-1
he's only a pawn in their game.,0
then they'll stone you when you're there all alone.,0
"i know i love her, yeah, i love her,",1
and you'll give it to me now or i'll take it anyhow,0
and they arrive on the scene with their red lights flashing in the hot new jersey night.,1
"people going down to the ground,",0
"heartbreaker, backbreaker,",0
think you'd like to play ball with the law?,0
"yes, you are, you're gonna have to serve somebody:",0
"i helped her out of a jam, i guess, but i used a little too much force.",0
"i ain't gonna work for maggie's brother no more,",0
"in paterson, that's just the way things go:",0
and ask me to open up the gate for you.,0
"you say you love me and you're thinking of me, but you know you could be wrong,",1
"the foreign sun, it squints upon",0
"oh, babe, truer words have not been spoken or broken.",0
"now, it don't seem to me quite so funny",0
"like a complete unknown,",0
"all under strong delusion, all of their beds're unmade.",0
"exchanging all precious gifts,",0
"you close your eyes and part your lips and slip your fingers from your glove,",1
who's a-gonna walk you side by side? who's a-gonna be your man?,0
"though i know that evening's empire has returned into sand,",0
i always thought that he was well.,0
"everybody says you're using voodoo, i've seen your feet walk by themselves,",0
"my love winks, she doesn't bother,",1
"take or shake or forsake you out,",0
"city's just a jungle, more games to play,",0
when you go your way and i go mine.,0
"if i didn't leave you, i would have to kill you dead.",-1
"summer's almost gone, winter's coming on,",0
"the country doctor rambles,",0
"well, come all without, come all within,",0
to a half a day's shift with no reason.,0
"i just kept looking at the side of her face in the spotlight so clear,",1
"sweet melinda, the peasants call her the ""goddess of gloom"",",0
"i and i, in creation where one's a-nature neither honors, nor forgives.",0
"don't the brakeman look good, baby, flagging down the double e?",0
"bald wig for jack the ripper, who sits",0
"you don't want me, give my money back.",0
"father of grain, father of wheat,",0
but you're gonna have to serve somebody.,0
"i bless the day i found you,",0
"with the mystery tramp, but now you realize",0
how can the life of such a man,0
and one day he came passing by.,0
"it might be the devil, it might be the lord,",0
"they're doing the double shuffle, they're throwing sand on the floor,",0
until he came up to the spot where judas priest did stand.,0
"they may call you ""doctor"" or they may call you ""chief"",",0
"oh, sister, when i come to knock on your door,",0
to protect you and defend you,0
"to think his niece would be a bride, uh-huh.",0
"something is burning, baby, are you aware?",0
"will there be any comfort there, senor?",0
"and them caribbean winds still blow from nassau to mexico,",0
"a pink hotel, a boutique, and a swinging, hot spot.",0
"don't you remember me, babe?  i remember you quite well,",0
it ain't quite the end.,0
"i ain't gonna work on maggie's farm no more,",0
"i wish tonight were here,",0
ever meet your accusers face-to-face in the rain?,0
but you're not even sure what it is.,0
"what do you mean you can't? of course you can.""",0
there ain't nothing wrong in that.,-1
"the line, it is drawn, the curse, it is cast,",0
"i went down to the lobby to make a small call out,",0
have a-fallen from her curls.,0
"well, i'm lost somewhere, i must've made a few bad turns.",0
how long can i stay drunk on fear out in the wilderness?,0
i'd lie in my bed once again.,0
"you're invisible now, you got no secrets to conceal.",0
"sometimes i turn, there's someone there, other times it's only me.",0
"hey, hey, babe, i got blood in my eyes for you,",-1
"give to me your lily-white hand and we'll go home together,",0
"lord, i'm sitting on top of the world.",0
"under the microscope,",0
"there was an old man and he lived in the moon,",0
"she's delicate, she seems like the mirror,",0
"samantha brown lived in my house for about four or five months,",0
"puffing on a big cigar,",0
"been shooting craps and gambling, mama, and i done got broke,",0
"well, the long winter's wait from the window i watched.",0
"don't know which is worse - doing your own thing or being cool,",0
at a baltimore hotel society gathering,0
"the tune that is yours and mine to play upon this earth,",0
"i'm ready to go anywhere,",0
"you know, it's funny how things never turn out the way you had 'em planned.",0
he traveled a-with a gun in every hand.,0
father who turneth the rivers and streams.,0
"well, meet me, jesus, meet me,",0
"i have dined with kings, i've been offered wings,",0
"in the days of old when we dug up the gold, how ofttimes i repine,",0
"you know, if you didn't wanna be with me, that you didn't have to stay.",0
"but there's one promise, darling:",0
"oh, what is the charge of how this came to be? -",0
but he sure was funny and he sure told the truth and he knew what he was talking about.,0
"woke up this morning and i looked at the same old page,",0
"the trailing moss and mystic glow, the purple blossoms soft as snow,",0
"now, i'm all used up and the fields've turned brown.",0
"you're going to sodom and gomorrah,",0
on her twenty-second birthday she already is an old maid.,0
"so long, new york!",0
"yes, the ocean took my baby,",0
"i'm not the one you want, babe,",0
"and it ain't no use in turning on your light, babe -",1
but the poor white man's used in the hands of them all like a tool.,0
something there is about you that strikes a match in me -,0
"well, i'm bound to get lucky, baby,",0
and the cards are no good that you're holding,0
off the golden gate bridge into china bay.,0
on the rising curve,0
"but to think of how she left that night it still brings me a chill,",0
"i got a craving love for blazing speed, got a hopped-up mustang ford,",1
"you ain't gonna cross the line, i guess it must be up to me.",0
"""and light on my right knee.",1
"i don't need much, that ain't no lie - ain't running any race!",0
but i wouldn't feel too all alone,0
"to do anything they wish to do, but die.",0
i'm in love with the ugliest girl in the world.,1
everybody must get stoned.,0
what good are you anyway if you can't stand up to some old businessman?,0
"your wife's screams're stabbing you like the dirty, driving rain.",0
"i'm in the kitchen with the tombstone blues - oh, well!",0
"i gave him my blanket and he gave me his word,",0
"pouring off of every page like it was written in my soul, from me to you,",0
"and that three eyes cannot see him,",0
play that guitar now!,0
"while other poor fellows go dirty and mean and sup on thin gruel in the morning.""",0
it's a hard rain's gonna fall.,0
one evening for pleasure i rambled to view the fair fields all alone,0
"as the daylight hours do increase,",1
"honey, just allow me one more chance, i'll do anything for you.",0
and you must realize the danger.,0
"and you're tired trying to get out of - of situations,",0
"resent him to the bone,",0
"someone got a hold of my heart,",0
"yes, i wish that for just one time you could stand inside my shoes,",0
"""come in,"" she said, ""i'll give you shelter from the storm.""",0
"you should not treat me like a stranger,",0
"persecution, execution, governments outta control,",0
like a rolling stone?,0
"but then they took him to the jailhouse, where they try to turn a man into a mouse.",0
"got nothing here to live or die for, except you, yeah, you.",0
"dear landlord, please don't put a price on my soul.",0
"jokerman, dance to the nightingale tune,",0
but you're gonna have to serve somebody.,0
now i'm trying to get to heaven before they close the door.,0
"say anything you wanna, i have heard it all.",0
"well, judas, he just winked and said, ""alright, i'll leave you here.",0
they overtook me down in jericho.,0
"handy-dandy, just like sugar and candy,",0
"but it would not be new,",0
he never had enough money to pay his room or board,0
"and didn't even talk to the people at the table,",0
"once upon a time you dressed so fine,",0
"when your rooster crows at the break of dawn,",0
"ah, but i was so much older then,",0
"with rich, wealthy parents who provide and protect him",0
i'm going back to new orleans to wear that ball and chain.,0
"grandpa died last week and now he's buried in the rocks,",0
"i don't mean to say that she got nothing going,",0
"come, writers and critics who prophesize with your pen,",0
"see somebody naked, you say, ""who's that man?""",0
"tweedle dum and tweedle dee,",0
"but you could tell she was so broken-hearted,",0
and the bright light of salvation shines in dark and empty skies.,1
step lightly on the ground.,1
i could offer you a warm embrace to make you feel my love.,1
you'll not see nothing like the mighty quinn!,0
"come, now, sweet cream, don't forget to flash,",0
"well, he rode all night till the broad daylight till he came to a river raging",1
"yes, you're gonna have to serve somebody:",0
"judgment on them is something that you'll never see,",0
"well, we all got on, what do you think?",0
"who will promise never to part,",0
ten by ten they drank it again.,0
the truth that i'm seeking is in your missing file.,0
who says she knows me well.,0
the engine gave a crack and the whistle gave a squall.,0
"well, i'll do anything in this god-almighty world",0
"though i know that evening's empire has returned into sand,",0
everything inside is made of stone.,0
"i ain't afraid of confusion no matter how thick,",0
"yes, and someone must explain",0
and tells me of her dreams,0
"sara, oh, sara, loving you is one thing i'll never regret.",0
"and, anyway, i'm not alone.",0
"under that apple suckling tree, oh, yeah!",0
i'll show them to you and you'll see them shine.,0
"toiling in the danger, in the morals of despair.",0
i took some comfort there.,0
they're still talking about that card game on that jackson queen.,0
"come, writers and critics who prophesize with your pen,",0
"then, she says, ""you don't read women authors, do you?"" at least that's what i think i hear her say.",0
"and there's no use in trying to deal with the dying, though i cannot explain that in lines.",0
"she was fifty-one years old and gave birth to ten children,",0
"but darting fumes and making haste, it ain't my cup of meat.",0
you'll not see nothing like the mighty quinn!,0
"well, the ghost of belle starr, she hand down her wits",0
"well, i cried for you, now it's your turn, you can cry a while.",-1
hmm.,0
"no llores, mi querida, dios nos vigila,",0
"leading me, going home.",0
"dear landlord, please heed these words that i speak.",0
"hey, mr. tambourine man, play a song for me,",0
"""i am leaving, i am leaving!""",0
"""how good-how good does it feel to be free?""",0
i'm down on my knees and i ain't got a dime.,0
"you may call me anything, don't matter what you say,",0
"well, the captain, he is dead, our captain, he is dead,",0
"ah, you fake just like a woman - yes, you do!",0
"cast down from heaven and he's out of his head,",0
he's sure got a lot of gall,0
"quinn the eskimo gets here, everybody's gonna wanna doze.",0
"it ain't me you're looking for, babe.",0
whatever you wanted slipped out of my mind.,-1
nobody's ever taught you how to live out on the street,0
don't you understand it's not my problem?,0
"you need a fast-flying train on a tornado track,",0
trying to get to heaven before they close the door.,0
where she was born on midsummer's eve near the tower.,0
"man says, ""three dollars."" ""alright,"" i say, ""will you take four?""",0
you're gonna get hit,0
bring that bottle over here.,0
now you don't act so--so proud,0
everything that i dreamed of to get a start in life's game.,0
said tweedle dum to tweedle dee.,0
like all tough sailors do when they're far away at sea.,0
